#
# A fatal error has been detected by the Java Runtime Environment:
#
#  EXCEPTION_ACCESS_VIOLATION (0xc0000005) at pc=0x00007ffc05291fa2, pid=9692, tid=37724
#
# JRE version: OpenJDK Runtime Environment (25.0.3) (build 25.0.3+-15898627-b508.16)
# Java VM: OpenJDK 64-Bit Server VM (25.0.3+-15898627-b508.16, mixed mode, tiered, compressed oops, compressed class ptrs, g1 gc, windows-amd64)
# Problematic frame:
# V  [jvm.dll+0x811fa2]
#
# No core dump will be written. Minidumps are not enabled by default on client versions of Windows
#
# If you would like to submit a bug report, please visit:
#   https://youtrack.jetbrains.com/issues/JBR
#

---------------  S U M M A R Y ------------

Command Line: --add-opens=java.base/java.lang=ALL-UNNAMED --add-opens=java.base/java.lang.invoke=ALL-UNNAMED --add-opens=java.base/java.util=ALL-UNNAMED --add-opens=java.prefs/java.util.prefs=ALL-UNNAMED --add-exports=jdk.compiler/com.sun.tools.javac.api=ALL-UNNAMED --add-exports=jdk.compiler/com.sun.tools.javac.util=ALL-UNNAMED --add-opens=java.base/java.nio.charset=ALL-UNNAMED --add-opens=java.base/java.net=ALL-UNNAMED --add-opens=java.base/java.util.concurrent=ALL-UNNAMED --add-opens=java.base/java.util.concurrent.atomic=ALL-UNNAMED --add-opens=java.xml/javax.xml.namespace=ALL-UNNAMED --add-opens=java.base/java.time=ALL-UNNAMED --enable-native-access=ALL-UNNAMED -Xmx2048m -Dfile.encoding=UTF-8 -Duser.country=CN -Duser.language=zh -Duser.variant -javaagent:C:\Users\Jackson\.gradle\wrapper\dists\gradle-9.6.0-bin\42k10rwplmzkhuboz9kdazi7s\gradle-9.6.0\lib\agents\gradle-instrumentation-agent-9.6.0.jar org.gradle.launcher.daemon.bootstrap.GradleDaemon 9.6.0

Host: Intel(R) Core(TM) i9-14900HX, 32 cores, 31G,  Windows 11 , 64 bit Build 26100 (10.0.26100.8875)
Time: Wed Sep 16 19:20:24 2026 elapsed time: 15953.800147 seconds (0d 4h 25m 53s)

---------------  T H R E A D  ---------------

Current thread (0x000001c2e2d4c810):  JavaThread "C2 CompilerThread3" daemon [_thread_in_native, id=37724, stack(0x0000001d22300000,0x0000001d22400000) (1024K)]


Current CompileTask:
C2:15953800 84853       4       org.gradle.tooling.internal.adapter.ProtocolToModelAdapter$PropertyCachingMethodInvoker::invoke (110 bytes)

Stack: [0x0000001d22300000,0x0000001d22400000],  sp=0x0000001d223fc4d8,  free space=1009k
Native frames: (J=compiled Java code, j=interpreted, Vv=VM code, C=native code)
V  [jvm.dll+0x811fa2]  (no source info available)


siginfo: EXCEPTION_ACCESS_VIOLATION (0xc0000005), data execution prevention violation at address 0x00007ffc15299fa2


Registers:
RAX=0x000000000000000a, RBX=0x0000000000000000, RCX=0x0000c00000000000, RDX=0x0000000000000048
RSP=0x0000001d223fc4d8, RBP=0x0000001d223fc5e0, RSI=0x0000000000000000, RDI=0x000001c29d05c250
R8 =0x0000c00000000000, R9 =0x000001c29d05c288, R10=0x0000000000000009, R11=0x00007ffc057dcd10
R12=0x0000000000000000, R13=0x0000000000000000, R14=0x0000000000000000, R15=0x0000000000000000
RIP=0x00007ffc05291fa2, EFLAGS=0x0000000000010206

XMM[0]=0x0000000000000000 0x4079ae276b66220f
XMM[1]=0x0000000000000000 0x0000000000000000
XMM[2]=0x0000000000000000 0x0000000000000000
XMM[3]=0x000001c285e79f08 0x000001c2e011f1b0
XMM[4]=0x000001c285e7aa60 0x000001c285e7a910
XMM[5]=0xffffffffffffffff 0xffffffffffffffff
XMM[6]=0x0000000000000000 0x3e9dc0828335a2b6
XMM[7]=0x0000000000000000 0x0000000000000000
XMM[8]=0x0000000000000000 0x0000000000000000
XMM[9]=0x0000000000000000 0x0000000000000000
XMM[10]=0x0000000000000000 0x0000000000000000
XMM[11]=0x0000000000000000 0x0000000000000000
XMM[12]=0x0000000000000000 0x0000000000000000
XMM[13]=0x0000000000000000 0x0000000000000000
XMM[14]=0x0000000000000000 0x0000000000000000
XMM[15]=0x0000000000000000 0x0000000000000000
  MXCSR=0x00001fb2


Register to memory mapping:

RAX=0x000000000000000a is an unknown value
RBX=0x0 is null
RCX=0x0000c00000000000 is an unknown value
RDX=0x0000000000000048 is an unknown value
RSP=0x0000001d223fc4d8 is pointing into the stack for thread: 0x000001c2e2d4c810
RBP=0x0000001d223fc5e0 is pointing into the stack for thread: 0x000001c2e2d4c810
RSI=0x0 is null
RDI=0x000001c29d05c250 points into unknown readable memory: 0x3ff00009a327c95b | 5b c9 27 a3 09 00 f0 3f
R8 =0x0000c00000000000 is an unknown value
R9 =0x000001c29d05c288 points into unknown readable memory: 0x0000000000000000 | 00 00 00 00 00 00 00 00
R10=0x0000000000000009 is an unknown value
R11=0x00007ffc057dcd10 jvm.dll
R12=0x0 is null
R13=0x0 is null
R14=0x0 is null
R15=0x0 is null

Top of Stack: (sp=0x0000001d223fc4d8)
0x0000001d223fc4d8:   00007ffc04edd0ce 0000000000000003   ................
0x0000001d223fc4e8:   0000000000000001 0000000000000000   ................
0x0000001d223fc4f8:   0000000000000001 0000000000000000   ................
0x0000001d223fc508:   0000001d223fc528 0000001d223fc540   (.?"....@.?"....
0x0000001d223fc518:   00007ffc057ce140 000001c200000002   @.|.............
0x0000001d223fc528:   0000000300000000 0000000d00000000   ................
0x0000001d223fc538:   00007ffd00000000 0000000300000000   ................
0x0000001d223fc548:   0000000e00000000 00007ffc00000000   ................
0x0000001d223fc558:   000001c100000c9c 00007ffc00000003   ................
0x0000001d223fc568:   000001c296a268e0 0000000000000000   .h..............
0x0000001d223fc578:   0000000100000003 0000001000000001   ................
0x0000001d223fc588:   000001c29a00f480 000001c29081ade8   ................
0x0000001d223fc598:   0000001d223fc5a0 0000001000000007   ..?"............
0x0000001d223fc5a8:   000001c29081ade8 0000001d223fc689   ..........?"....
0x0000001d223fc5b8:   0000000000000000 000001c2905d6f60   ........`o].....
0x0000001d223fc5c8:   000001c28f349e70 0000000000000013   p.4.............
0x0000001d223fc5d8:   00007ffc05131b7c 0000000000000000   |...............
0x0000001d223fc5e8:   0000001d223fc689 0000000000000000   ..?"............
0x0000001d223fc5f8:   0000000000000000 0000001d223fcc20   ........ .?"....
0x0000001d223fc608:   00007ffc05236caf 0000001d223fc6a0   .l#.......?"....
0x0000001d223fc618:   00007ffc00000008 000001c29a7f7ad0   .........z......
0x0000001d223fc628:   0000001d223fcb20 000001c200000014    .?"............
0x0000001d223fc638:   0000001d223fc720 00000504f249235f    .?"...._#I.....
0x0000001d223fc648:   00000000000004f0 000001c29a7f0000   ................
0x0000001d223fc658:   0000000000000000 0000001d223fdfe0   ..........?"....
0x0000001d223fc668:   00007ffc04d57400 000001c28f351e60   .t......`.5.....
0x0000001d223fc678:   00007ffc05623298 0000000000000000   .2b.............
0x0000001d223fc688:   0000001d223fdfe0 0000000000000000   ..?"............
0x0000001d223fc698:   0000000000000000 0000000000000000   ................
0x0000001d223fc6a8:   0000000000000000 000001c2fc089490   ................
0x0000001d223fc6b8:   00000000000003d8 000001c2fc089880   ................
0x0000001d223fc6c8:   0000001d223fcc20 000001c2fc0894a8    .?"............

Instructions: (pc=0x00007ffc05291fa2)
  0x00007ffc05291ea2:   c0 49 23 c1 48 83 ea 01 75 f4 48 8b c8 48 d1 e9
  0x00007ffc05291eb2:   48 0b c1 41 83 f8 02 76 2a 48 8b c8 48 c1 e9 02
  0x00007ffc05291ec2:   48 0b c1 41 83 f8 04 76 1a 48 8b c8 48 c1 e9 04
  0x00007ffc05291ed2:   48 0b c1 41 83 f8 08 76 0a 48 8b c8 48 c1 e9 08
  0x00007ffc05291ee2:   48 0b c1 41 ff c2 48 89 03 45 3b 53 64 76 8f 48
  0x00007ffc05291ef2:   8b 5c 24 10 48 8b 3c 24 48 83 c4 08 c3 cc 8b 41
  0x00007ffc05291f02:   60 44 8b 51 64 41 3b c2 77 16 0f 1f 40 00 8b d0
  0x00007ffc05291f12:   4c 8b 0c d1 4d 85 c9 75 0d ff c0 41 3b c2 76 ee
  0x00007ffc05291f22:   b8 ff ff ff ff c3 c1 e0 06 ff c8 49 0f bc c9 03
  0x00007ffc05291f32:   c1 41 03 c0 c3 cc cc cc cc cc cc cc cc cc 48 83
  0x00007ffc05291f42:   79 58 00 4c 8b c9 7c 58 44 8b 15 23 ae 54 00 44
  0x00007ffc05291f52:   39 51 64 8b 05 15 ae 54 00 44 0f 42 51 64 45 33
  0x00007ffc05291f62:   c0 39 41 60 0f 47 41 60 41 3b c2 77 30 4c 8d 1d
  0x00007ffc05291f72:   9a ad 54 00 66 66 0f 1f 84 00 00 00 00 00 48 8d
  0x00007ffc05291f82:   14 c5 00 00 00 00 ff c0 4a 8b 0c 1a 4a 23 0c 0a
  0x00007ffc05291f92:   4c 0b c1 41 3b c2 76 e6 4d 85 c0 75 03 b0 01 c3
=>0x00007ffc05291fa2:   32 c0 c3 cc cc cc cc cc cc cc cc cc cc cc 44 8b
  0x00007ffc05291fb2:   41 60 4c 8b c9 44 8b 51 64 45 3b c2 77 49 49 bb
  0x00007ffc05291fc2:   55 55 55 55 55 55 55 55 66 0f 1f 44 00 00 41 8b
  0x00007ffc05291fd2:   c0 49 8b 04 c1 48 85 c0 74 25 0f 1f 40 00 48 0f
  0x00007ffc05291fe2:   bc c8 ba 01 00 00 00 48 d3 e2 49 85 d3 74 1b 48
  0x00007ffc05291ff2:   2b c2 48 03 d2 48 85 d0 74 10 48 2b c2 75 df 41
  0x00007ffc05292002:   ff c0 45 3b c2 76 c7 b0 01 c3 32 c0 c3 cc 48 83
  0x00007ffc05292012:   79 58 00 4c 8b c9 7c 28 8b 41 60 44 8b 41 64 41
  0x00007ffc05292022:   3b c0 77 1c 66 66 0f 1f 84 00 00 00 00 00 8b d0
  0x00007ffc05292032:   4c 8b 14 d1 4d 85 d2 75 0a ff c0 41 3b c0 76 ee
  0x00007ffc05292042:   32 c0 c3 49 8d 4a ff 49 85 ca 75 f4 ff c0 41 3b
  0x00007ffc05292052:   c0 77 0e 49 83 3c c1 00 75 e6 ff c0 41 3b c0 76
  0x00007ffc05292062:   f2 b0 01 c3 cc cc cc cc cc cc cc cc cc cc 48 89
  0x00007ffc05292072:   5c 24 08 57 48 83 ec 20 8d 42 f8 48 8b d9 83 f8
  0x00007ffc05292082:   05 0f 86 e1 00 00 00 48 83 79 58 00 0f 8c 96 00
  0x00007ffc05292092:   00 00 8b 51 60 8b 49 64 3b d1 0f 87 90 01 00 00


Stack slot to memory mapping:

stack at sp + 0 slots: 0x00007ffc04edd0ce jvm.dll
stack at sp + 1 slots: 0x0000000000000003 is an unknown value
stack at sp + 2 slots: 0x0000000000000001 is an unknown value
stack at sp + 3 slots: 0x0 is null
stack at sp + 4 slots: 0x0000000000000001 is an unknown value
stack at sp + 5 slots: 0x0 is null
stack at sp + 6 slots: 0x0000001d223fc528 is pointing into the stack for thread: 0x000001c2e2d4c810
stack at sp + 7 slots: 0x0000001d223fc540 is pointing into the stack for thread: 0x000001c2e2d4c810

Lock stack of current Java thread (top to bottom):


---------------  P R O C E S S  ---------------

Threads class SMR info:
_java_thread_list=0x000001c2fc4c63c0, length=62, elements={
0x000001c2c0e5e1e0, 0x000001c2db6decf0, 0x000001c2db6efee0, 0x000001c2db6f1ab0,
0x000001c2db6fb620, 0x000001c2db6fc1e0, 0x000001c2db6fcda0, 0x000001c2db6f2a70,
0x000001c2db6f9980, 0x000001c2db755890, 0x000001c2e010cbe0, 0x000001c2e1b3c1e0,
0x000001c2e2c00fa0, 0x000001c2e2d2ee10, 0x000001c2e2bb88b0, 0x000001c2e300fdd0,
0x000001c2e3010d70, 0x000001c2e596d8b0, 0x000001c2e596b970, 0x000001c2e596a200,
0x000001c2e596ffc0, 0x000001c2e596e080, 0x000001c2e596e850, 0x000001c2e5970f60,
0x000001c2e596f7f0, 0x000001c2e5b3ec70, 0x000001c2e5b403e0, 0x000001c2e5b41380,
0x000001c2e5b42320, 0x000001c2e5b3f440, 0x000001c2e5b461a0, 0x000001c2e5b44260,
0x000001c2e5b459d0, 0x000001c2e5b44a30, 0x000001c2e5b45200, 0x000001c2e3ecc5a0,
0x000001c2e3ecae30, 0x000001c2e3eca660, 0x000001c2e3ececb0, 0x000001c2e3ecfc50,
0x000001c2e3ed13c0, 0x000001c2e3ed0420, 0x000001c2e3c29ee0, 0x000001c2e3c2ae80,
0x000001c2e3c2c5f0, 0x000001c2e3c2e530, 0x000001c2e3c2ed00, 0x000001c2e3c2dd60,
0x000001c2e3058510, 0x000001c2e30594b0, 0x000001c2e305cb60, 0x000001c2e4651740,
0x000001c2e3057d40, 0x000001c2e6381160, 0x000001c2e1e106a0, 0x000001c2e05eb130,
0x000001c2e05ed070, 0x000001c2fda84590, 0x000001c2fda83570, 0x000001c2e1978970,
0x000001c2e6c826f0, 0x000001c2e2d4c810
}

Java Threads: ( => current thread )
  0x000001c2c0e5e1e0 JavaThread "main"                              [_thread_blocked, id=38828, stack(0x0000001d17d00000,0x0000001d17e00000) (1024K)]
  0x000001c2db6decf0 JavaThread "Common-Cleaner"             daemon [_thread_blocked, id=28976, stack(0x0000001d18500000,0x0000001d18600000) (1024K)]
  0x000001c2db6efee0 JavaThread "Reference Handler"          daemon [_thread_blocked, id=18308, stack(0x0000001d18600000,0x0000001d18700000) (1024K)]
  0x000001c2db6f1ab0 JavaThread "Finalizer"                  daemon [_thread_blocked, id=12768, stack(0x0000001d18700000,0x0000001d18800000) (1024K)]
  0x000001c2db6fb620 JavaThread "Signal Dispatcher"          daemon [_thread_blocked, id=46112, stack(0x0000001d18800000,0x0000001d18900000) (1024K)]
  0x000001c2db6fc1e0 JavaThread "Attach Listener"            daemon [_thread_blocked, id=2108, stack(0x0000001d18900000,0x0000001d18a00000) (1024K)]
  0x000001c2db6fcda0 JavaThread "Service Thread"             daemon [_thread_blocked, id=23500, stack(0x0000001d18a00000,0x0000001d18b00000) (1024K)]
  0x000001c2db6f2a70 JavaThread "Monitor Deflation Thread"   daemon [_thread_blocked, id=21744, stack(0x0000001d18b00000,0x0000001d18c00000) (1024K)]
  0x000001c2db6f9980 JavaThread "C2 CompilerThread0"         daemon [_thread_blocked, id=4976, stack(0x0000001d18c00000,0x0000001d18d00000) (1024K)]
  0x000001c2db755890 JavaThread "C1 CompilerThread0"         daemon [_thread_blocked, id=35864, stack(0x0000001d18d00000,0x0000001d18e00000) (1024K)]
  0x000001c2e010cbe0 JavaThread "Notification Thread"        daemon [_thread_blocked, id=5000, stack(0x0000001d19200000,0x0000001d19300000) (1024K)]
  0x000001c2e1b3c1e0 JavaThread "Daemon health stats"               [_thread_blocked, id=9776, stack(0x0000001d19f00000,0x0000001d1a000000) (1024K)]
  0x000001c2e2c00fa0 JavaThread "Incoming local TCP Connector on port 9427"        [_thread_in_native, id=11156, stack(0x0000001d1a000000,0x0000001d1a100000) (1024K)]
  0x000001c2e2d2ee10 JavaThread "Daemon periodic checks"            [_thread_blocked, id=43136, stack(0x0000001d1a100000,0x0000001d1a200000) (1024K)]
  0x000001c2e2bb88b0 JavaThread "Cache worker for journal cache (C:\Users\Jackson\.gradle\caches\journal-1)"        [_thread_blocked, id=30080, stack(0x0000001d1b100000,0x0000001d1b200000) (1024K)]
  0x000001c2e300fdd0 JavaThread "File lock request listener"        [_thread_in_native, id=27340, stack(0x0000001d1b200000,0x0000001d1b300000) (1024K)]
  0x000001c2e3010d70 JavaThread "Cache worker for file hash cache (C:\Users\Jackson\.gradle\caches\9.6.0\fileHashes)"        [_thread_blocked, id=22088, stack(0x0000001d1b300000,0x0000001d1b400000) (1024K)]
  0x000001c2e596d8b0 JavaThread "File watcher server"        daemon [_thread_in_native, id=43392, stack(0x0000001d1c100000,0x0000001d1c200000) (1024K)]
  0x000001c2e596b970 JavaThread "File watcher consumer"      daemon [_thread_blocked, id=44424, stack(0x0000001d1c200000,0x0000001d1c300000) (1024K)]
  0x000001c2e596a200 JavaThread "jar transforms"                    [_thread_blocked, id=40448, stack(0x0000001d1c300000,0x0000001d1c400000) (1024K)]
  0x000001c2e596ffc0 JavaThread "jar transforms Thread 2"           [_thread_blocked, id=5204, stack(0x0000001d1c400000,0x0000001d1c500000) (1024K)]
  0x000001c2e596e080 JavaThread "jar transforms Thread 3"           [_thread_blocked, id=21352, stack(0x0000001d1c500000,0x0000001d1c600000) (1024K)]
  0x000001c2e596e850 JavaThread "jar transforms Thread 4"           [_thread_blocked, id=35120, stack(0x0000001d1c600000,0x0000001d1c700000) (1024K)]
  0x000001c2e5970f60 JavaThread "jar transforms Thread 5"           [_thread_blocked, id=47396, stack(0x0000001d1c700000,0x0000001d1c800000) (1024K)]
  0x000001c2e596f7f0 JavaThread "jar transforms Thread 6"           [_thread_blocked, id=43448, stack(0x0000001d1c800000,0x0000001d1c900000) (1024K)]
  0x000001c2e5b3ec70 JavaThread "jar transforms Thread 7"           [_thread_blocked, id=41720, stack(0x0000001d1c900000,0x0000001d1ca00000) (1024K)]
  0x000001c2e5b403e0 JavaThread "jar transforms Thread 8"           [_thread_blocked, id=13816, stack(0x0000001d1ca00000,0x0000001d1cb00000) (1024K)]
  0x000001c2e5b41380 JavaThread "jar transforms Thread 9"           [_thread_blocked, id=22792, stack(0x0000001d1cb00000,0x0000001d1cc00000) (1024K)]
  0x000001c2e5b42320 JavaThread "jar transforms Thread 10"          [_thread_blocked, id=19832, stack(0x0000001d1cc00000,0x0000001d1cd00000) (1024K)]
  0x000001c2e5b3f440 JavaThread "jar transforms Thread 11"          [_thread_blocked, id=21216, stack(0x0000001d1cd00000,0x0000001d1ce00000) (1024K)]
  0x000001c2e5b461a0 JavaThread "jar transforms Thread 12"          [_thread_blocked, id=33184, stack(0x0000001d1ce00000,0x0000001d1cf00000) (1024K)]
  0x000001c2e5b44260 JavaThread "jar transforms Thread 13"          [_thread_blocked, id=20144, stack(0x0000001d1cf00000,0x0000001d1d000000) (1024K)]
  0x000001c2e5b459d0 JavaThread "jar transforms Thread 14"          [_thread_blocked, id=30460, stack(0x0000001d1d000000,0x0000001d1d100000) (1024K)]
  0x000001c2e5b44a30 JavaThread "jar transforms Thread 15"          [_thread_blocked, id=4748, stack(0x0000001d1d100000,0x0000001d1d200000) (1024K)]
  0x000001c2e5b45200 JavaThread "jar transforms Thread 16"          [_thread_blocked, id=28380, stack(0x0000001d1d200000,0x0000001d1d300000) (1024K)]
  0x000001c2e3ecc5a0 JavaThread "jar transforms Thread 17"          [_thread_blocked, id=34532, stack(0x0000001d1d300000,0x0000001d1d400000) (1024K)]
  0x000001c2e3ecae30 JavaThread "jar transforms Thread 18"          [_thread_blocked, id=29820, stack(0x0000001d1d400000,0x0000001d1d500000) (1024K)]
  0x000001c2e3eca660 JavaThread "jar transforms Thread 19"          [_thread_blocked, id=24776, stack(0x0000001d1d500000,0x0000001d1d600000) (1024K)]
  0x000001c2e3ececb0 JavaThread "jar transforms Thread 20"          [_thread_blocked, id=45836, stack(0x0000001d1d600000,0x0000001d1d700000) (1024K)]
  0x000001c2e3ecfc50 JavaThread "jar transforms Thread 21"          [_thread_blocked, id=9176, stack(0x0000001d1d700000,0x0000001d1d800000) (1024K)]
  0x000001c2e3ed13c0 JavaThread "jar transforms Thread 22"          [_thread_blocked, id=44608, stack(0x0000001d1d800000,0x0000001d1d900000) (1024K)]
  0x000001c2e3ed0420 JavaThread "jar transforms Thread 23"          [_thread_blocked, id=16948, stack(0x0000001d1d900000,0x0000001d1da00000) (1024K)]
  0x000001c2e3c29ee0 JavaThread "jar transforms Thread 24"          [_thread_blocked, id=18916, stack(0x0000001d1da00000,0x0000001d1db00000) (1024K)]
  0x000001c2e3c2ae80 JavaThread "jar transforms Thread 25"          [_thread_blocked, id=44940, stack(0x0000001d1db00000,0x0000001d1dc00000) (1024K)]
  0x000001c2e3c2c5f0 JavaThread "jar transforms Thread 26"          [_thread_blocked, id=28364, stack(0x0000001d1dc00000,0x0000001d1dd00000) (1024K)]
  0x000001c2e3c2e530 JavaThread "jar transforms Thread 27"          [_thread_blocked, id=44168, stack(0x0000001d1dd00000,0x0000001d1de00000) (1024K)]
  0x000001c2e3c2ed00 JavaThread "jar transforms Thread 28"          [_thread_blocked, id=31404, stack(0x0000001d1de00000,0x0000001d1df00000) (1024K)]
  0x000001c2e3c2dd60 JavaThread "jar transforms Thread 29"          [_thread_blocked, id=46908, stack(0x0000001d1df00000,0x0000001d1e000000) (1024K)]
  0x000001c2e3058510 JavaThread "jar transforms Thread 30"          [_thread_blocked, id=44504, stack(0x0000001d1e000000,0x0000001d1e100000) (1024K)]
  0x000001c2e30594b0 JavaThread "Cache worker for file content cache (C:\Users\Jackson\.gradle\caches\9.6.0\fileContent)"        [_thread_blocked, id=31224, stack(0x0000001d1e100000,0x0000001d1e200000) (1024K)]
  0x000001c2e305cb60 JavaThread "jar transforms Thread 31"          [_thread_blocked, id=8724, stack(0x0000001d1e500000,0x0000001d1e600000) (1024K)]
  0x000001c2e4651740 JavaThread "jar transforms Thread 32"          [_thread_blocked, id=11412, stack(0x0000001d1e600000,0x0000001d1e700000) (1024K)]
  0x000001c2e3057d40 JavaThread "Memory manager"                    [_thread_blocked, id=42096, stack(0x0000001d20700000,0x0000001d20800000) (1024K)]
  0x000001c2e6381160 JavaThread "Cache worker for Java compile cache (C:\Users\Jackson\.gradle\caches\9.6.0\javaCompile)"        [_thread_blocked, id=17324, stack(0x0000001d24300000,0x0000001d24400000) (1024K)]
  0x000001c2e1e106a0 JavaThread "Daemon Thread 10"                  [_thread_blocked, id=18996, stack(0x0000001d17a00000,0x0000001d17b00000) (1024K)]
  0x000001c2e05eb130 JavaThread "Daemon worker Thread 9"            [_thread_blocked, id=35696, stack(0x0000001d18e00000,0x0000001d18f00000) (1024K)]
  0x000001c2e05ed070 JavaThread "VFS cleanup Thread 9"              [_thread_in_Java, id=19920, stack(0x0000001d18f00000,0x0000001d19000000) (1024K)]
  0x000001c2fda84590 JavaThread "C1 CompilerThread1"         daemon [_thread_blocked, id=9036, stack(0x0000001d1bd00000,0x0000001d1be00000) (1024K)]
  0x000001c2fda83570 JavaThread "C1 CompilerThread2"         daemon [_thread_blocked, id=14528, stack(0x0000001d1ff00000,0x0000001d20000000) (1024K)]
  0x000001c2e1978970 JavaThread "C2 CompilerThread1"         daemon [_thread_blocked, id=5312, stack(0x0000001d1ae00000,0x0000001d1af00000) (1024K)]
  0x000001c2e6c826f0 JavaThread "C2 CompilerThread2"         daemon [_thread_blocked, id=20892, stack(0x0000001d19000000,0x0000001d19100000) (1024K)]
=>0x000001c2e2d4c810 JavaThread "C2 CompilerThread3"         daemon [_thread_in_native, id=37724, stack(0x0000001d22300000,0x0000001d22400000) (1024K)]
Total: 62

Other Threads:
  0x000001c2d7d78bf0 VMThread "VM Thread"                           [id=14392, stack(0x0000001d18400000,0x0000001d18500000) (1024K)]
  0x000001c2db691b10 WatcherThread "VM Periodic Task Thread"        [id=11104, stack(0x0000001d18300000,0x0000001d18400000) (1024K)]
  0x000001c2c0ebe9a0 WorkerThread "GC Thread#0"                     [id=37216, stack(0x0000001d17e00000,0x0000001d17f00000) (1024K)]
  0x000001c2e1243440 WorkerThread "GC Thread#1"                     [id=20060, stack(0x0000001d19400000,0x0000001d19500000) (1024K)]
  0x000001c2e123fab0 WorkerThread "GC Thread#2"                     [id=25372, stack(0x0000001d19500000,0x0000001d19600000) (1024K)]
  0x000001c2e12402f0 WorkerThread "GC Thread#3"                     [id=35680, stack(0x0000001d19600000,0x0000001d19700000) (1024K)]
  0x000001c2e1240720 WorkerThread "GC Thread#4"                     [id=9852, stack(0x0000001d19700000,0x0000001d19800000) (1024K)]
  0x000001c2e1208d80 WorkerThread "GC Thread#5"                     [id=40188, stack(0x0000001d19800000,0x0000001d19900000) (1024K)]
  0x000001c2e104ed90 WorkerThread "GC Thread#6"                     [id=36800, stack(0x0000001d19900000,0x0000001d19a00000) (1024K)]
  0x000001c2e104b9d0 WorkerThread "GC Thread#7"                     [id=4928, stack(0x0000001d19a00000,0x0000001d19b00000) (1024K)]
  0x000001c2e104c6c0 WorkerThread "GC Thread#8"                     [id=47800, stack(0x0000001d19b00000,0x0000001d19c00000) (1024K)]
  0x000001c2e104b580 WorkerThread "GC Thread#9"                     [id=47632, stack(0x0000001d19c00000,0x0000001d19d00000) (1024K)]
  0x000001c2e104d800 WorkerThread "GC Thread#10"                    [id=29916, stack(0x0000001d19d00000,0x0000001d19e00000) (1024K)]
  0x000001c2e104cb10 WorkerThread "GC Thread#11"                    [id=35720, stack(0x0000001d19e00000,0x0000001d19f00000) (1024K)]
  0x000001c2e1bae8e0 WorkerThread "GC Thread#12"                    [id=19364, stack(0x0000001d1a400000,0x0000001d1a500000) (1024K)]
  0x000001c2e1baf180 WorkerThread "GC Thread#13"                    [id=38924, stack(0x0000001d1a500000,0x0000001d1a600000) (1024K)]
  0x000001c2e1bb2540 WorkerThread "GC Thread#14"                    [id=38672, stack(0x0000001d1b400000,0x0000001d1b500000) (1024K)]
  0x000001c2e1bb0fb0 WorkerThread "GC Thread#15"                    [id=7272, stack(0x0000001d1b500000,0x0000001d1b600000) (1024K)]
  0x000001c2e1bb1850 WorkerThread "GC Thread#16"                    [id=17276, stack(0x0000001d1b600000,0x0000001d1b700000) (1024K)]
  0x000001c2e1bb3230 WorkerThread "GC Thread#17"                    [id=30748, stack(0x0000001d1b700000,0x0000001d1b800000) (1024K)]
  0x000001c2e1bb1ca0 WorkerThread "GC Thread#18"                    [id=37680, stack(0x0000001d1b800000,0x0000001d1b900000) (1024K)]
  0x000001c2e1bb1400 WorkerThread "GC Thread#19"                    [id=43384, stack(0x0000001d1b900000,0x0000001d1ba00000) (1024K)]
  0x000001c2e1bb20f0 WorkerThread "GC Thread#20"                    [id=45596, stack(0x0000001d1ba00000,0x0000001d1bb00000) (1024K)]
  0x000001c2e1bb2990 WorkerThread "GC Thread#21"                    [id=26144, stack(0x0000001d1bb00000,0x0000001d1bc00000) (1024K)]
  0x000001c2e1bb2de0 WorkerThread "GC Thread#22"                    [id=21320, stack(0x0000001d1bc00000,0x0000001d1bd00000) (1024K)]
  0x000001c2d7bc2010 ConcurrentGCThread "G1 Main Marker"            [id=40772, stack(0x0000001d17f00000,0x0000001d18000000) (1024K)]
  0x000001c2c0ed56e0 WorkerThread "G1 Conc#0"                       [id=1912, stack(0x0000001d18000000,0x0000001d18100000) (1024K)]
  0x000001c2e1bac210 WorkerThread "G1 Conc#1"                       [id=3144, stack(0x0000001d1a600000,0x0000001d1a700000) (1024K)]
  0x000001c2e1bb02c0 WorkerThread "G1 Conc#2"                       [id=30452, stack(0x0000001d1a700000,0x0000001d1a800000) (1024K)]
  0x000001c2e1bb0710 WorkerThread "G1 Conc#3"                       [id=21980, stack(0x0000001d1a800000,0x0000001d1a900000) (1024K)]
  0x000001c2e1bae040 WorkerThread "G1 Conc#4"                       [id=43716, stack(0x0000001d1a900000,0x0000001d1aa00000) (1024K)]
  0x000001c2e1bacab0 WorkerThread "G1 Conc#5"                       [id=8396, stack(0x0000001d1aa00000,0x0000001d1ab00000) (1024K)]
  0x000001c2d7c96300 ConcurrentGCThread "G1 Refine#0"               [id=14604, stack(0x0000001d18100000,0x0000001d18200000) (1024K)]
  0x000001c2d7c98e20 ConcurrentGCThread "G1 Service"                [id=38320, stack(0x0000001d18200000,0x0000001d18300000) (1024K)]
Total: 34

Threads with active compile tasks:
C2 CompilerThread3  15953954 84853       4       org.gradle.tooling.internal.adapter.ProtocolToModelAdapter$PropertyCachingMethodInvoker::invoke (110 bytes)
Total: 1

VM state: not at safepoint (normal execution)

VM Mutex/Monitor currently owned by a thread: None

Heap address: 0x0000000080000000, size: 2048 MB, Compressed Oops mode: 32-bit

CDS archive(s) not mapped
Compressed class space mapped at: 0x0000000012000000-0x0000000052000000, reserved size: 1073741824
UseCompressedClassPointers 1, UseCompactObjectHeaders 0
Narrow klass pointer bits 32, Max shift 3
Narrow klass base: 0x0000000000000000, Narrow klass shift: 0
Encoding Range: [0x0000000000000000 - 0x0000000100000000), (4294967296 bytes)
Klass Range:    [0x0000000012000000 - 0x0000000052000000), (1073741824 bytes)
Klass ID Range:  [301989888 - 1375731705) (1073741817)
No protection zone.

GC Precious Log:
 CardTable entry size: 512
 Card Set container configuration: InlinePtr #cards 5 size 8 Array Of Cards #cards 10 size 36 Howl #buckets 4 coarsen threshold 1843 Howl Bitmap #cards 512 size 80 coarsen threshold 460 Card regions per heap region 1 cards per card region 2048
 CPUs: 32 total, 32 available
 Memory: 32383M
 Large Page Support: Disabled
 NUMA Support: Disabled
 Compressed Oops: Enabled (32-bit)
 Heap Region Size: 1M
 Heap Min Capacity: 8M
 Heap Initial Capacity: 506M
 Heap Max Capacity: 2G
 Pre-touch: Disabled
 Parallel Workers: 23
 Concurrent Workers: 6
 Concurrent Refinement Workers: 23
 Periodic GC: Disabled

Heap:
 garbage-first heap   total reserved 2097152K, committed 1096704K, used 792288K [0x0000000080000000, 0x0000000100000000)
  region size 1024K, 416 young (425984K), 45 survivors (46080K)

Heap Regions: E=young(eden), S=young(survivor), O=old, HS=humongous(starts), HC=humongous(continues), CS=collection set, F=free, TAMS=top-at-mark-start, PB=parsable bottom
|   0|0x0000000080000000, 0x0000000080100000, 0x0000000080100000|100%|HS|  |TAMS 0x0000000080000000| PB 0x0000000080000000| Complete |  0
|   1|0x0000000080100000, 0x0000000080200000, 0x0000000080200000|100%|HC|  |TAMS 0x0000000080100000| PB 0x0000000080100000| Complete |  0
|   2|0x0000000080200000, 0x0000000080300000, 0x0000000080300000|100%|HC|  |TAMS 0x0000000080200000| PB 0x0000000080200000| Complete |  0
|   3|0x0000000080300000, 0x0000000080400000, 0x0000000080400000|100%|HC|  |TAMS 0x0000000080300000| PB 0x0000000080300000| Complete |  0
|   4|0x0000000080400000, 0x0000000080500000, 0x0000000080500000|100%| O|  |TAMS 0x0000000080400000| PB 0x0000000080400000| Untracked |  0
|   5|0x0000000080500000, 0x0000000080600000, 0x0000000080600000|100%| O|  |TAMS 0x0000000080500000| PB 0x0000000080500000| Untracked |  0
|   6|0x0000000080600000, 0x0000000080700000, 0x0000000080700000|100%| O|  |TAMS 0x0000000080600000| PB 0x0000000080600000| Untracked |  0
|   7|0x0000000080700000, 0x0000000080800000, 0x0000000080800000|100%|HS|  |TAMS 0x0000000080700000| PB 0x0000000080700000| Complete |  0
|   8|0x0000000080800000, 0x0000000080900000, 0x0000000080900000|100%| O|  |TAMS 0x0000000080800000| PB 0x0000000080800000| Untracked |  0
|   9|0x0000000080900000, 0x0000000080a00000, 0x0000000080a00000|100%| O|  |TAMS 0x0000000080900000| PB 0x0000000080900000| Untracked |  0
|  10|0x0000000080a00000, 0x0000000080b00000, 0x0000000080b00000|100%| O|  |TAMS 0x0000000080a00000| PB 0x0000000080a00000| Untracked |  0
|  11|0x0000000080b00000, 0x0000000080c00000, 0x0000000080c00000|100%| O|  |TAMS 0x0000000080b00000| PB 0x0000000080b00000| Untracked |  0
|  12|0x0000000080c00000, 0x0000000080d00000, 0x0000000080d00000|100%| O|  |TAMS 0x0000000080c00000| PB 0x0000000080c00000| Untracked |  0
|  13|0x0000000080d00000, 0x0000000080e00000, 0x0000000080e00000|100%| O|  |TAMS 0x0000000080d00000| PB 0x0000000080d00000| Untracked |  0
|  14|0x0000000080e00000, 0x0000000080f00000, 0x0000000080f00000|100%| O|  |TAMS 0x0000000080e00000| PB 0x0000000080e00000| Untracked |  0
|  15|0x0000000080f00000, 0x0000000081000000, 0x0000000081000000|100%| O|  |TAMS 0x0000000080f00000| PB 0x0000000080f00000| Untracked |  0
|  16|0x0000000081000000, 0x0000000081100000, 0x0000000081100000|100%| O|  |TAMS 0x0000000081000000| PB 0x0000000081000000| Untracked |  0
|  17|0x0000000081100000, 0x0000000081200000, 0x0000000081200000|100%| O|  |TAMS 0x0000000081100000| PB 0x0000000081100000| Untracked |  0
|  18|0x0000000081200000, 0x0000000081300000, 0x0000000081300000|100%| O|  |TAMS 0x0000000081200000| PB 0x0000000081200000| Untracked |  0
|  19|0x0000000081300000, 0x0000000081400000, 0x0000000081400000|100%| O|  |TAMS 0x0000000081300000| PB 0x0000000081300000| Untracked |  0
|  20|0x0000000081400000, 0x0000000081500000, 0x0000000081500000|100%| O|  |TAMS 0x0000000081400000| PB 0x0000000081400000| Untracked |  0
|  21|0x0000000081500000, 0x0000000081600000, 0x0000000081600000|100%| O|  |TAMS 0x0000000081500000| PB 0x0000000081500000| Untracked |  0
|  22|0x0000000081600000, 0x0000000081700000, 0x0000000081700000|100%| O|  |TAMS 0x0000000081600000| PB 0x0000000081600000| Untracked |  0
|  23|0x0000000081700000, 0x0000000081800000, 0x0000000081800000|100%| O|  |TAMS 0x0000000081700000| PB 0x0000000081700000| Untracked |  0
|  24|0x0000000081800000, 0x0000000081900000, 0x0000000081900000|100%|HS|  |TAMS 0x0000000081800000| PB 0x0000000081800000| Complete |  0
|  25|0x0000000081900000, 0x0000000081a00000, 0x0000000081a00000|100%|HC|  |TAMS 0x0000000081900000| PB 0x0000000081900000| Complete |  0
|  26|0x0000000081a00000, 0x0000000081b00000, 0x0000000081b00000|100%|HC|  |TAMS 0x0000000081a00000| PB 0x0000000081a00000| Complete |  0
|  27|0x0000000081b00000, 0x0000000081c00000, 0x0000000081c00000|100%|HC|  |TAMS 0x0000000081b00000| PB 0x0000000081b00000| Complete |  0
|  28|0x0000000081c00000, 0x0000000081d00000, 0x0000000081d00000|100%|HC|  |TAMS 0x0000000081c00000| PB 0x0000000081c00000| Complete |  0
|  29|0x0000000081d00000, 0x0000000081e00000, 0x0000000081e00000|100%|HC|  |TAMS 0x0000000081d00000| PB 0x0000000081d00000| Complete |  0
|  30|0x0000000081e00000, 0x0000000081f00000, 0x0000000081f00000|100%|HS|  |TAMS 0x0000000081e00000| PB 0x0000000081e00000| Complete |  0
|  31|0x0000000081f00000, 0x0000000082000000, 0x0000000082000000|100%|HS|  |TAMS 0x0000000081f00000| PB 0x0000000081f00000| Complete |  0
|  32|0x0000000082000000, 0x0000000082100000, 0x0000000082100000|100%|HS|  |TAMS 0x0000000082000000| PB 0x0000000082000000| Complete |  0
|  33|0x0000000082100000, 0x0000000082200000, 0x0000000082200000|100%|HC|  |TAMS 0x0000000082100000| PB 0x0000000082100000| Complete |  0
|  34|0x0000000082200000, 0x0000000082300000, 0x0000000082300000|100%|HC|  |TAMS 0x0000000082200000| PB 0x0000000082200000| Complete |  0
|  35|0x0000000082300000, 0x0000000082400000, 0x0000000082400000|100%|HC|  |TAMS 0x0000000082300000| PB 0x0000000082300000| Complete |  0
|  36|0x0000000082400000, 0x0000000082500000, 0x0000000082500000|100%|HC|  |TAMS 0x0000000082400000| PB 0x0000000082400000| Complete |  0
|  37|0x0000000082500000, 0x0000000082600000, 0x0000000082600000|100%|HC|  |TAMS 0x0000000082500000| PB 0x0000000082500000| Complete |  0
|  38|0x0000000082600000, 0x0000000082700000, 0x0000000082700000|100%|HS|  |TAMS 0x0000000082600000| PB 0x0000000082600000| Complete |  0
|  39|0x0000000082700000, 0x0000000082800000, 0x0000000082800000|100%|HS|  |TAMS 0x0000000082700000| PB 0x0000000082700000| Complete |  0
|  40|0x0000000082800000, 0x0000000082900000, 0x0000000082900000|100%| O|  |TAMS 0x0000000082800000| PB 0x0000000082800000| Untracked |  0
|  41|0x0000000082900000, 0x0000000082a00000, 0x0000000082a00000|100%| O|  |TAMS 0x0000000082900000| PB 0x0000000082900000| Untracked |  0
|  42|0x0000000082a00000, 0x0000000082b00000, 0x0000000082b00000|100%| O|  |TAMS 0x0000000082a00000| PB 0x0000000082a00000| Untracked |  0
|  43|0x0000000082b00000, 0x0000000082c00000, 0x0000000082c00000|100%| O|  |TAMS 0x0000000082b00000| PB 0x0000000082b00000| Untracked |  0
|  44|0x0000000082c00000, 0x0000000082d00000, 0x0000000082d00000|100%| O|  |TAMS 0x0000000082c00000| PB 0x0000000082c00000| Untracked |  0
|  45|0x0000000082d00000, 0x0000000082e00000, 0x0000000082e00000|100%| O|  |TAMS 0x0000000082d00000| PB 0x0000000082d00000| Untracked |  0
|  46|0x0000000082e00000, 0x0000000082f00000, 0x0000000082f00000|100%| O|Cm|TAMS 0x0000000082e00000| PB 0x0000000082e00000| Complete |  0
|  47|0x0000000082f00000, 0x0000000083000000, 0x0000000083000000|100%| O|  |TAMS 0x0000000082f00000| PB 0x0000000082f00000| Untracked |  0
|  48|0x0000000083000000, 0x0000000083100000, 0x0000000083100000|100%| O|  |TAMS 0x0000000083000000| PB 0x0000000083000000| Untracked |  0
|  49|0x0000000083100000, 0x0000000083200000, 0x0000000083200000|100%| O|  |TAMS 0x0000000083100000| PB 0x0000000083100000| Untracked |  0
|  50|0x0000000083200000, 0x0000000083300000, 0x0000000083300000|100%| O|  |TAMS 0x0000000083200000| PB 0x0000000083200000| Untracked |  0
|  51|0x0000000083300000, 0x0000000083400000, 0x0000000083400000|100%| O|  |TAMS 0x0000000083300000| PB 0x0000000083300000| Untracked |  0
|  52|0x0000000083400000, 0x0000000083500000, 0x0000000083500000|100%| O|  |TAMS 0x0000000083400000| PB 0x0000000083400000| Untracked |  0
|  53|0x0000000083500000, 0x0000000083600000, 0x0000000083600000|100%| O|  |TAMS 0x0000000083500000| PB 0x0000000083500000| Untracked |  0
|  54|0x0000000083600000, 0x0000000083700000, 0x0000000083700000|100%| O|  |TAMS 0x0000000083600000| PB 0x0000000083600000| Untracked |  0
|  55|0x0000000083700000, 0x0000000083800000, 0x0000000083800000|100%| O|  |TAMS 0x0000000083700000| PB 0x0000000083700000| Untracked |  0
|  56|0x0000000083800000, 0x0000000083900000, 0x0000000083900000|100%| O|  |TAMS 0x0000000083800000| PB 0x0000000083800000| Untracked |  0
|  57|0x0000000083900000, 0x0000000083a00000, 0x0000000083a00000|100%| O|  |TAMS 0x0000000083900000| PB 0x0000000083900000| Untracked |  0
|  58|0x0000000083a00000, 0x0000000083b00000, 0x0000000083b00000|100%| O|  |TAMS 0x0000000083a00000| PB 0x0000000083a00000| Untracked |  0
|  59|0x0000000083b00000, 0x0000000083c00000, 0x0000000083c00000|100%| O|  |TAMS 0x0000000083b00000| PB 0x0000000083b00000| Untracked |  0
|  60|0x0000000083c00000, 0x0000000083d00000, 0x0000000083d00000|100%| O|  |TAMS 0x0000000083c00000| PB 0x0000000083c00000| Untracked |  0
|  61|0x0000000083d00000, 0x0000000083e00000, 0x0000000083e00000|100%| O|  |TAMS 0x0000000083d00000| PB 0x0000000083d00000| Untracked |  0
|  62|0x0000000083e00000, 0x0000000083f00000, 0x0000000083f00000|100%| O|Cm|TAMS 0x0000000083e00000| PB 0x0000000083e00000| Complete |  0
|  63|0x0000000083f00000, 0x0000000084000000, 0x0000000084000000|100%| O|  |TAMS 0x0000000083f00000| PB 0x0000000083f00000| Untracked |  0
|  64|0x0000000084000000, 0x0000000084100000, 0x0000000084100000|100%|HS|  |TAMS 0x0000000084000000| PB 0x0000000084000000| Complete |  0
|  65|0x0000000084100000, 0x0000000084200000, 0x0000000084200000|100%|HS|  |TAMS 0x0000000084100000| PB 0x0000000084100000| Complete |  0
|  66|0x0000000084200000, 0x0000000084300000, 0x0000000084300000|100%| O|  |TAMS 0x0000000084200000| PB 0x0000000084200000| Untracked |  0
|  67|0x0000000084300000, 0x0000000084400000, 0x0000000084400000|100%| O|  |TAMS 0x0000000084300000| PB 0x0000000084300000| Untracked |  0
|  68|0x0000000084400000, 0x0000000084500000, 0x0000000084500000|100%| O|  |TAMS 0x0000000084400000| PB 0x0000000084400000| Untracked |  0
|  69|0x0000000084500000, 0x0000000084600000, 0x0000000084600000|100%| O|  |TAMS 0x0000000084500000| PB 0x0000000084500000| Untracked |  0
|  70|0x0000000084600000, 0x0000000084700000, 0x0000000084700000|100%| O|  |TAMS 0x0000000084600000| PB 0x0000000084600000| Untracked |  0
|  71|0x0000000084700000, 0x0000000084800000, 0x0000000084800000|100%| O|  |TAMS 0x0000000084700000| PB 0x0000000084700000| Untracked |  0
|  72|0x0000000084800000, 0x0000000084900000, 0x0000000084900000|100%| O|  |TAMS 0x0000000084800000| PB 0x0000000084800000| Untracked |  0
|  73|0x0000000084900000, 0x0000000084a00000, 0x0000000084a00000|100%| O|  |TAMS 0x0000000084900000| PB 0x0000000084900000| Untracked |  0
|  74|0x0000000084a00000, 0x0000000084b00000, 0x0000000084b00000|100%|HS|  |TAMS 0x0000000084a00000| PB 0x0000000084a00000| Complete |  0
|  75|0x0000000084b00000, 0x0000000084c00000, 0x0000000084c00000|100%|HS|  |TAMS 0x0000000084b00000| PB 0x0000000084b00000| Complete |  0
|  76|0x0000000084c00000, 0x0000000084d00000, 0x0000000084d00000|100%| O|  |TAMS 0x0000000084c00000| PB 0x0000000084c00000| Untracked |  0
|  77|0x0000000084d00000, 0x0000000084e00000, 0x0000000084e00000|100%| O|  |TAMS 0x0000000084d00000| PB 0x0000000084d00000| Untracked |  0
|  78|0x0000000084e00000, 0x0000000084f00000, 0x0000000084f00000|100%|HS|  |TAMS 0x0000000084e00000| PB 0x0000000084e00000| Complete |  0
|  79|0x0000000084f00000, 0x0000000085000000, 0x0000000085000000|100%| O|  |TAMS 0x0000000084f00000| PB 0x0000000084f00000| Untracked |  0
|  80|0x0000000085000000, 0x0000000085100000, 0x0000000085100000|100%| O|  |TAMS 0x0000000085000000| PB 0x0000000085000000| Untracked |  0
|  81|0x0000000085100000, 0x0000000085200000, 0x0000000085200000|100%| O|  |TAMS 0x0000000085100000| PB 0x0000000085100000| Untracked |  0
|  82|0x0000000085200000, 0x0000000085300000, 0x0000000085300000|100%|HS|  |TAMS 0x0000000085200000| PB 0x0000000085200000| Complete |  0
|  83|0x0000000085300000, 0x0000000085400000, 0x0000000085400000|100%|HS|  |TAMS 0x0000000085300000| PB 0x0000000085300000| Complete |  0
|  84|0x0000000085400000, 0x0000000085500000, 0x0000000085500000|100%|HS|  |TAMS 0x0000000085400000| PB 0x0000000085400000| Complete |  0
|  85|0x0000000085500000, 0x0000000085600000, 0x0000000085600000|100%|HC|  |TAMS 0x0000000085500000| PB 0x0000000085500000| Complete |  0
|  86|0x0000000085600000, 0x0000000085700000, 0x0000000085700000|100%|HS|  |TAMS 0x0000000085600000| PB 0x0000000085600000| Complete |  0
|  87|0x0000000085700000, 0x0000000085800000, 0x0000000085800000|100%| O|  |TAMS 0x0000000085700000| PB 0x0000000085700000| Untracked |  0
|  88|0x0000000085800000, 0x0000000085900000, 0x0000000085900000|100%|HS|  |TAMS 0x0000000085800000| PB 0x0000000085800000| Complete |  0
|  89|0x0000000085900000, 0x0000000085a00000, 0x0000000085a00000|100%|HS|  |TAMS 0x0000000085900000| PB 0x0000000085900000| Complete |  0
|  90|0x0000000085a00000, 0x0000000085b00000, 0x0000000085b00000|100%| O|  |TAMS 0x0000000085a00000| PB 0x0000000085a00000| Untracked |  0
|  91|0x0000000085b00000, 0x0000000085c00000, 0x0000000085c00000|100%| O|  |TAMS 0x0000000085b00000| PB 0x0000000085b00000| Untracked |  0
|  92|0x0000000085c00000, 0x0000000085d00000, 0x0000000085d00000|100%| O|Cm|TAMS 0x0000000085c00000| PB 0x0000000085c00000| Complete |  0
|  93|0x0000000085d00000, 0x0000000085e00000, 0x0000000085e00000|100%| O|  |TAMS 0x0000000085d00000| PB 0x0000000085d00000| Untracked |  0
|  94|0x0000000085e00000, 0x0000000085f00000, 0x0000000085f00000|100%| O|  |TAMS 0x0000000085e00000| PB 0x0000000085e00000| Untracked |  0
|  95|0x0000000085f00000, 0x0000000086000000, 0x0000000086000000|100%| O|Cm|TAMS 0x0000000085f00000| PB 0x0000000085f00000| Complete |  0
|  96|0x0000000086000000, 0x0000000086100000, 0x0000000086100000|100%| O|  |TAMS 0x0000000086000000| PB 0x0000000086000000| Untracked |  0
|  97|0x0000000086100000, 0x0000000086200000, 0x0000000086200000|100%| O|  |TAMS 0x0000000086100000| PB 0x0000000086100000| Untracked |  0
|  98|0x0000000086200000, 0x0000000086300000, 0x0000000086300000|100%| O|  |TAMS 0x0000000086200000| PB 0x0000000086200000| Untracked |  0
|  99|0x0000000086300000, 0x0000000086400000, 0x0000000086400000|100%| O|  |TAMS 0x0000000086300000| PB 0x0000000086300000| Untracked |  0
| 100|0x0000000086400000, 0x0000000086500000, 0x0000000086500000|100%| O|  |TAMS 0x0000000086400000| PB 0x0000000086400000| Untracked |  0
| 101|0x0000000086500000, 0x0000000086600000, 0x0000000086600000|100%| O|  |TAMS 0x0000000086500000| PB 0x0000000086500000| Untracked |  0
| 102|0x0000000086600000, 0x0000000086700000, 0x0000000086700000|100%| O|  |TAMS 0x0000000086600000| PB 0x0000000086600000| Untracked |  0
| 103|0x0000000086700000, 0x0000000086800000, 0x0000000086800000|100%| O|  |TAMS 0x0000000086700000| PB 0x0000000086700000| Untracked |  0
| 104|0x0000000086800000, 0x0000000086800000, 0x0000000086900000|  0%| F|  |TAMS 0x0000000086800000| PB 0x0000000086800000| Untracked |  0
| 105|0x0000000086900000, 0x0000000086a00000, 0x0000000086a00000|100%| O|  |TAMS 0x0000000086900000| PB 0x0000000086900000| Untracked |  0
| 106|0x0000000086a00000, 0x0000000086b00000, 0x0000000086b00000|100%| O|  |TAMS 0x0000000086a00000| PB 0x0000000086a00000| Untracked |  0
| 107|0x0000000086b00000, 0x0000000086c00000, 0x0000000086c00000|100%| O|  |TAMS 0x0000000086b00000| PB 0x0000000086b00000| Untracked |  0
| 108|0x0000000086c00000, 0x0000000086d00000, 0x0000000086d00000|100%| O|Cm|TAMS 0x0000000086c00000| PB 0x0000000086c00000| Complete |  0
| 109|0x0000000086d00000, 0x0000000086e00000, 0x0000000086e00000|100%| O|  |TAMS 0x0000000086d00000| PB 0x0000000086d00000| Untracked |  0
| 110|0x0000000086e00000, 0x0000000086f00000, 0x0000000086f00000|100%| O|  |TAMS 0x0000000086e00000| PB 0x0000000086e00000| Untracked |  0
| 111|0x0000000086f00000, 0x0000000087000000, 0x0000000087000000|100%| O|  |TAMS 0x0000000086f00000| PB 0x0000000086f00000| Untracked |  0
| 112|0x0000000087000000, 0x0000000087100000, 0x0000000087100000|100%| O|  |TAMS 0x0000000087000000| PB 0x0000000087000000| Untracked |  0
| 113|0x0000000087100000, 0x0000000087200000, 0x0000000087200000|100%| O|  |TAMS 0x0000000087100000| PB 0x0000000087100000| Untracked |  0
| 114|0x0000000087200000, 0x0000000087300000, 0x0000000087300000|100%| O|  |TAMS 0x0000000087200000| PB 0x0000000087200000| Untracked |  0
| 115|0x0000000087300000, 0x0000000087400000, 0x0000000087400000|100%| O|  |TAMS 0x0000000087300000| PB 0x0000000087300000| Untracked |  0
| 116|0x0000000087400000, 0x0000000087500000, 0x0000000087500000|100%| O|  |TAMS 0x0000000087400000| PB 0x0000000087400000| Untracked |  0
| 117|0x0000000087500000, 0x0000000087600000, 0x0000000087600000|100%| O|  |TAMS 0x0000000087500000| PB 0x0000000087500000| Untracked |  0
| 118|0x0000000087600000, 0x0000000087700000, 0x0000000087700000|100%| O|  |TAMS 0x0000000087600000| PB 0x0000000087600000| Untracked |  0
| 119|0x0000000087700000, 0x0000000087800000, 0x0000000087800000|100%|HS|  |TAMS 0x0000000087700000| PB 0x0000000087700000| Complete |  0
| 120|0x0000000087800000, 0x0000000087900000, 0x0000000087900000|100%| O|  |TAMS 0x0000000087800000| PB 0x0000000087800000| Untracked |  0
| 121|0x0000000087900000, 0x0000000087a00000, 0x0000000087a00000|100%|HS|  |TAMS 0x0000000087900000| PB 0x0000000087900000| Complete |  0
| 122|0x0000000087a00000, 0x0000000087a00000, 0x0000000087b00000|  0%| F|  |TAMS 0x0000000087a00000| PB 0x0000000087a00000| Untracked |  0
| 123|0x0000000087b00000, 0x0000000087b00000, 0x0000000087c00000|  0%| F|  |TAMS 0x0000000087b00000| PB 0x0000000087b00000| Untracked |  0
| 124|0x0000000087c00000, 0x0000000087d00000, 0x0000000087d00000|100%| O|  |TAMS 0x0000000087c00000| PB 0x0000000087c00000| Untracked |  0
| 125|0x0000000087d00000, 0x0000000087e00000, 0x0000000087e00000|100%| O|  |TAMS 0x0000000087d00000| PB 0x0000000087d00000| Untracked |  0
| 126|0x0000000087e00000, 0x0000000087e00000, 0x0000000087f00000|  0%| F|  |TAMS 0x0000000087e00000| PB 0x0000000087e00000| Untracked |  0
| 127|0x0000000087f00000, 0x0000000088000000, 0x0000000088000000|100%| O|  |TAMS 0x0000000087f00000| PB 0x0000000087f00000| Untracked |  0
| 128|0x0000000088000000, 0x0000000088100000, 0x0000000088100000|100%| O|  |TAMS 0x0000000088000000| PB 0x0000000088000000| Untracked |  0
| 129|0x0000000088100000, 0x0000000088100000, 0x0000000088200000|  0%| F|  |TAMS 0x0000000088100000| PB 0x0000000088100000| Untracked |  0
| 130|0x0000000088200000, 0x0000000088300000, 0x0000000088300000|100%| O|  |TAMS 0x0000000088200000| PB 0x0000000088200000| Untracked |  0
| 131|0x0000000088300000, 0x0000000088400000, 0x0000000088400000|100%| O|  |TAMS 0x0000000088300000| PB 0x0000000088300000| Untracked |  0
| 132|0x0000000088400000, 0x0000000088500000, 0x0000000088500000|100%| O|  |TAMS 0x0000000088400000| PB 0x0000000088400000| Untracked |  0
| 133|0x0000000088500000, 0x0000000088600000, 0x0000000088600000|100%| O|  |TAMS 0x0000000088500000| PB 0x0000000088500000| Untracked |  0
| 134|0x0000000088600000, 0x0000000088600000, 0x0000000088700000|  0%| F|  |TAMS 0x0000000088600000| PB 0x0000000088600000| Untracked |  0
| 135|0x0000000088700000, 0x0000000088800000, 0x0000000088800000|100%| O|Cm|TAMS 0x0000000088700000| PB 0x0000000088700000| Complete |  0
| 136|0x0000000088800000, 0x0000000088800000, 0x0000000088900000|  0%| F|  |TAMS 0x0000000088800000| PB 0x0000000088800000| Untracked |  0
| 137|0x0000000088900000, 0x0000000088900000, 0x0000000088a00000|  0%| F|  |TAMS 0x0000000088900000| PB 0x0000000088900000| Untracked |  0
| 138|0x0000000088a00000, 0x0000000088b00000, 0x0000000088b00000|100%| O|  |TAMS 0x0000000088a00000| PB 0x0000000088a00000| Untracked |  0
| 139|0x0000000088b00000, 0x0000000088c00000, 0x0000000088c00000|100%| O|  |TAMS 0x0000000088b00000| PB 0x0000000088b00000| Untracked |  0
| 140|0x0000000088c00000, 0x0000000088c00000, 0x0000000088d00000|  0%| F|  |TAMS 0x0000000088c00000| PB 0x0000000088c00000| Untracked |  0
| 141|0x0000000088d00000, 0x0000000088e00000, 0x0000000088e00000|100%| O|  |TAMS 0x0000000088d00000| PB 0x0000000088d00000| Untracked |  0
| 142|0x0000000088e00000, 0x0000000088f00000, 0x0000000088f00000|100%| O|  |TAMS 0x0000000088e00000| PB 0x0000000088e00000| Untracked |  0
| 143|0x0000000088f00000, 0x0000000089000000, 0x0000000089000000|100%| O|  |TAMS 0x0000000088f00000| PB 0x0000000088f00000| Untracked |  0
| 144|0x0000000089000000, 0x0000000089100000, 0x0000000089100000|100%| O|  |TAMS 0x0000000089000000| PB 0x0000000089000000| Untracked |  0
| 145|0x0000000089100000, 0x0000000089100000, 0x0000000089200000|  0%| F|  |TAMS 0x0000000089100000| PB 0x0000000089100000| Untracked |  0
| 146|0x0000000089200000, 0x0000000089300000, 0x0000000089300000|100%| O|  |TAMS 0x0000000089200000| PB 0x0000000089200000| Untracked |  0
| 147|0x0000000089300000, 0x0000000089300000, 0x0000000089400000|  0%| F|  |TAMS 0x0000000089300000| PB 0x0000000089300000| Untracked |  0
| 148|0x0000000089400000, 0x0000000089500000, 0x0000000089500000|100%| O|  |TAMS 0x0000000089400000| PB 0x0000000089400000| Untracked |  0
| 149|0x0000000089500000, 0x0000000089600000, 0x0000000089600000|100%|HS|  |TAMS 0x0000000089500000| PB 0x0000000089500000| Complete |  0
| 150|0x0000000089600000, 0x0000000089700000, 0x0000000089700000|100%|HC|  |TAMS 0x0000000089600000| PB 0x0000000089600000| Complete |  0
| 151|0x0000000089700000, 0x0000000089800000, 0x0000000089800000|100%| O|  |TAMS 0x0000000089700000| PB 0x0000000089700000| Untracked |  0
| 152|0x0000000089800000, 0x0000000089900000, 0x0000000089900000|100%| O|  |TAMS 0x0000000089800000| PB 0x0000000089800000| Untracked |  0
| 153|0x0000000089900000, 0x0000000089a00000, 0x0000000089a00000|100%| O|  |TAMS 0x0000000089900000| PB 0x0000000089900000| Untracked |  0
| 154|0x0000000089a00000, 0x0000000089b00000, 0x0000000089b00000|100%| O|  |TAMS 0x0000000089a00000| PB 0x0000000089a00000| Untracked |  0
| 155|0x0000000089b00000, 0x0000000089c00000, 0x0000000089c00000|100%|HS|  |TAMS 0x0000000089b00000| PB 0x0000000089b00000| Complete |  0
| 156|0x0000000089c00000, 0x0000000089d00000, 0x0000000089d00000|100%| O|  |TAMS 0x0000000089c00000| PB 0x0000000089c00000| Untracked |  0
| 157|0x0000000089d00000, 0x0000000089e00000, 0x0000000089e00000|100%| O|  |TAMS 0x0000000089d00000| PB 0x0000000089d00000| Untracked |  0
| 158|0x0000000089e00000, 0x0000000089f00000, 0x0000000089f00000|100%| O|Cm|TAMS 0x0000000089e00000| PB 0x0000000089e00000| Complete |  0
| 159|0x0000000089f00000, 0x000000008a000000, 0x000000008a000000|100%| O|  |TAMS 0x0000000089f00000| PB 0x0000000089f00000| Untracked |  0
| 160|0x000000008a000000, 0x000000008a100000, 0x000000008a100000|100%| O|  |TAMS 0x000000008a000000| PB 0x000000008a000000| Untracked |  0
| 161|0x000000008a100000, 0x000000008a100000, 0x000000008a200000|  0%| F|  |TAMS 0x000000008a100000| PB 0x000000008a100000| Untracked |  0
| 162|0x000000008a200000, 0x000000008a200000, 0x000000008a300000|  0%| F|  |TAMS 0x000000008a200000| PB 0x000000008a200000| Untracked |  0
| 163|0x000000008a300000, 0x000000008a300000, 0x000000008a400000|  0%| F|  |TAMS 0x000000008a300000| PB 0x000000008a300000| Untracked |  0
| 164|0x000000008a400000, 0x000000008a400000, 0x000000008a500000|  0%| F|  |TAMS 0x000000008a400000| PB 0x000000008a400000| Untracked |  0
| 165|0x000000008a500000, 0x000000008a600000, 0x000000008a600000|100%| O|  |TAMS 0x000000008a500000| PB 0x000000008a500000| Untracked |  0
| 166|0x000000008a600000, 0x000000008a600000, 0x000000008a700000|  0%| F|  |TAMS 0x000000008a600000| PB 0x000000008a600000| Untracked |  0
| 167|0x000000008a700000, 0x000000008a800000, 0x000000008a800000|100%| O|  |TAMS 0x000000008a700000| PB 0x000000008a700000| Untracked |  0
| 168|0x000000008a800000, 0x000000008a800000, 0x000000008a900000|  0%| F|  |TAMS 0x000000008a800000| PB 0x000000008a800000| Untracked |  0
| 169|0x000000008a900000, 0x000000008a900000, 0x000000008aa00000|  0%| F|  |TAMS 0x000000008a900000| PB 0x000000008a900000| Untracked |  0
| 170|0x000000008aa00000, 0x000000008ab00000, 0x000000008ab00000|100%| O|  |TAMS 0x000000008aa00000| PB 0x000000008aa00000| Untracked |  0
| 171|0x000000008ab00000, 0x000000008ac00000, 0x000000008ac00000|100%| O|  |TAMS 0x000000008ab00000| PB 0x000000008ab00000| Untracked |  0
| 172|0x000000008ac00000, 0x000000008ac00000, 0x000000008ad00000|  0%| F|  |TAMS 0x000000008ac00000| PB 0x000000008ac00000| Untracked |  0
| 173|0x000000008ad00000, 0x000000008ad00000, 0x000000008ae00000|  0%| F|  |TAMS 0x000000008ad00000| PB 0x000000008ad00000| Untracked |  0
| 174|0x000000008ae00000, 0x000000008af00000, 0x000000008af00000|100%| O|  |TAMS 0x000000008ae00000| PB 0x000000008ae00000| Untracked |  0
| 175|0x000000008af00000, 0x000000008af00000, 0x000000008b000000|  0%| F|  |TAMS 0x000000008af00000| PB 0x000000008af00000| Untracked |  0
| 176|0x000000008b000000, 0x000000008b000000, 0x000000008b100000|  0%| F|  |TAMS 0x000000008b000000| PB 0x000000008b000000| Untracked |  0
| 177|0x000000008b100000, 0x000000008b200000, 0x000000008b200000|100%| O|  |TAMS 0x000000008b100000| PB 0x000000008b100000| Untracked |  0
| 178|0x000000008b200000, 0x000000008b200000, 0x000000008b300000|  0%| F|  |TAMS 0x000000008b200000| PB 0x000000008b200000| Untracked |  0
| 179|0x000000008b300000, 0x000000008b400000, 0x000000008b400000|100%| O|  |TAMS 0x000000008b300000| PB 0x000000008b300000| Untracked |  0
| 180|0x000000008b400000, 0x000000008b400000, 0x000000008b500000|  0%| F|  |TAMS 0x000000008b400000| PB 0x000000008b400000| Untracked |  0
| 181|0x000000008b500000, 0x000000008b600000, 0x000000008b600000|100%| O|  |TAMS 0x000000008b500000| PB 0x000000008b500000| Untracked |  0
| 182|0x000000008b600000, 0x000000008b700000, 0x000000008b700000|100%| O|  |TAMS 0x000000008b600000| PB 0x000000008b600000| Untracked |  0
| 183|0x000000008b700000, 0x000000008b800000, 0x000000008b800000|100%| O|  |TAMS 0x000000008b700000| PB 0x000000008b700000| Untracked |  0
| 184|0x000000008b800000, 0x000000008b800000, 0x000000008b900000|  0%| F|  |TAMS 0x000000008b800000| PB 0x000000008b800000| Untracked |  0
| 185|0x000000008b900000, 0x000000008b900000, 0x000000008ba00000|  0%| F|  |TAMS 0x000000008b900000| PB 0x000000008b900000| Untracked |  0
| 186|0x000000008ba00000, 0x000000008ba00000, 0x000000008bb00000|  0%| F|  |TAMS 0x000000008ba00000| PB 0x000000008ba00000| Untracked |  0
| 187|0x000000008bb00000, 0x000000008bb00000, 0x000000008bc00000|  0%| F|  |TAMS 0x000000008bb00000| PB 0x000000008bb00000| Untracked |  0
| 188|0x000000008bc00000, 0x000000008bc00000, 0x000000008bd00000|  0%| F|  |TAMS 0x000000008bc00000| PB 0x000000008bc00000| Untracked |  0
| 189|0x000000008bd00000, 0x000000008bd00000, 0x000000008be00000|  0%| F|  |TAMS 0x000000008bd00000| PB 0x000000008bd00000| Untracked |  0
| 190|0x000000008be00000, 0x000000008be00000, 0x000000008bf00000|  0%| F|  |TAMS 0x000000008be00000| PB 0x000000008be00000| Untracked |  0
| 191|0x000000008bf00000, 0x000000008bf00000, 0x000000008c000000|  0%| F|  |TAMS 0x000000008bf00000| PB 0x000000008bf00000| Untracked |  0
| 192|0x000000008c000000, 0x000000008c100000, 0x000000008c100000|100%| O|  |TAMS 0x000000008c000000| PB 0x000000008c000000| Untracked |  0
| 193|0x000000008c100000, 0x000000008c200000, 0x000000008c200000|100%| O|  |TAMS 0x000000008c100000| PB 0x000000008c100000| Untracked |  0
| 194|0x000000008c200000, 0x000000008c200000, 0x000000008c300000|  0%| F|  |TAMS 0x000000008c200000| PB 0x000000008c200000| Untracked |  0
| 195|0x000000008c300000, 0x000000008c300000, 0x000000008c400000|  0%| F|  |TAMS 0x000000008c300000| PB 0x000000008c300000| Untracked |  0
| 196|0x000000008c400000, 0x000000008c400000, 0x000000008c500000|  0%| F|  |TAMS 0x000000008c400000| PB 0x000000008c400000| Untracked |  0
| 197|0x000000008c500000, 0x000000008c500000, 0x000000008c600000|  0%| F|  |TAMS 0x000000008c500000| PB 0x000000008c500000| Untracked |  0
| 198|0x000000008c600000, 0x000000008c600000, 0x000000008c700000|  0%| F|  |TAMS 0x000000008c600000| PB 0x000000008c600000| Untracked |  0
| 199|0x000000008c700000, 0x000000008c700000, 0x000000008c800000|  0%| F|  |TAMS 0x000000008c700000| PB 0x000000008c700000| Untracked |  0
| 200|0x000000008c800000, 0x000000008c900000, 0x000000008c900000|100%| O|  |TAMS 0x000000008c800000| PB 0x000000008c800000| Untracked |  0
| 201|0x000000008c900000, 0x000000008c900000, 0x000000008ca00000|  0%| F|  |TAMS 0x000000008c900000| PB 0x000000008c900000| Untracked |  0
| 202|0x000000008ca00000, 0x000000008cb00000, 0x000000008cb00000|100%| O|  |TAMS 0x000000008ca00000| PB 0x000000008ca00000| Untracked |  0
| 203|0x000000008cb00000, 0x000000008cc00000, 0x000000008cc00000|100%| O|  |TAMS 0x000000008cb00000| PB 0x000000008cb00000| Untracked |  0
| 204|0x000000008cc00000, 0x000000008cd00000, 0x000000008cd00000|100%| O|  |TAMS 0x000000008cc00000| PB 0x000000008cc00000| Untracked |  0
| 205|0x000000008cd00000, 0x000000008cd00000, 0x000000008ce00000|  0%| F|  |TAMS 0x000000008cd00000| PB 0x000000008cd00000| Untracked |  0
| 206|0x000000008ce00000, 0x000000008ce00000, 0x000000008cf00000|  0%| F|  |TAMS 0x000000008ce00000| PB 0x000000008ce00000| Untracked |  0
| 207|0x000000008cf00000, 0x000000008d000000, 0x000000008d000000|100%| O|  |TAMS 0x000000008cf00000| PB 0x000000008cf00000| Untracked |  0
| 208|0x000000008d000000, 0x000000008d100000, 0x000000008d100000|100%| O|  |TAMS 0x000000008d000000| PB 0x000000008d000000| Untracked |  0
| 209|0x000000008d100000, 0x000000008d100000, 0x000000008d200000|  0%| F|  |TAMS 0x000000008d100000| PB 0x000000008d100000| Untracked |  0
| 210|0x000000008d200000, 0x000000008d200000, 0x000000008d300000|  0%| F|  |TAMS 0x000000008d200000| PB 0x000000008d200000| Untracked |  0
| 211|0x000000008d300000, 0x000000008d300000, 0x000000008d400000|  0%| F|  |TAMS 0x000000008d300000| PB 0x000000008d300000| Untracked |  0
| 212|0x000000008d400000, 0x000000008d400000, 0x000000008d500000|  0%| F|  |TAMS 0x000000008d400000| PB 0x000000008d400000| Untracked |  0
| 213|0x000000008d500000, 0x000000008d500000, 0x000000008d600000|  0%| F|  |TAMS 0x000000008d500000| PB 0x000000008d500000| Untracked |  0
| 214|0x000000008d600000, 0x000000008d700000, 0x000000008d700000|100%| O|  |TAMS 0x000000008d600000| PB 0x000000008d600000| Untracked |  0
| 215|0x000000008d700000, 0x000000008d800000, 0x000000008d800000|100%| O|  |TAMS 0x000000008d700000| PB 0x000000008d700000| Untracked |  0
| 216|0x000000008d800000, 0x000000008d900000, 0x000000008d900000|100%| O|  |TAMS 0x000000008d800000| PB 0x000000008d800000| Untracked |  0
| 217|0x000000008d900000, 0x000000008da00000, 0x000000008da00000|100%| O|  |TAMS 0x000000008d900000| PB 0x000000008d900000| Untracked |  0
| 218|0x000000008da00000, 0x000000008db00000, 0x000000008db00000|100%| O|  |TAMS 0x000000008da00000| PB 0x000000008da00000| Untracked |  0
| 219|0x000000008db00000, 0x000000008dc00000, 0x000000008dc00000|100%| O|  |TAMS 0x000000008db00000| PB 0x000000008db00000| Untracked |  0
| 220|0x000000008dc00000, 0x000000008dd00000, 0x000000008dd00000|100%| O|  |TAMS 0x000000008dc00000| PB 0x000000008dc00000| Untracked |  0
| 221|0x000000008dd00000, 0x000000008dd00000, 0x000000008de00000|  0%| F|  |TAMS 0x000000008dd00000| PB 0x000000008dd00000| Untracked |  0
| 222|0x000000008de00000, 0x000000008df00000, 0x000000008df00000|100%| O|  |TAMS 0x000000008de00000| PB 0x000000008de00000| Untracked |  0
| 223|0x000000008df00000, 0x000000008df00000, 0x000000008e000000|  0%| F|  |TAMS 0x000000008df00000| PB 0x000000008df00000| Untracked |  0
| 224|0x000000008e000000, 0x000000008e100000, 0x000000008e100000|100%| O|  |TAMS 0x000000008e000000| PB 0x000000008e000000| Untracked |  0
| 225|0x000000008e100000, 0x000000008e200000, 0x000000008e200000|100%| O|  |TAMS 0x000000008e100000| PB 0x000000008e100000| Untracked |  0
| 226|0x000000008e200000, 0x000000008e300000, 0x000000008e300000|100%| O|  |TAMS 0x000000008e200000| PB 0x000000008e200000| Untracked |  0
| 227|0x000000008e300000, 0x000000008e400000, 0x000000008e400000|100%| O|  |TAMS 0x000000008e300000| PB 0x000000008e300000| Untracked |  0
| 228|0x000000008e400000, 0x000000008e500000, 0x000000008e500000|100%| O|  |TAMS 0x000000008e400000| PB 0x000000008e400000| Untracked |  0
| 229|0x000000008e500000, 0x000000008e600000, 0x000000008e600000|100%| O|  |TAMS 0x000000008e500000| PB 0x000000008e500000| Untracked |  0
| 230|0x000000008e600000, 0x000000008e700000, 0x000000008e700000|100%| O|  |TAMS 0x000000008e600000| PB 0x000000008e600000| Untracked |  0
| 231|0x000000008e700000, 0x000000008e800000, 0x000000008e800000|100%| O|  |TAMS 0x000000008e700000| PB 0x000000008e700000| Untracked |  0
| 232|0x000000008e800000, 0x000000008e800000, 0x000000008e900000|  0%| F|  |TAMS 0x000000008e800000| PB 0x000000008e800000| Untracked |  0
| 233|0x000000008e900000, 0x000000008e900000, 0x000000008ea00000|  0%| F|  |TAMS 0x000000008e900000| PB 0x000000008e900000| Untracked |  0
| 234|0x000000008ea00000, 0x000000008ea00000, 0x000000008eb00000|  0%| F|  |TAMS 0x000000008ea00000| PB 0x000000008ea00000| Untracked |  0
| 235|0x000000008eb00000, 0x000000008eb00000, 0x000000008ec00000|  0%| F|  |TAMS 0x000000008eb00000| PB 0x000000008eb00000| Untracked |  0
| 236|0x000000008ec00000, 0x000000008ed00000, 0x000000008ed00000|100%| O|  |TAMS 0x000000008ec00000| PB 0x000000008ec00000| Untracked |  0
| 237|0x000000008ed00000, 0x000000008ee00000, 0x000000008ee00000|100%| O|  |TAMS 0x000000008ed00000| PB 0x000000008ed00000| Untracked |  0
| 238|0x000000008ee00000, 0x000000008ee00000, 0x000000008ef00000|  0%| F|  |TAMS 0x000000008ee00000| PB 0x000000008ee00000| Untracked |  0
| 239|0x000000008ef00000, 0x000000008ef00000, 0x000000008f000000|  0%| F|  |TAMS 0x000000008ef00000| PB 0x000000008ef00000| Untracked |  0
| 240|0x000000008f000000, 0x000000008f100000, 0x000000008f100000|100%| O|  |TAMS 0x000000008f000000| PB 0x000000008f000000| Untracked |  0
| 241|0x000000008f100000, 0x000000008f200000, 0x000000008f200000|100%| O|  |TAMS 0x000000008f100000| PB 0x000000008f100000| Untracked |  0
| 242|0x000000008f200000, 0x000000008f300000, 0x000000008f300000|100%| O|  |TAMS 0x000000008f200000| PB 0x000000008f200000| Untracked |  0
| 243|0x000000008f300000, 0x000000008f400000, 0x000000008f400000|100%| O|  |TAMS 0x000000008f300000| PB 0x000000008f300000| Untracked |  0
| 244|0x000000008f400000, 0x000000008f500000, 0x000000008f500000|100%| O|  |TAMS 0x000000008f400000| PB 0x000000008f400000| Untracked |  0
| 245|0x000000008f500000, 0x000000008f600000, 0x000000008f600000|100%| O|  |TAMS 0x000000008f500000| PB 0x000000008f500000| Untracked |  0
| 246|0x000000008f600000, 0x000000008f700000, 0x000000008f700000|100%| O|  |TAMS 0x000000008f600000| PB 0x000000008f600000| Untracked |  0
| 247|0x000000008f700000, 0x000000008f800000, 0x000000008f800000|100%| O|  |TAMS 0x000000008f700000| PB 0x000000008f700000| Untracked |  0
| 248|0x000000008f800000, 0x000000008f900000, 0x000000008f900000|100%| O|  |TAMS 0x000000008f800000| PB 0x000000008f800000| Untracked |  0
| 249|0x000000008f900000, 0x000000008fa00000, 0x000000008fa00000|100%| O|  |TAMS 0x000000008f900000| PB 0x000000008f900000| Untracked |  0
| 250|0x000000008fa00000, 0x000000008fb00000, 0x000000008fb00000|100%| O|  |TAMS 0x000000008fa00000| PB 0x000000008fa00000| Untracked |  0
| 251|0x000000008fb00000, 0x000000008fc00000, 0x000000008fc00000|100%| O|  |TAMS 0x000000008fb00000| PB 0x000000008fb00000| Untracked |  0
| 252|0x000000008fc00000, 0x000000008fd00000, 0x000000008fd00000|100%| O|  |TAMS 0x000000008fc00000| PB 0x000000008fc00000| Untracked |  0
| 253|0x000000008fd00000, 0x000000008fe00000, 0x000000008fe00000|100%| O|  |TAMS 0x000000008fd00000| PB 0x000000008fd00000| Untracked |  0
| 254|0x000000008fe00000, 0x000000008ff00000, 0x000000008ff00000|100%| O|Cm|TAMS 0x000000008fe00000| PB 0x000000008fe00000| Complete |  0
| 255|0x000000008ff00000, 0x0000000090000000, 0x0000000090000000|100%| O|  |TAMS 0x000000008ff00000| PB 0x000000008ff00000| Untracked |  0
| 256|0x0000000090000000, 0x0000000090100000, 0x0000000090100000|100%| O|  |TAMS 0x0000000090000000| PB 0x0000000090000000| Untracked |  0
| 257|0x0000000090100000, 0x0000000090100000, 0x0000000090200000|  0%| F|  |TAMS 0x0000000090100000| PB 0x0000000090100000| Untracked |  0
| 258|0x0000000090200000, 0x0000000090200000, 0x0000000090300000|  0%| F|  |TAMS 0x0000000090200000| PB 0x0000000090200000| Untracked |  0
| 259|0x0000000090300000, 0x0000000090400000, 0x0000000090400000|100%| O|  |TAMS 0x0000000090300000| PB 0x0000000090300000| Untracked |  0
| 260|0x0000000090400000, 0x0000000090500000, 0x0000000090500000|100%| O|  |TAMS 0x0000000090400000| PB 0x0000000090400000| Untracked |  0
| 261|0x0000000090500000, 0x0000000090600000, 0x0000000090600000|100%| O|  |TAMS 0x0000000090500000| PB 0x0000000090500000| Untracked |  0
| 262|0x0000000090600000, 0x0000000090600000, 0x0000000090700000|  0%| F|  |TAMS 0x0000000090600000| PB 0x0000000090600000| Untracked |  0
| 263|0x0000000090700000, 0x0000000090700000, 0x0000000090800000|  0%| F|  |TAMS 0x0000000090700000| PB 0x0000000090700000| Untracked |  0
| 264|0x0000000090800000, 0x0000000090800000, 0x0000000090900000|  0%| F|  |TAMS 0x0000000090800000| PB 0x0000000090800000| Untracked |  0
| 265|0x0000000090900000, 0x0000000090900000, 0x0000000090a00000|  0%| F|  |TAMS 0x0000000090900000| PB 0x0000000090900000| Untracked |  0
| 266|0x0000000090a00000, 0x0000000090a00000, 0x0000000090b00000|  0%| F|  |TAMS 0x0000000090a00000| PB 0x0000000090a00000| Untracked |  0
| 267|0x0000000090b00000, 0x0000000090c00000, 0x0000000090c00000|100%| O|Cm|TAMS 0x0000000090b00000| PB 0x0000000090b00000| Complete |  0
| 268|0x0000000090c00000, 0x0000000090c00000, 0x0000000090d00000|  0%| F|  |TAMS 0x0000000090c00000| PB 0x0000000090c00000| Untracked |  0
| 269|0x0000000090d00000, 0x0000000090d00000, 0x0000000090e00000|  0%| F|  |TAMS 0x0000000090d00000| PB 0x0000000090d00000| Untracked |  0
| 270|0x0000000090e00000, 0x0000000090e00000, 0x0000000090f00000|  0%| F|  |TAMS 0x0000000090e00000| PB 0x0000000090e00000| Untracked |  0
| 271|0x0000000090f00000, 0x0000000090f00000, 0x0000000091000000|  0%| F|  |TAMS 0x0000000090f00000| PB 0x0000000090f00000| Untracked |  0
| 272|0x0000000091000000, 0x0000000091000000, 0x0000000091100000|  0%| F|  |TAMS 0x0000000091000000| PB 0x0000000091000000| Untracked |  0
| 273|0x0000000091100000, 0x0000000091100000, 0x0000000091200000|  0%| F|  |TAMS 0x0000000091100000| PB 0x0000000091100000| Untracked |  0
| 274|0x0000000091200000, 0x0000000091200000, 0x0000000091300000|  0%| F|  |TAMS 0x0000000091200000| PB 0x0000000091200000| Untracked |  0
| 275|0x0000000091300000, 0x0000000091300000, 0x0000000091400000|  0%| F|  |TAMS 0x0000000091300000| PB 0x0000000091300000| Untracked |  0
| 276|0x0000000091400000, 0x0000000091400000, 0x0000000091500000|  0%| F|  |TAMS 0x0000000091400000| PB 0x0000000091400000| Untracked |  0
| 277|0x0000000091500000, 0x0000000091500000, 0x0000000091600000|  0%| F|  |TAMS 0x0000000091500000| PB 0x0000000091500000| Untracked |  0
| 278|0x0000000091600000, 0x0000000091600000, 0x0000000091700000|  0%| F|  |TAMS 0x0000000091600000| PB 0x0000000091600000| Untracked |  0
| 279|0x0000000091700000, 0x0000000091700000, 0x0000000091800000|  0%| F|  |TAMS 0x0000000091700000| PB 0x0000000091700000| Untracked |  0
| 280|0x0000000091800000, 0x0000000091800000, 0x0000000091900000|  0%| F|  |TAMS 0x0000000091800000| PB 0x0000000091800000| Untracked |  0
| 281|0x0000000091900000, 0x0000000091900000, 0x0000000091a00000|  0%| F|  |TAMS 0x0000000091900000| PB 0x0000000091900000| Untracked |  0
| 282|0x0000000091a00000, 0x0000000091a00000, 0x0000000091b00000|  0%| F|  |TAMS 0x0000000091a00000| PB 0x0000000091a00000| Untracked |  0
| 283|0x0000000091b00000, 0x0000000091b00000, 0x0000000091c00000|  0%| F|  |TAMS 0x0000000091b00000| PB 0x0000000091b00000| Untracked |  0
| 284|0x0000000091c00000, 0x0000000091c00000, 0x0000000091d00000|  0%| F|  |TAMS 0x0000000091c00000| PB 0x0000000091c00000| Untracked |  0
| 285|0x0000000091d00000, 0x0000000091e00000, 0x0000000091e00000|100%| O|Cm|TAMS 0x0000000091d00000| PB 0x0000000091d00000| Complete |  0
| 286|0x0000000091e00000, 0x0000000091f00000, 0x0000000091f00000|100%| O|  |TAMS 0x0000000091e00000| PB 0x0000000091e00000| Untracked |  0
| 287|0x0000000091f00000, 0x0000000092000000, 0x0000000092000000|100%| O|Cm|TAMS 0x0000000091f00000| PB 0x0000000091f00000| Complete |  0
| 288|0x0000000092000000, 0x0000000092100000, 0x0000000092100000|100%| O|  |TAMS 0x0000000092000000| PB 0x0000000092000000| Untracked |  0
| 289|0x0000000092100000, 0x0000000092200000, 0x0000000092200000|100%| O|  |TAMS 0x0000000092100000| PB 0x0000000092100000| Untracked |  0
| 290|0x0000000092200000, 0x0000000092300000, 0x0000000092300000|100%| O|  |TAMS 0x0000000092200000| PB 0x0000000092200000| Untracked |  0
| 291|0x0000000092300000, 0x0000000092300000, 0x0000000092400000|  0%| F|  |TAMS 0x0000000092300000| PB 0x0000000092300000| Untracked |  0
| 292|0x0000000092400000, 0x0000000092400000, 0x0000000092500000|  0%| F|  |TAMS 0x0000000092400000| PB 0x0000000092400000| Untracked |  0
| 293|0x0000000092500000, 0x0000000092500000, 0x0000000092600000|  0%| F|  |TAMS 0x0000000092500000| PB 0x0000000092500000| Untracked |  0
| 294|0x0000000092600000, 0x0000000092700000, 0x0000000092700000|100%|HS|  |TAMS 0x0000000092600000| PB 0x0000000092600000| Complete |  0
| 295|0x0000000092700000, 0x0000000092700000, 0x0000000092800000|  0%| F|  |TAMS 0x0000000092700000| PB 0x0000000092700000| Untracked |  0
| 296|0x0000000092800000, 0x0000000092900000, 0x0000000092900000|100%| O|  |TAMS 0x0000000092800000| PB 0x0000000092800000| Untracked |  0
| 297|0x0000000092900000, 0x0000000092a00000, 0x0000000092a00000|100%| O|  |TAMS 0x0000000092900000| PB 0x0000000092900000| Untracked |  0
| 298|0x0000000092a00000, 0x0000000092b00000, 0x0000000092b00000|100%| O|  |TAMS 0x0000000092a00000| PB 0x0000000092a00000| Untracked |  0
| 299|0x0000000092b00000, 0x0000000092c00000, 0x0000000092c00000|100%| O|Cm|TAMS 0x0000000092b00000| PB 0x0000000092b00000| Complete |  0
| 300|0x0000000092c00000, 0x0000000092d00000, 0x0000000092d00000|100%|HS|  |TAMS 0x0000000092c00000| PB 0x0000000092c00000| Complete |  0
| 301|0x0000000092d00000, 0x0000000092d00000, 0x0000000092e00000|  0%| F|  |TAMS 0x0000000092d00000| PB 0x0000000092d00000| Untracked |  0
| 302|0x0000000092e00000, 0x0000000092e00000, 0x0000000092f00000|  0%| F|  |TAMS 0x0000000092e00000| PB 0x0000000092e00000| Untracked |  0
| 303|0x0000000092f00000, 0x0000000092f00000, 0x0000000093000000|  0%| F|  |TAMS 0x0000000092f00000| PB 0x0000000092f00000| Untracked |  0
| 304|0x0000000093000000, 0x0000000093100000, 0x0000000093100000|100%| O|Cm|TAMS 0x0000000093000000| PB 0x0000000093000000| Complete |  0
| 305|0x0000000093100000, 0x0000000093100000, 0x0000000093200000|  0%| F|  |TAMS 0x0000000093100000| PB 0x0000000093100000| Untracked |  0
| 306|0x0000000093200000, 0x0000000093300000, 0x0000000093300000|100%| O|  |TAMS 0x0000000093200000| PB 0x0000000093200000| Untracked |  0
| 307|0x0000000093300000, 0x0000000093400000, 0x0000000093400000|100%| O|  |TAMS 0x0000000093300000| PB 0x0000000093300000| Untracked |  0
| 308|0x0000000093400000, 0x0000000093400000, 0x0000000093500000|  0%| F|  |TAMS 0x0000000093400000| PB 0x0000000093400000| Untracked |  0
| 309|0x0000000093500000, 0x0000000093500000, 0x0000000093600000|  0%| F|  |TAMS 0x0000000093500000| PB 0x0000000093500000| Untracked |  0
| 310|0x0000000093600000, 0x0000000093600000, 0x0000000093700000|  0%| F|  |TAMS 0x0000000093600000| PB 0x0000000093600000| Untracked |  0
| 311|0x0000000093700000, 0x0000000093700000, 0x0000000093800000|  0%| F|  |TAMS 0x0000000093700000| PB 0x0000000093700000| Untracked |  0
| 312|0x0000000093800000, 0x0000000093800000, 0x0000000093900000|  0%| F|  |TAMS 0x0000000093800000| PB 0x0000000093800000| Untracked |  0
| 313|0x0000000093900000, 0x0000000093a00000, 0x0000000093a00000|100%|HS|  |TAMS 0x0000000093900000| PB 0x0000000093900000| Complete |  0
| 314|0x0000000093a00000, 0x0000000093a00000, 0x0000000093b00000|  0%| F|  |TAMS 0x0000000093a00000| PB 0x0000000093a00000| Untracked |  0
| 315|0x0000000093b00000, 0x0000000093c00000, 0x0000000093c00000|100%|HS|  |TAMS 0x0000000093b00000| PB 0x0000000093b00000| Complete |  0
| 316|0x0000000093c00000, 0x0000000093c00000, 0x0000000093d00000|  0%| F|  |TAMS 0x0000000093c00000| PB 0x0000000093c00000| Untracked |  0
| 317|0x0000000093d00000, 0x0000000093e00000, 0x0000000093e00000|100%| O|Cm|TAMS 0x0000000093d00000| PB 0x0000000093d00000| Complete |  0
| 318|0x0000000093e00000, 0x0000000093e00000, 0x0000000093f00000|  0%| F|  |TAMS 0x0000000093e00000| PB 0x0000000093e00000| Untracked |  0
| 319|0x0000000093f00000, 0x0000000093f00000, 0x0000000094000000|  0%| F|  |TAMS 0x0000000093f00000| PB 0x0000000093f00000| Untracked |  0
| 320|0x0000000094000000, 0x0000000094100000, 0x0000000094100000|100%| O|  |TAMS 0x0000000094000000| PB 0x0000000094000000| Untracked |  0
| 321|0x0000000094100000, 0x0000000094100000, 0x0000000094200000|  0%| F|  |TAMS 0x0000000094100000| PB 0x0000000094100000| Untracked |  0
| 322|0x0000000094200000, 0x0000000094200000, 0x0000000094300000|  0%| F|  |TAMS 0x0000000094200000| PB 0x0000000094200000| Untracked |  0
| 323|0x0000000094300000, 0x0000000094400000, 0x0000000094400000|100%| O|  |TAMS 0x0000000094300000| PB 0x0000000094300000| Untracked |  0
| 324|0x0000000094400000, 0x0000000094500000, 0x0000000094500000|100%| O|  |TAMS 0x0000000094400000| PB 0x0000000094400000| Untracked |  0
| 325|0x0000000094500000, 0x0000000094600000, 0x0000000094600000|100%| O|  |TAMS 0x0000000094500000| PB 0x0000000094500000| Untracked |  0
| 326|0x0000000094600000, 0x0000000094700000, 0x0000000094700000|100%| O|  |TAMS 0x0000000094600000| PB 0x0000000094600000| Untracked |  0
| 327|0x0000000094700000, 0x0000000094800000, 0x0000000094800000|100%| O|  |TAMS 0x0000000094700000| PB 0x0000000094700000| Untracked |  0
| 328|0x0000000094800000, 0x0000000094900000, 0x0000000094900000|100%| O|  |TAMS 0x0000000094800000| PB 0x0000000094800000| Untracked |  0
| 329|0x0000000094900000, 0x0000000094a00000, 0x0000000094a00000|100%| O|  |TAMS 0x0000000094900000| PB 0x0000000094900000| Untracked |  0
| 330|0x0000000094a00000, 0x0000000094a00000, 0x0000000094b00000|  0%| F|  |TAMS 0x0000000094a00000| PB 0x0000000094a00000| Untracked |  0
| 331|0x0000000094b00000, 0x0000000094b00000, 0x0000000094c00000|  0%| F|  |TAMS 0x0000000094b00000| PB 0x0000000094b00000| Untracked |  0
| 332|0x0000000094c00000, 0x0000000094d00000, 0x0000000094d00000|100%| O|  |TAMS 0x0000000094c00000| PB 0x0000000094c00000| Untracked |  0
| 333|0x0000000094d00000, 0x0000000094e00000, 0x0000000094e00000|100%| O|  |TAMS 0x0000000094d00000| PB 0x0000000094d00000| Untracked |  0
| 334|0x0000000094e00000, 0x0000000094e00000, 0x0000000094f00000|  0%| F|  |TAMS 0x0000000094e00000| PB 0x0000000094e00000| Untracked |  0
| 335|0x0000000094f00000, 0x0000000094f00000, 0x0000000095000000|  0%| F|  |TAMS 0x0000000094f00000| PB 0x0000000094f00000| Untracked |  0
| 336|0x0000000095000000, 0x0000000095000000, 0x0000000095100000|  0%| F|  |TAMS 0x0000000095000000| PB 0x0000000095000000| Untracked |  0
| 337|0x0000000095100000, 0x0000000095100000, 0x0000000095200000|  0%| F|  |TAMS 0x0000000095100000| PB 0x0000000095100000| Untracked |  0
| 338|0x0000000095200000, 0x0000000095200000, 0x0000000095300000|  0%| F|  |TAMS 0x0000000095200000| PB 0x0000000095200000| Untracked |  0
| 339|0x0000000095300000, 0x0000000095300000, 0x0000000095400000|  0%| F|  |TAMS 0x0000000095300000| PB 0x0000000095300000| Untracked |  0
| 340|0x0000000095400000, 0x0000000095500000, 0x0000000095500000|100%| O|  |TAMS 0x0000000095400000| PB 0x0000000095400000| Untracked |  0
| 341|0x0000000095500000, 0x0000000095600000, 0x0000000095600000|100%| O|  |TAMS 0x0000000095500000| PB 0x0000000095500000| Untracked |  0
| 342|0x0000000095600000, 0x0000000095600000, 0x0000000095700000|  0%| F|  |TAMS 0x0000000095600000| PB 0x0000000095600000| Untracked |  0
| 343|0x0000000095700000, 0x0000000095700000, 0x0000000095800000|  0%| F|  |TAMS 0x0000000095700000| PB 0x0000000095700000| Untracked |  0
| 344|0x0000000095800000, 0x0000000095800000, 0x0000000095900000|  0%| F|  |TAMS 0x0000000095800000| PB 0x0000000095800000| Untracked |  0
| 345|0x0000000095900000, 0x0000000095a00000, 0x0000000095a00000|100%| O|  |TAMS 0x0000000095900000| PB 0x0000000095900000| Untracked |  0
| 346|0x0000000095a00000, 0x0000000095b00000, 0x0000000095b00000|100%| O|  |TAMS 0x0000000095a00000| PB 0x0000000095a00000| Untracked |  0
| 347|0x0000000095b00000, 0x0000000095b00000, 0x0000000095c00000|  0%| F|  |TAMS 0x0000000095b00000| PB 0x0000000095b00000| Untracked |  0
| 348|0x0000000095c00000, 0x0000000095c00000, 0x0000000095d00000|  0%| F|  |TAMS 0x0000000095c00000| PB 0x0000000095c00000| Untracked |  0
| 349|0x0000000095d00000, 0x0000000095d00000, 0x0000000095e00000|  0%| F|  |TAMS 0x0000000095d00000| PB 0x0000000095d00000| Untracked |  0
| 350|0x0000000095e00000, 0x0000000095e00000, 0x0000000095f00000|  0%| F|  |TAMS 0x0000000095e00000| PB 0x0000000095e00000| Untracked |  0
| 351|0x0000000095f00000, 0x0000000095f00000, 0x0000000096000000|  0%| F|  |TAMS 0x0000000095f00000| PB 0x0000000095f00000| Untracked |  0
| 352|0x0000000096000000, 0x0000000096000000, 0x0000000096100000|  0%| F|  |TAMS 0x0000000096000000| PB 0x0000000096000000| Untracked |  0
| 353|0x0000000096100000, 0x0000000096100000, 0x0000000096200000|  0%| F|  |TAMS 0x0000000096100000| PB 0x0000000096100000| Untracked |  0
| 354|0x0000000096200000, 0x0000000096300000, 0x0000000096300000|100%| O|  |TAMS 0x0000000096200000| PB 0x0000000096200000| Untracked |  0
| 355|0x0000000096300000, 0x0000000096300000, 0x0000000096400000|  0%| F|  |TAMS 0x0000000096300000| PB 0x0000000096300000| Untracked |  0
| 356|0x0000000096400000, 0x0000000096400000, 0x0000000096500000|  0%| F|  |TAMS 0x0000000096400000| PB 0x0000000096400000| Untracked |  0
| 357|0x0000000096500000, 0x0000000096500000, 0x0000000096600000|  0%| F|  |TAMS 0x0000000096500000| PB 0x0000000096500000| Untracked |  0
| 358|0x0000000096600000, 0x0000000096600000, 0x0000000096700000|  0%| F|  |TAMS 0x0000000096600000| PB 0x0000000096600000| Untracked |  0
| 359|0x0000000096700000, 0x0000000096700000, 0x0000000096800000|  0%| F|  |TAMS 0x0000000096700000| PB 0x0000000096700000| Untracked |  0
| 360|0x0000000096800000, 0x0000000096900000, 0x0000000096900000|100%| O|  |TAMS 0x0000000096800000| PB 0x0000000096800000| Untracked |  0
| 361|0x0000000096900000, 0x0000000096a00000, 0x0000000096a00000|100%| O|  |TAMS 0x0000000096900000| PB 0x0000000096900000| Untracked |  0
| 362|0x0000000096a00000, 0x0000000096b00000, 0x0000000096b00000|100%| O|Cm|TAMS 0x0000000096a00000| PB 0x0000000096a00000| Complete |  0
| 363|0x0000000096b00000, 0x0000000096c00000, 0x0000000096c00000|100%| O|  |TAMS 0x0000000096b00000| PB 0x0000000096b00000| Untracked |  0
| 364|0x0000000096c00000, 0x0000000096d00000, 0x0000000096d00000|100%| O|  |TAMS 0x0000000096c00000| PB 0x0000000096c00000| Untracked |  0
| 365|0x0000000096d00000, 0x0000000096d00000, 0x0000000096e00000|  0%| F|  |TAMS 0x0000000096d00000| PB 0x0000000096d00000| Untracked |  0
| 366|0x0000000096e00000, 0x0000000096e00000, 0x0000000096f00000|  0%| F|  |TAMS 0x0000000096e00000| PB 0x0000000096e00000| Untracked |  0
| 367|0x0000000096f00000, 0x0000000096f00000, 0x0000000097000000|  0%| F|  |TAMS 0x0000000096f00000| PB 0x0000000096f00000| Untracked |  0
| 368|0x0000000097000000, 0x0000000097000000, 0x0000000097100000|  0%| F|  |TAMS 0x0000000097000000| PB 0x0000000097000000| Untracked |  0
| 369|0x0000000097100000, 0x0000000097100000, 0x0000000097200000|  0%| F|  |TAMS 0x0000000097100000| PB 0x0000000097100000| Untracked |  0
| 370|0x0000000097200000, 0x0000000097200000, 0x0000000097300000|  0%| F|  |TAMS 0x0000000097200000| PB 0x0000000097200000| Untracked |  0
| 371|0x0000000097300000, 0x0000000097300000, 0x0000000097400000|  0%| F|  |TAMS 0x0000000097300000| PB 0x0000000097300000| Untracked |  0
| 372|0x0000000097400000, 0x0000000097400000, 0x0000000097500000|  0%| F|  |TAMS 0x0000000097400000| PB 0x0000000097400000| Untracked |  0
| 373|0x0000000097500000, 0x0000000097500000, 0x0000000097600000|  0%| F|  |TAMS 0x0000000097500000| PB 0x0000000097500000| Untracked |  0
| 374|0x0000000097600000, 0x0000000097600000, 0x0000000097700000|  0%| F|  |TAMS 0x0000000097600000| PB 0x0000000097600000| Untracked |  0
| 375|0x0000000097700000, 0x0000000097700000, 0x0000000097800000|  0%| F|  |TAMS 0x0000000097700000| PB 0x0000000097700000| Untracked |  0
| 376|0x0000000097800000, 0x0000000097800000, 0x0000000097900000|  0%| F|  |TAMS 0x0000000097800000| PB 0x0000000097800000| Untracked |  0
| 377|0x0000000097900000, 0x0000000097900000, 0x0000000097a00000|  0%| F|  |TAMS 0x0000000097900000| PB 0x0000000097900000| Untracked |  0
| 378|0x0000000097a00000, 0x0000000097a00000, 0x0000000097b00000|  0%| F|  |TAMS 0x0000000097a00000| PB 0x0000000097a00000| Untracked |  0
| 379|0x0000000097b00000, 0x0000000097b00000, 0x0000000097c00000|  0%| F|  |TAMS 0x0000000097b00000| PB 0x0000000097b00000| Untracked |  0
| 380|0x0000000097c00000, 0x0000000097c00000, 0x0000000097d00000|  0%| F|  |TAMS 0x0000000097c00000| PB 0x0000000097c00000| Untracked |  0
| 381|0x0000000097d00000, 0x0000000097d00000, 0x0000000097e00000|  0%| F|  |TAMS 0x0000000097d00000| PB 0x0000000097d00000| Untracked |  0
| 382|0x0000000097e00000, 0x0000000097e00000, 0x0000000097f00000|  0%| F|  |TAMS 0x0000000097e00000| PB 0x0000000097e00000| Untracked |  0
| 383|0x0000000097f00000, 0x0000000097f00000, 0x0000000098000000|  0%| F|  |TAMS 0x0000000097f00000| PB 0x0000000097f00000| Untracked |  0
| 384|0x0000000098000000, 0x0000000098000000, 0x0000000098100000|  0%| F|  |TAMS 0x0000000098000000| PB 0x0000000098000000| Untracked |  0
| 385|0x0000000098100000, 0x0000000098200000, 0x0000000098200000|100%|HS|  |TAMS 0x0000000098100000| PB 0x0000000098100000| Complete |  0
| 386|0x0000000098200000, 0x0000000098300000, 0x0000000098300000|100%|HC|  |TAMS 0x0000000098200000| PB 0x0000000098200000| Complete |  0
| 387|0x0000000098300000, 0x0000000098400000, 0x0000000098400000|100%|HC|  |TAMS 0x0000000098300000| PB 0x0000000098300000| Complete |  0
| 388|0x0000000098400000, 0x0000000098500000, 0x0000000098500000|100%|HC|  |TAMS 0x0000000098400000| PB 0x0000000098400000| Complete |  0
| 389|0x0000000098500000, 0x0000000098600000, 0x0000000098600000|100%|HC|  |TAMS 0x0000000098500000| PB 0x0000000098500000| Complete |  0
| 390|0x0000000098600000, 0x0000000098700000, 0x0000000098700000|100%|HC|  |TAMS 0x0000000098600000| PB 0x0000000098600000| Complete |  0
| 391|0x0000000098700000, 0x0000000098800000, 0x0000000098800000|100%|HC|  |TAMS 0x0000000098700000| PB 0x0000000098700000| Complete |  0
| 392|0x0000000098800000, 0x0000000098800000, 0x0000000098900000|  0%| F|  |TAMS 0x0000000098800000| PB 0x0000000098800000| Untracked |  0
| 393|0x0000000098900000, 0x0000000098900000, 0x0000000098a00000|  0%| F|  |TAMS 0x0000000098900000| PB 0x0000000098900000| Untracked |  0
| 394|0x0000000098a00000, 0x0000000098a00000, 0x0000000098b00000|  0%| F|  |TAMS 0x0000000098a00000| PB 0x0000000098a00000| Untracked |  0
| 395|0x0000000098b00000, 0x0000000098b00000, 0x0000000098c00000|  0%| F|  |TAMS 0x0000000098b00000| PB 0x0000000098b00000| Untracked |  0
| 396|0x0000000098c00000, 0x0000000098c00000, 0x0000000098d00000|  0%| F|  |TAMS 0x0000000098c00000| PB 0x0000000098c00000| Untracked |  0
| 397|0x0000000098d00000, 0x0000000098d00000, 0x0000000098e00000|  0%| F|  |TAMS 0x0000000098d00000| PB 0x0000000098d00000| Untracked |  0
| 398|0x0000000098e00000, 0x0000000098e00000, 0x0000000098f00000|  0%| F|  |TAMS 0x0000000098e00000| PB 0x0000000098e00000| Untracked |  0
| 399|0x0000000098f00000, 0x0000000098f00000, 0x0000000099000000|  0%| F|  |TAMS 0x0000000098f00000| PB 0x0000000098f00000| Untracked |  0
| 400|0x0000000099000000, 0x0000000099000000, 0x0000000099100000|  0%| F|  |TAMS 0x0000000099000000| PB 0x0000000099000000| Untracked |  0
| 401|0x0000000099100000, 0x0000000099100000, 0x0000000099200000|  0%| F|  |TAMS 0x0000000099100000| PB 0x0000000099100000| Untracked |  0
| 402|0x0000000099200000, 0x0000000099200000, 0x0000000099300000|  0%| F|  |TAMS 0x0000000099200000| PB 0x0000000099200000| Untracked |  0
| 403|0x0000000099300000, 0x0000000099300000, 0x0000000099400000|  0%| F|  |TAMS 0x0000000099300000| PB 0x0000000099300000| Untracked |  0
| 404|0x0000000099400000, 0x0000000099400000, 0x0000000099500000|  0%| F|  |TAMS 0x0000000099400000| PB 0x0000000099400000| Untracked |  0
| 405|0x0000000099500000, 0x0000000099500000, 0x0000000099600000|  0%| F|  |TAMS 0x0000000099500000| PB 0x0000000099500000| Untracked |  0
| 406|0x0000000099600000, 0x0000000099600000, 0x0000000099700000|  0%| F|  |TAMS 0x0000000099600000| PB 0x0000000099600000| Untracked |  0
| 407|0x0000000099700000, 0x0000000099700000, 0x0000000099800000|  0%| F|  |TAMS 0x0000000099700000| PB 0x0000000099700000| Untracked |  0
| 408|0x0000000099800000, 0x0000000099900000, 0x0000000099900000|100%| O|  |TAMS 0x0000000099800000| PB 0x0000000099800000| Untracked |  0
| 409|0x0000000099900000, 0x0000000099900000, 0x0000000099a00000|  0%| F|  |TAMS 0x0000000099900000| PB 0x0000000099900000| Untracked |  0
| 410|0x0000000099a00000, 0x0000000099a00000, 0x0000000099b00000|  0%| F|  |TAMS 0x0000000099a00000| PB 0x0000000099a00000| Untracked |  0
| 411|0x0000000099b00000, 0x0000000099b00000, 0x0000000099c00000|  0%| F|  |TAMS 0x0000000099b00000| PB 0x0000000099b00000| Untracked |  0
| 412|0x0000000099c00000, 0x0000000099c00000, 0x0000000099d00000|  0%| F|  |TAMS 0x0000000099c00000| PB 0x0000000099c00000| Untracked |  0
| 413|0x0000000099d00000, 0x0000000099d00000, 0x0000000099e00000|  0%| F|  |TAMS 0x0000000099d00000| PB 0x0000000099d00000| Untracked |  0
| 414|0x0000000099e00000, 0x0000000099e00000, 0x0000000099f00000|  0%| F|  |TAMS 0x0000000099e00000| PB 0x0000000099e00000| Untracked |  0
| 415|0x0000000099f00000, 0x0000000099f00000, 0x000000009a000000|  0%| F|  |TAMS 0x0000000099f00000| PB 0x0000000099f00000| Untracked |  0
| 416|0x000000009a000000, 0x000000009a000000, 0x000000009a100000|  0%| F|  |TAMS 0x000000009a000000| PB 0x000000009a000000| Untracked |  0
| 417|0x000000009a100000, 0x000000009a100000, 0x000000009a200000|  0%| F|  |TAMS 0x000000009a100000| PB 0x000000009a100000| Untracked |  0
| 418|0x000000009a200000, 0x000000009a200000, 0x000000009a300000|  0%| F|  |TAMS 0x000000009a200000| PB 0x000000009a200000| Untracked |  0
| 419|0x000000009a300000, 0x000000009a300000, 0x000000009a400000|  0%| F|  |TAMS 0x000000009a300000| PB 0x000000009a300000| Untracked |  0
| 420|0x000000009a400000, 0x000000009a400000, 0x000000009a500000|  0%| F|  |TAMS 0x000000009a400000| PB 0x000000009a400000| Untracked |  0
| 421|0x000000009a500000, 0x000000009a500000, 0x000000009a600000|  0%| F|  |TAMS 0x000000009a500000| PB 0x000000009a500000| Untracked |  0
| 422|0x000000009a600000, 0x000000009a600000, 0x000000009a700000|  0%| F|  |TAMS 0x000000009a600000| PB 0x000000009a600000| Untracked |  0
| 423|0x000000009a700000, 0x000000009a700000, 0x000000009a800000|  0%| F|  |TAMS 0x000000009a700000| PB 0x000000009a700000| Untracked |  0
| 424|0x000000009a800000, 0x000000009a800000, 0x000000009a900000|  0%| F|  |TAMS 0x000000009a800000| PB 0x000000009a800000| Untracked |  0
| 425|0x000000009a900000, 0x000000009a900000, 0x000000009aa00000|  0%| F|  |TAMS 0x000000009a900000| PB 0x000000009a900000| Untracked |  0
| 426|0x000000009aa00000, 0x000000009ab00000, 0x000000009ab00000|100%| O|  |TAMS 0x000000009aa00000| PB 0x000000009aa00000| Untracked |  0
| 427|0x000000009ab00000, 0x000000009ac00000, 0x000000009ac00000|100%| O|Cm|TAMS 0x000000009ab00000| PB 0x000000009ab00000| Complete |  0
| 428|0x000000009ac00000, 0x000000009ad00000, 0x000000009ad00000|100%| O|Cm|TAMS 0x000000009ac00000| PB 0x000000009ac00000| Complete |  0
| 429|0x000000009ad00000, 0x000000009ae00000, 0x000000009ae00000|100%| O|  |TAMS 0x000000009ad00000| PB 0x000000009ad00000| Untracked |  0
| 430|0x000000009ae00000, 0x000000009af00000, 0x000000009af00000|100%| O|Cm|TAMS 0x000000009ae00000| PB 0x000000009ae00000| Complete |  0
| 431|0x000000009af00000, 0x000000009af00000, 0x000000009b000000|  0%| F|  |TAMS 0x000000009af00000| PB 0x000000009af00000| Untracked |  0
| 432|0x000000009b000000, 0x000000009b000000, 0x000000009b100000|  0%| F|  |TAMS 0x000000009b000000| PB 0x000000009b000000| Untracked |  0
| 433|0x000000009b100000, 0x000000009b200000, 0x000000009b200000|100%| O|  |TAMS 0x000000009b100000| PB 0x000000009b100000| Untracked |  0
| 434|0x000000009b200000, 0x000000009b300000, 0x000000009b300000|100%| O|Cm|TAMS 0x000000009b200000| PB 0x000000009b200000| Complete |  0
| 435|0x000000009b300000, 0x000000009b400000, 0x000000009b400000|100%| O|  |TAMS 0x000000009b300000| PB 0x000000009b300000| Untracked |  0
| 436|0x000000009b400000, 0x000000009b500000, 0x000000009b500000|100%| O|  |TAMS 0x000000009b400000| PB 0x000000009b400000| Untracked |  0
| 437|0x000000009b500000, 0x000000009b500000, 0x000000009b600000|  0%| F|  |TAMS 0x000000009b500000| PB 0x000000009b500000| Untracked |  0
| 438|0x000000009b600000, 0x000000009b700000, 0x000000009b700000|100%| O|  |TAMS 0x000000009b600000| PB 0x000000009b600000| Untracked |  0
| 439|0x000000009b700000, 0x000000009b800000, 0x000000009b800000|100%| O|Cm|TAMS 0x000000009b700000| PB 0x000000009b700000| Complete |  0
| 440|0x000000009b800000, 0x000000009b900000, 0x000000009b900000|100%| O|Cm|TAMS 0x000000009b800000| PB 0x000000009b800000| Complete |  0
| 441|0x000000009b900000, 0x000000009ba00000, 0x000000009ba00000|100%| O|  |TAMS 0x000000009b900000| PB 0x000000009b900000| Untracked |  0
| 442|0x000000009ba00000, 0x000000009bb00000, 0x000000009bb00000|100%| O|  |TAMS 0x000000009ba00000| PB 0x000000009ba00000| Untracked |  0
| 443|0x000000009bb00000, 0x000000009bc00000, 0x000000009bc00000|100%| O|  |TAMS 0x000000009bb00000| PB 0x000000009bb00000| Untracked |  0
| 444|0x000000009bc00000, 0x000000009bd00000, 0x000000009bd00000|100%| O|Cm|TAMS 0x000000009bc00000| PB 0x000000009bc00000| Complete |  0
| 445|0x000000009bd00000, 0x000000009be00000, 0x000000009be00000|100%| O|  |TAMS 0x000000009bd00000| PB 0x000000009bd00000| Untracked |  0
| 446|0x000000009be00000, 0x000000009bf00000, 0x000000009bf00000|100%| O|  |TAMS 0x000000009be00000| PB 0x000000009be00000| Untracked |  0
| 447|0x000000009bf00000, 0x000000009c000000, 0x000000009c000000|100%| O|  |TAMS 0x000000009bf00000| PB 0x000000009bf00000| Untracked |  0
| 448|0x000000009c000000, 0x000000009c100000, 0x000000009c100000|100%| O|  |TAMS 0x000000009c000000| PB 0x000000009c000000| Untracked |  0
| 449|0x000000009c100000, 0x000000009c200000, 0x000000009c200000|100%| O|Cm|TAMS 0x000000009c100000| PB 0x000000009c100000| Complete |  0
| 450|0x000000009c200000, 0x000000009c200000, 0x000000009c300000|  0%| F|  |TAMS 0x000000009c200000| PB 0x000000009c200000| Untracked |  0
| 451|0x000000009c300000, 0x000000009c400000, 0x000000009c400000|100%| O|  |TAMS 0x000000009c300000| PB 0x000000009c300000| Untracked |  0
| 452|0x000000009c400000, 0x000000009c500000, 0x000000009c500000|100%| O|Cm|TAMS 0x000000009c400000| PB 0x000000009c400000| Complete |  0
| 453|0x000000009c500000, 0x000000009c500000, 0x000000009c600000|  0%| F|  |TAMS 0x000000009c500000| PB 0x000000009c500000| Untracked |  0
| 454|0x000000009c600000, 0x000000009c700000, 0x000000009c700000|100%| O|Cm|TAMS 0x000000009c600000| PB 0x000000009c600000| Complete |  0
| 455|0x000000009c700000, 0x000000009c800000, 0x000000009c800000|100%| O|  |TAMS 0x000000009c700000| PB 0x000000009c700000| Untracked |  0
| 456|0x000000009c800000, 0x000000009c800000, 0x000000009c900000|  0%| F|  |TAMS 0x000000009c800000| PB 0x000000009c800000| Untracked |  0
| 457|0x000000009c900000, 0x000000009ca00000, 0x000000009ca00000|100%| O|  |TAMS 0x000000009c900000| PB 0x000000009c900000| Untracked |  0
| 458|0x000000009ca00000, 0x000000009cb00000, 0x000000009cb00000|100%| O|Cm|TAMS 0x000000009ca00000| PB 0x000000009ca00000| Complete |  0
| 459|0x000000009cb00000, 0x000000009cc00000, 0x000000009cc00000|100%| O|Cm|TAMS 0x000000009cb00000| PB 0x000000009cb00000| Complete |  0
| 460|0x000000009cc00000, 0x000000009cd00000, 0x000000009cd00000|100%| O|  |TAMS 0x000000009cc00000| PB 0x000000009cc00000| Untracked |  0
| 461|0x000000009cd00000, 0x000000009ce00000, 0x000000009ce00000|100%| O|  |TAMS 0x000000009cd00000| PB 0x000000009cd00000| Untracked |  0
| 462|0x000000009ce00000, 0x000000009cf00000, 0x000000009cf00000|100%| O|  |TAMS 0x000000009ce00000| PB 0x000000009ce00000| Untracked |  0
| 463|0x000000009cf00000, 0x000000009d000000, 0x000000009d000000|100%| O|  |TAMS 0x000000009cf00000| PB 0x000000009cf00000| Untracked |  0
| 464|0x000000009d000000, 0x000000009d100000, 0x000000009d100000|100%| O|  |TAMS 0x000000009d000000| PB 0x000000009d000000| Untracked |  0
| 465|0x000000009d100000, 0x000000009d100000, 0x000000009d200000|  0%| F|  |TAMS 0x000000009d100000| PB 0x000000009d100000| Untracked |  0
| 466|0x000000009d200000, 0x000000009d300000, 0x000000009d300000|100%| O|  |TAMS 0x000000009d200000| PB 0x000000009d200000| Untracked |  0
| 467|0x000000009d300000, 0x000000009d400000, 0x000000009d400000|100%| O|Cm|TAMS 0x000000009d300000| PB 0x000000009d300000| Complete |  0
| 468|0x000000009d400000, 0x000000009d500000, 0x000000009d500000|100%| O|  |TAMS 0x000000009d400000| PB 0x000000009d400000| Untracked |  0
| 469|0x000000009d500000, 0x000000009d600000, 0x000000009d600000|100%| O|Cm|TAMS 0x000000009d500000| PB 0x000000009d500000| Complete |  0
| 470|0x000000009d600000, 0x000000009d700000, 0x000000009d700000|100%| O|Cm|TAMS 0x000000009d600000| PB 0x000000009d600000| Complete |  0
| 471|0x000000009d700000, 0x000000009d800000, 0x000000009d800000|100%| O|Cm|TAMS 0x000000009d700000| PB 0x000000009d700000| Complete |  0
| 472|0x000000009d800000, 0x000000009d900000, 0x000000009d900000|100%| O|Cm|TAMS 0x000000009d800000| PB 0x000000009d800000| Complete |  0
| 473|0x000000009d900000, 0x000000009da00000, 0x000000009da00000|100%| O|  |TAMS 0x000000009d900000| PB 0x000000009d900000| Untracked |  0
| 474|0x000000009da00000, 0x000000009db00000, 0x000000009db00000|100%| O|Cm|TAMS 0x000000009da00000| PB 0x000000009da00000| Complete |  0
| 475|0x000000009db00000, 0x000000009dc00000, 0x000000009dc00000|100%| O|Cm|TAMS 0x000000009db00000| PB 0x000000009db00000| Complete |  0
| 476|0x000000009dc00000, 0x000000009dd00000, 0x000000009dd00000|100%| O|  |TAMS 0x000000009dc00000| PB 0x000000009dc00000| Untracked |  0
| 477|0x000000009dd00000, 0x000000009de00000, 0x000000009de00000|100%| O|Cm|TAMS 0x000000009dd00000| PB 0x000000009dd00000| Complete |  0
| 478|0x000000009de00000, 0x000000009df00000, 0x000000009df00000|100%| O|Cm|TAMS 0x000000009de00000| PB 0x000000009de00000| Complete |  0
| 479|0x000000009df00000, 0x000000009df00000, 0x000000009e000000|  0%| F|  |TAMS 0x000000009df00000| PB 0x000000009df00000| Untracked |  0
| 480|0x000000009e000000, 0x000000009e100000, 0x000000009e100000|100%| O|  |TAMS 0x000000009e000000| PB 0x000000009e000000| Untracked |  0
| 481|0x000000009e100000, 0x000000009e200000, 0x000000009e200000|100%| O|  |TAMS 0x000000009e100000| PB 0x000000009e100000| Untracked |  0
| 482|0x000000009e200000, 0x000000009e300000, 0x000000009e300000|100%| O|  |TAMS 0x000000009e200000| PB 0x000000009e200000| Untracked |  0
| 483|0x000000009e300000, 0x000000009e400000, 0x000000009e400000|100%| O|  |TAMS 0x000000009e300000| PB 0x000000009e300000| Untracked |  0
| 484|0x000000009e400000, 0x000000009e500000, 0x000000009e500000|100%| O|  |TAMS 0x000000009e400000| PB 0x000000009e400000| Untracked |  0
| 485|0x000000009e500000, 0x000000009e600000, 0x000000009e600000|100%| O|  |TAMS 0x000000009e500000| PB 0x000000009e500000| Untracked |  0
| 486|0x000000009e600000, 0x000000009e600000, 0x000000009e700000|  0%| F|  |TAMS 0x000000009e600000| PB 0x000000009e600000| Untracked |  0
| 487|0x000000009e700000, 0x000000009e800000, 0x000000009e800000|100%| O|Cm|TAMS 0x000000009e700000| PB 0x000000009e700000| Complete |  0
| 488|0x000000009e800000, 0x000000009e900000, 0x000000009e900000|100%| O|  |TAMS 0x000000009e800000| PB 0x000000009e800000| Untracked |  0
| 489|0x000000009e900000, 0x000000009ea00000, 0x000000009ea00000|100%| O|  |TAMS 0x000000009e900000| PB 0x000000009e900000| Untracked |  0
| 490|0x000000009ea00000, 0x000000009eb00000, 0x000000009eb00000|100%| O|Cm|TAMS 0x000000009ea00000| PB 0x000000009ea00000| Complete |  0
| 491|0x000000009eb00000, 0x000000009ec00000, 0x000000009ec00000|100%| O|  |TAMS 0x000000009eb00000| PB 0x000000009eb00000| Untracked |  0
| 492|0x000000009ec00000, 0x000000009ed00000, 0x000000009ed00000|100%| O|  |TAMS 0x000000009ec00000| PB 0x000000009ec00000| Untracked |  0
| 493|0x000000009ed00000, 0x000000009ed00000, 0x000000009ee00000|  0%| F|  |TAMS 0x000000009ed00000| PB 0x000000009ed00000| Untracked |  0
| 494|0x000000009ee00000, 0x000000009ef00000, 0x000000009ef00000|100%| O|  |TAMS 0x000000009ee00000| PB 0x000000009ee00000| Untracked |  0
| 495|0x000000009ef00000, 0x000000009ef00000, 0x000000009f000000|  0%| F|  |TAMS 0x000000009ef00000| PB 0x000000009ef00000| Untracked |  0
| 496|0x000000009f000000, 0x000000009f100000, 0x000000009f100000|100%| O|  |TAMS 0x000000009f000000| PB 0x000000009f000000| Untracked |  0
| 497|0x000000009f100000, 0x000000009f200000, 0x000000009f200000|100%| O|  |TAMS 0x000000009f100000| PB 0x000000009f100000| Untracked |  0
| 498|0x000000009f200000, 0x000000009f300000, 0x000000009f300000|100%| O|  |TAMS 0x000000009f200000| PB 0x000000009f200000| Untracked |  0
| 499|0x000000009f300000, 0x000000009f400000, 0x000000009f400000|100%| O|  |TAMS 0x000000009f300000| PB 0x000000009f300000| Untracked |  0
| 500|0x000000009f400000, 0x000000009f400000, 0x000000009f500000|  0%| F|  |TAMS 0x000000009f400000| PB 0x000000009f400000| Untracked |  0
| 501|0x000000009f500000, 0x000000009f600000, 0x000000009f600000|100%| O|  |TAMS 0x000000009f500000| PB 0x000000009f500000| Untracked |  0
| 502|0x000000009f600000, 0x000000009f600000, 0x000000009f700000|  0%| F|  |TAMS 0x000000009f600000| PB 0x000000009f600000| Untracked |  0
| 503|0x000000009f700000, 0x000000009f800000, 0x000000009f800000|100%| O|Cm|TAMS 0x000000009f700000| PB 0x000000009f700000| Complete |  0
| 504|0x000000009f800000, 0x000000009f900000, 0x000000009f900000|100%| O|Cm|TAMS 0x000000009f800000| PB 0x000000009f800000| Complete |  0
| 505|0x000000009f900000, 0x000000009f900000, 0x000000009fa00000|  0%| F|  |TAMS 0x000000009f900000| PB 0x000000009f900000| Untracked |  0
| 506|0x000000009fa00000, 0x000000009fb00000, 0x000000009fb00000|100%| O|  |TAMS 0x000000009fa00000| PB 0x000000009fa00000| Untracked |  0
| 507|0x000000009fb00000, 0x000000009fb00000, 0x000000009fc00000|  0%| F|  |TAMS 0x000000009fb00000| PB 0x000000009fb00000| Untracked |  0
| 508|0x000000009fc00000, 0x000000009fc00000, 0x000000009fd00000|  0%| F|  |TAMS 0x000000009fc00000| PB 0x000000009fc00000| Untracked |  0
| 509|0x000000009fd00000, 0x000000009fd00000, 0x000000009fe00000|  0%| F|  |TAMS 0x000000009fd00000| PB 0x000000009fd00000| Untracked |  0
| 510|0x000000009fe00000, 0x000000009fe00000, 0x000000009ff00000|  0%| F|  |TAMS 0x000000009fe00000| PB 0x000000009fe00000| Untracked |  0
| 511|0x000000009ff00000, 0x000000009ff00000, 0x00000000a0000000|  0%| F|  |TAMS 0x000000009ff00000| PB 0x000000009ff00000| Untracked |  0
| 512|0x00000000a0000000, 0x00000000a0000000, 0x00000000a0100000|  0%| F|  |TAMS 0x00000000a0000000| PB 0x00000000a0000000| Untracked |  0
| 513|0x00000000a0100000, 0x00000000a0100000, 0x00000000a0200000|  0%| F|  |TAMS 0x00000000a0100000| PB 0x00000000a0100000| Untracked |  0
| 514|0x00000000a0200000, 0x00000000a0200000, 0x00000000a0300000|  0%| F|  |TAMS 0x00000000a0200000| PB 0x00000000a0200000| Untracked |  0
| 515|0x00000000a0300000, 0x00000000a0300000, 0x00000000a0400000|  0%| F|  |TAMS 0x00000000a0300000| PB 0x00000000a0300000| Untracked |  0
| 516|0x00000000a0400000, 0x00000000a0400000, 0x00000000a0500000|  0%| F|  |TAMS 0x00000000a0400000| PB 0x00000000a0400000| Untracked |  0
| 517|0x00000000a0500000, 0x00000000a0500000, 0x00000000a0600000|  0%| F|  |TAMS 0x00000000a0500000| PB 0x00000000a0500000| Untracked |  0
| 518|0x00000000a0600000, 0x00000000a0600000, 0x00000000a0700000|  0%| F|  |TAMS 0x00000000a0600000| PB 0x00000000a0600000| Untracked |  0
| 519|0x00000000a0700000, 0x00000000a0700000, 0x00000000a0800000|  0%| F|  |TAMS 0x00000000a0700000| PB 0x00000000a0700000| Untracked |  0
| 520|0x00000000a0800000, 0x00000000a0800000, 0x00000000a0900000|  0%| F|  |TAMS 0x00000000a0800000| PB 0x00000000a0800000| Untracked |  0
| 521|0x00000000a0900000, 0x00000000a0900000, 0x00000000a0a00000|  0%| F|  |TAMS 0x00000000a0900000| PB 0x00000000a0900000| Untracked |  0
| 522|0x00000000a0a00000, 0x00000000a0a00000, 0x00000000a0b00000|  0%| F|  |TAMS 0x00000000a0a00000| PB 0x00000000a0a00000| Untracked |  0
| 523|0x00000000a0b00000, 0x00000000a0b00000, 0x00000000a0c00000|  0%| F|  |TAMS 0x00000000a0b00000| PB 0x00000000a0b00000| Untracked |  0
| 524|0x00000000a0c00000, 0x00000000a0c00000, 0x00000000a0d00000|  0%| F|  |TAMS 0x00000000a0c00000| PB 0x00000000a0c00000| Untracked |  0
| 525|0x00000000a0d00000, 0x00000000a0d00000, 0x00000000a0e00000|  0%| F|  |TAMS 0x00000000a0d00000| PB 0x00000000a0d00000| Untracked |  0
| 526|0x00000000a0e00000, 0x00000000a0e00000, 0x00000000a0f00000|  0%| F|  |TAMS 0x00000000a0e00000| PB 0x00000000a0e00000| Untracked |  0
| 527|0x00000000a0f00000, 0x00000000a0f00000, 0x00000000a1000000|  0%| F|  |TAMS 0x00000000a0f00000| PB 0x00000000a0f00000| Untracked |  0
| 528|0x00000000a1000000, 0x00000000a1000000, 0x00000000a1100000|  0%| F|  |TAMS 0x00000000a1000000| PB 0x00000000a1000000| Untracked |  0
| 529|0x00000000a1100000, 0x00000000a1100000, 0x00000000a1200000|  0%| F|  |TAMS 0x00000000a1100000| PB 0x00000000a1100000| Untracked |  0
| 530|0x00000000a1200000, 0x00000000a1200000, 0x00000000a1300000|  0%| F|  |TAMS 0x00000000a1200000| PB 0x00000000a1200000| Untracked |  0
| 531|0x00000000a1300000, 0x00000000a1300000, 0x00000000a1400000|  0%| F|  |TAMS 0x00000000a1300000| PB 0x00000000a1300000| Untracked |  0
| 532|0x00000000a1400000, 0x00000000a1400000, 0x00000000a1500000|  0%| F|  |TAMS 0x00000000a1400000| PB 0x00000000a1400000| Untracked |  0
| 533|0x00000000a1500000, 0x00000000a1500000, 0x00000000a1600000|  0%| F|  |TAMS 0x00000000a1500000| PB 0x00000000a1500000| Untracked |  0
| 534|0x00000000a1600000, 0x00000000a1600000, 0x00000000a1700000|  0%| F|  |TAMS 0x00000000a1600000| PB 0x00000000a1600000| Untracked |  0
| 535|0x00000000a1700000, 0x00000000a1700000, 0x00000000a1800000|  0%| F|  |TAMS 0x00000000a1700000| PB 0x00000000a1700000| Untracked |  0
| 536|0x00000000a1800000, 0x00000000a1800000, 0x00000000a1900000|  0%| F|  |TAMS 0x00000000a1800000| PB 0x00000000a1800000| Untracked |  0
| 537|0x00000000a1900000, 0x00000000a1900000, 0x00000000a1a00000|  0%| F|  |TAMS 0x00000000a1900000| PB 0x00000000a1900000| Untracked |  0
| 538|0x00000000a1a00000, 0x00000000a1a00000, 0x00000000a1b00000|  0%| F|  |TAMS 0x00000000a1a00000| PB 0x00000000a1a00000| Untracked |  0
| 539|0x00000000a1b00000, 0x00000000a1b00000, 0x00000000a1c00000|  0%| F|  |TAMS 0x00000000a1b00000| PB 0x00000000a1b00000| Untracked |  0
| 540|0x00000000a1c00000, 0x00000000a1c00000, 0x00000000a1d00000|  0%| F|  |TAMS 0x00000000a1c00000| PB 0x00000000a1c00000| Untracked |  0
| 541|0x00000000a1d00000, 0x00000000a1d00000, 0x00000000a1e00000|  0%| F|  |TAMS 0x00000000a1d00000| PB 0x00000000a1d00000| Untracked |  0
| 542|0x00000000a1e00000, 0x00000000a1e00000, 0x00000000a1f00000|  0%| F|  |TAMS 0x00000000a1e00000| PB 0x00000000a1e00000| Untracked |  0
| 543|0x00000000a1f00000, 0x00000000a1f00000, 0x00000000a2000000|  0%| F|  |TAMS 0x00000000a1f00000| PB 0x00000000a1f00000| Untracked |  0
| 544|0x00000000a2000000, 0x00000000a2000000, 0x00000000a2100000|  0%| F|  |TAMS 0x00000000a2000000| PB 0x00000000a2000000| Untracked |  0
| 545|0x00000000a2100000, 0x00000000a2100000, 0x00000000a2200000|  0%| F|  |TAMS 0x00000000a2100000| PB 0x00000000a2100000| Untracked |  0
| 546|0x00000000a2200000, 0x00000000a2200000, 0x00000000a2300000|  0%| F|  |TAMS 0x00000000a2200000| PB 0x00000000a2200000| Untracked |  0
| 547|0x00000000a2300000, 0x00000000a2300000, 0x00000000a2400000|  0%| F|  |TAMS 0x00000000a2300000| PB 0x00000000a2300000| Untracked |  0
| 548|0x00000000a2400000, 0x00000000a2400000, 0x00000000a2500000|  0%| F|  |TAMS 0x00000000a2400000| PB 0x00000000a2400000| Untracked |  0
| 549|0x00000000a2500000, 0x00000000a2500000, 0x00000000a2600000|  0%| F|  |TAMS 0x00000000a2500000| PB 0x00000000a2500000| Untracked |  0
| 550|0x00000000a2600000, 0x00000000a2600000, 0x00000000a2700000|  0%| F|  |TAMS 0x00000000a2600000| PB 0x00000000a2600000| Untracked |  0
| 551|0x00000000a2700000, 0x00000000a2700000, 0x00000000a2800000|  0%| F|  |TAMS 0x00000000a2700000| PB 0x00000000a2700000| Untracked |  0
| 552|0x00000000a2800000, 0x00000000a2800000, 0x00000000a2900000|  0%| F|  |TAMS 0x00000000a2800000| PB 0x00000000a2800000| Untracked |  0
| 553|0x00000000a2900000, 0x00000000a2900000, 0x00000000a2a00000|  0%| F|  |TAMS 0x00000000a2900000| PB 0x00000000a2900000| Untracked |  0
| 554|0x00000000a2a00000, 0x00000000a2a00000, 0x00000000a2b00000|  0%| F|  |TAMS 0x00000000a2a00000| PB 0x00000000a2a00000| Untracked |  0
| 555|0x00000000a2b00000, 0x00000000a2b00000, 0x00000000a2c00000|  0%| F|  |TAMS 0x00000000a2b00000| PB 0x00000000a2b00000| Untracked |  0
| 556|0x00000000a2c00000, 0x00000000a2c00000, 0x00000000a2d00000|  0%| F|  |TAMS 0x00000000a2c00000| PB 0x00000000a2c00000| Untracked |  0
| 557|0x00000000a2d00000, 0x00000000a2d00000, 0x00000000a2e00000|  0%| F|  |TAMS 0x00000000a2d00000| PB 0x00000000a2d00000| Untracked |  0
| 558|0x00000000a2e00000, 0x00000000a2e00000, 0x00000000a2f00000|  0%| F|  |TAMS 0x00000000a2e00000| PB 0x00000000a2e00000| Untracked |  0
| 559|0x00000000a2f00000, 0x00000000a2f00000, 0x00000000a3000000|  0%| F|  |TAMS 0x00000000a2f00000| PB 0x00000000a2f00000| Untracked |  0
| 560|0x00000000a3000000, 0x00000000a3000000, 0x00000000a3100000|  0%| F|  |TAMS 0x00000000a3000000| PB 0x00000000a3000000| Untracked |  0
| 561|0x00000000a3100000, 0x00000000a3100000, 0x00000000a3200000|  0%| F|  |TAMS 0x00000000a3100000| PB 0x00000000a3100000| Untracked |  0
| 562|0x00000000a3200000, 0x00000000a3200000, 0x00000000a3300000|  0%| F|  |TAMS 0x00000000a3200000| PB 0x00000000a3200000| Untracked |  0
| 563|0x00000000a3300000, 0x00000000a3300000, 0x00000000a3400000|  0%| F|  |TAMS 0x00000000a3300000| PB 0x00000000a3300000| Untracked |  0
| 564|0x00000000a3400000, 0x00000000a3400000, 0x00000000a3500000|  0%| F|  |TAMS 0x00000000a3400000| PB 0x00000000a3400000| Untracked |  0
| 565|0x00000000a3500000, 0x00000000a3500000, 0x00000000a3600000|  0%| F|  |TAMS 0x00000000a3500000| PB 0x00000000a3500000| Untracked |  0
| 566|0x00000000a3600000, 0x00000000a3600000, 0x00000000a3700000|  0%| F|  |TAMS 0x00000000a3600000| PB 0x00000000a3600000| Untracked |  0
| 567|0x00000000a3700000, 0x00000000a3700000, 0x00000000a3800000|  0%| F|  |TAMS 0x00000000a3700000| PB 0x00000000a3700000| Untracked |  0
| 568|0x00000000a3800000, 0x00000000a3800000, 0x00000000a3900000|  0%| F|  |TAMS 0x00000000a3800000| PB 0x00000000a3800000| Untracked |  0
| 569|0x00000000a3900000, 0x00000000a3900000, 0x00000000a3a00000|  0%| F|  |TAMS 0x00000000a3900000| PB 0x00000000a3900000| Untracked |  0
| 570|0x00000000a3a00000, 0x00000000a3a00000, 0x00000000a3b00000|  0%| F|  |TAMS 0x00000000a3a00000| PB 0x00000000a3a00000| Untracked |  0
| 571|0x00000000a3b00000, 0x00000000a3b00000, 0x00000000a3c00000|  0%| F|  |TAMS 0x00000000a3b00000| PB 0x00000000a3b00000| Untracked |  0
| 572|0x00000000a3c00000, 0x00000000a3c00000, 0x00000000a3d00000|  0%| F|  |TAMS 0x00000000a3c00000| PB 0x00000000a3c00000| Untracked |  0
| 573|0x00000000a3d00000, 0x00000000a3d00000, 0x00000000a3e00000|  0%| F|  |TAMS 0x00000000a3d00000| PB 0x00000000a3d00000| Untracked |  0
| 574|0x00000000a3e00000, 0x00000000a3e00000, 0x00000000a3f00000|  0%| F|  |TAMS 0x00000000a3e00000| PB 0x00000000a3e00000| Untracked |  0
| 575|0x00000000a3f00000, 0x00000000a3f00000, 0x00000000a4000000|  0%| F|  |TAMS 0x00000000a3f00000| PB 0x00000000a3f00000| Untracked |  0
| 576|0x00000000a4000000, 0x00000000a4000000, 0x00000000a4100000|  0%| F|  |TAMS 0x00000000a4000000| PB 0x00000000a4000000| Untracked |  0
| 577|0x00000000a4100000, 0x00000000a4100000, 0x00000000a4200000|  0%| F|  |TAMS 0x00000000a4100000| PB 0x00000000a4100000| Untracked |  0
| 578|0x00000000a4200000, 0x00000000a4200000, 0x00000000a4300000|  0%| F|  |TAMS 0x00000000a4200000| PB 0x00000000a4200000| Untracked |  0
| 579|0x00000000a4300000, 0x00000000a4300000, 0x00000000a4400000|  0%| F|  |TAMS 0x00000000a4300000| PB 0x00000000a4300000| Untracked |  0
| 580|0x00000000a4400000, 0x00000000a4400000, 0x00000000a4500000|  0%| F|  |TAMS 0x00000000a4400000| PB 0x00000000a4400000| Untracked |  0
| 581|0x00000000a4500000, 0x00000000a4500000, 0x00000000a4600000|  0%| F|  |TAMS 0x00000000a4500000| PB 0x00000000a4500000| Untracked |  0
| 582|0x00000000a4600000, 0x00000000a4600000, 0x00000000a4700000|  0%| F|  |TAMS 0x00000000a4600000| PB 0x00000000a4600000| Untracked |  0
| 583|0x00000000a4700000, 0x00000000a4700000, 0x00000000a4800000|  0%| F|  |TAMS 0x00000000a4700000| PB 0x00000000a4700000| Untracked |  0
| 584|0x00000000a4800000, 0x00000000a4800000, 0x00000000a4900000|  0%| F|  |TAMS 0x00000000a4800000| PB 0x00000000a4800000| Untracked |  0
| 585|0x00000000a4900000, 0x00000000a4900000, 0x00000000a4a00000|  0%| F|  |TAMS 0x00000000a4900000| PB 0x00000000a4900000| Untracked |  0
| 586|0x00000000a4a00000, 0x00000000a4a00000, 0x00000000a4b00000|  0%| F|  |TAMS 0x00000000a4a00000| PB 0x00000000a4a00000| Untracked |  0
| 587|0x00000000a4b00000, 0x00000000a4b00000, 0x00000000a4c00000|  0%| F|  |TAMS 0x00000000a4b00000| PB 0x00000000a4b00000| Untracked |  0
| 588|0x00000000a4c00000, 0x00000000a4c00000, 0x00000000a4d00000|  0%| F|  |TAMS 0x00000000a4c00000| PB 0x00000000a4c00000| Untracked |  0
| 589|0x00000000a4d00000, 0x00000000a4d00000, 0x00000000a4e00000|  0%| F|  |TAMS 0x00000000a4d00000| PB 0x00000000a4d00000| Untracked |  0
| 590|0x00000000a4e00000, 0x00000000a4e00000, 0x00000000a4f00000|  0%| F|  |TAMS 0x00000000a4e00000| PB 0x00000000a4e00000| Untracked |  0
| 591|0x00000000a4f00000, 0x00000000a4f00000, 0x00000000a5000000|  0%| F|  |TAMS 0x00000000a4f00000| PB 0x00000000a4f00000| Untracked |  0
| 592|0x00000000a5000000, 0x00000000a5000000, 0x00000000a5100000|  0%| F|  |TAMS 0x00000000a5000000| PB 0x00000000a5000000| Untracked |  0
| 593|0x00000000a5100000, 0x00000000a5100000, 0x00000000a5200000|  0%| F|  |TAMS 0x00000000a5100000| PB 0x00000000a5100000| Untracked |  0
| 594|0x00000000a5200000, 0x00000000a5200000, 0x00000000a5300000|  0%| F|  |TAMS 0x00000000a5200000| PB 0x00000000a5200000| Untracked |  0
| 595|0x00000000a5300000, 0x00000000a5300000, 0x00000000a5400000|  0%| F|  |TAMS 0x00000000a5300000| PB 0x00000000a5300000| Untracked |  0
| 596|0x00000000a5400000, 0x00000000a5400000, 0x00000000a5500000|  0%| F|  |TAMS 0x00000000a5400000| PB 0x00000000a5400000| Untracked |  0
| 597|0x00000000a5500000, 0x00000000a5500000, 0x00000000a5600000|  0%| F|  |TAMS 0x00000000a5500000| PB 0x00000000a5500000| Untracked |  0
| 598|0x00000000a5600000, 0x00000000a5600000, 0x00000000a5700000|  0%| F|  |TAMS 0x00000000a5600000| PB 0x00000000a5600000| Untracked |  0
| 599|0x00000000a5700000, 0x00000000a5700000, 0x00000000a5800000|  0%| F|  |TAMS 0x00000000a5700000| PB 0x00000000a5700000| Untracked |  0
| 600|0x00000000a5800000, 0x00000000a5800000, 0x00000000a5900000|  0%| F|  |TAMS 0x00000000a5800000| PB 0x00000000a5800000| Untracked |  0
| 601|0x00000000a5900000, 0x00000000a5900000, 0x00000000a5a00000|  0%| F|  |TAMS 0x00000000a5900000| PB 0x00000000a5900000| Untracked |  0
| 602|0x00000000a5a00000, 0x00000000a5a00000, 0x00000000a5b00000|  0%| F|  |TAMS 0x00000000a5a00000| PB 0x00000000a5a00000| Untracked |  0
| 603|0x00000000a5b00000, 0x00000000a5b00000, 0x00000000a5c00000|  0%| F|  |TAMS 0x00000000a5b00000| PB 0x00000000a5b00000| Untracked |  0
| 604|0x00000000a5c00000, 0x00000000a5c00000, 0x00000000a5d00000|  0%| F|  |TAMS 0x00000000a5c00000| PB 0x00000000a5c00000| Untracked |  0
| 605|0x00000000a5d00000, 0x00000000a5d00000, 0x00000000a5e00000|  0%| F|  |TAMS 0x00000000a5d00000| PB 0x00000000a5d00000| Untracked |  0
| 606|0x00000000a5e00000, 0x00000000a5e00000, 0x00000000a5f00000|  0%| F|  |TAMS 0x00000000a5e00000| PB 0x00000000a5e00000| Untracked |  0
| 607|0x00000000a5f00000, 0x00000000a5f00000, 0x00000000a6000000|  0%| F|  |TAMS 0x00000000a5f00000| PB 0x00000000a5f00000| Untracked |  0
| 608|0x00000000a6000000, 0x00000000a6000000, 0x00000000a6100000|  0%| F|  |TAMS 0x00000000a6000000| PB 0x00000000a6000000| Untracked |  0
| 609|0x00000000a6100000, 0x00000000a6100000, 0x00000000a6200000|  0%| F|  |TAMS 0x00000000a6100000| PB 0x00000000a6100000| Untracked |  0
| 610|0x00000000a6200000, 0x00000000a6200000, 0x00000000a6300000|  0%| F|  |TAMS 0x00000000a6200000| PB 0x00000000a6200000| Untracked |  0
| 611|0x00000000a6300000, 0x00000000a6300000, 0x00000000a6400000|  0%| F|  |TAMS 0x00000000a6300000| PB 0x00000000a6300000| Untracked |  0
| 612|0x00000000a6400000, 0x00000000a6400000, 0x00000000a6500000|  0%| F|  |TAMS 0x00000000a6400000| PB 0x00000000a6400000| Untracked |  0
| 613|0x00000000a6500000, 0x00000000a6500000, 0x00000000a6600000|  0%| F|  |TAMS 0x00000000a6500000| PB 0x00000000a6500000| Untracked |  0
| 614|0x00000000a6600000, 0x00000000a6600000, 0x00000000a6700000|  0%| F|  |TAMS 0x00000000a6600000| PB 0x00000000a6600000| Untracked |  0
| 615|0x00000000a6700000, 0x00000000a67a1e40, 0x00000000a6800000| 63%| E|  |TAMS 0x00000000a6700000| PB 0x00000000a6700000| Complete |  0
| 616|0x00000000a6800000, 0x00000000a6900000, 0x00000000a6900000|100%| E|CS|TAMS 0x00000000a6800000| PB 0x00000000a6800000| Complete |  0
| 617|0x00000000a6900000, 0x00000000a6a00000, 0x00000000a6a00000|100%| E|CS|TAMS 0x00000000a6900000| PB 0x00000000a6900000| Complete |  0
| 618|0x00000000a6a00000, 0x00000000a6b00000, 0x00000000a6b00000|100%| E|CS|TAMS 0x00000000a6a00000| PB 0x00000000a6a00000| Complete |  0
| 619|0x00000000a6b00000, 0x00000000a6c00000, 0x00000000a6c00000|100%| E|CS|TAMS 0x00000000a6b00000| PB 0x00000000a6b00000| Complete |  0
| 620|0x00000000a6c00000, 0x00000000a6d00000, 0x00000000a6d00000|100%| E|CS|TAMS 0x00000000a6c00000| PB 0x00000000a6c00000| Complete |  0
| 621|0x00000000a6d00000, 0x00000000a6e00000, 0x00000000a6e00000|100%| E|CS|TAMS 0x00000000a6d00000| PB 0x00000000a6d00000| Complete |  0
| 622|0x00000000a6e00000, 0x00000000a6f00000, 0x00000000a6f00000|100%| E|CS|TAMS 0x00000000a6e00000| PB 0x00000000a6e00000| Complete |  0
| 623|0x00000000a6f00000, 0x00000000a7000000, 0x00000000a7000000|100%| E|CS|TAMS 0x00000000a6f00000| PB 0x00000000a6f00000| Complete |  0
| 624|0x00000000a7000000, 0x00000000a7100000, 0x00000000a7100000|100%| E|CS|TAMS 0x00000000a7000000| PB 0x00000000a7000000| Complete |  0
| 625|0x00000000a7100000, 0x00000000a7200000, 0x00000000a7200000|100%| E|CS|TAMS 0x00000000a7100000| PB 0x00000000a7100000| Complete |  0
| 626|0x00000000a7200000, 0x00000000a7300000, 0x00000000a7300000|100%| E|CS|TAMS 0x00000000a7200000| PB 0x00000000a7200000| Complete |  0
| 627|0x00000000a7300000, 0x00000000a7400000, 0x00000000a7400000|100%| E|CS|TAMS 0x00000000a7300000| PB 0x00000000a7300000| Complete |  0
| 628|0x00000000a7400000, 0x00000000a7500000, 0x00000000a7500000|100%| E|CS|TAMS 0x00000000a7400000| PB 0x00000000a7400000| Complete |  0
| 629|0x00000000a7500000, 0x00000000a7600000, 0x00000000a7600000|100%| E|CS|TAMS 0x00000000a7500000| PB 0x00000000a7500000| Complete |  0
| 630|0x00000000a7600000, 0x00000000a7700000, 0x00000000a7700000|100%| E|CS|TAMS 0x00000000a7600000| PB 0x00000000a7600000| Complete |  0
| 631|0x00000000a7700000, 0x00000000a7800000, 0x00000000a7800000|100%| E|CS|TAMS 0x00000000a7700000| PB 0x00000000a7700000| Complete |  0
| 632|0x00000000a7800000, 0x00000000a7900000, 0x00000000a7900000|100%| E|CS|TAMS 0x00000000a7800000| PB 0x00000000a7800000| Complete |  0
| 633|0x00000000a7900000, 0x00000000a7a00000, 0x00000000a7a00000|100%| E|CS|TAMS 0x00000000a7900000| PB 0x00000000a7900000| Complete |  0
| 634|0x00000000a7a00000, 0x00000000a7b00000, 0x00000000a7b00000|100%| E|CS|TAMS 0x00000000a7a00000| PB 0x00000000a7a00000| Complete |  0
| 635|0x00000000a7b00000, 0x00000000a7c00000, 0x00000000a7c00000|100%| E|CS|TAMS 0x00000000a7b00000| PB 0x00000000a7b00000| Complete |  0
| 636|0x00000000a7c00000, 0x00000000a7d00000, 0x00000000a7d00000|100%| E|CS|TAMS 0x00000000a7c00000| PB 0x00000000a7c00000| Complete |  0
| 637|0x00000000a7d00000, 0x00000000a7e00000, 0x00000000a7e00000|100%| E|CS|TAMS 0x00000000a7d00000| PB 0x00000000a7d00000| Complete |  0
| 638|0x00000000a7e00000, 0x00000000a7f00000, 0x00000000a7f00000|100%| E|CS|TAMS 0x00000000a7e00000| PB 0x00000000a7e00000| Complete |  0
| 639|0x00000000a7f00000, 0x00000000a8000000, 0x00000000a8000000|100%| E|CS|TAMS 0x00000000a7f00000| PB 0x00000000a7f00000| Complete |  0
| 640|0x00000000a8000000, 0x00000000a8100000, 0x00000000a8100000|100%| E|CS|TAMS 0x00000000a8000000| PB 0x00000000a8000000| Complete |  0
| 641|0x00000000a8100000, 0x00000000a8200000, 0x00000000a8200000|100%| E|CS|TAMS 0x00000000a8100000| PB 0x00000000a8100000| Complete |  0
| 642|0x00000000a8200000, 0x00000000a8300000, 0x00000000a8300000|100%| E|CS|TAMS 0x00000000a8200000| PB 0x00000000a8200000| Complete |  0
| 643|0x00000000a8300000, 0x00000000a8400000, 0x00000000a8400000|100%| E|CS|TAMS 0x00000000a8300000| PB 0x00000000a8300000| Complete |  0
| 644|0x00000000a8400000, 0x00000000a8500000, 0x00000000a8500000|100%| E|CS|TAMS 0x00000000a8400000| PB 0x00000000a8400000| Complete |  0
| 645|0x00000000a8500000, 0x00000000a8600000, 0x00000000a8600000|100%| E|CS|TAMS 0x00000000a8500000| PB 0x00000000a8500000| Complete |  0
| 646|0x00000000a8600000, 0x00000000a8700000, 0x00000000a8700000|100%| E|CS|TAMS 0x00000000a8600000| PB 0x00000000a8600000| Complete |  0
| 647|0x00000000a8700000, 0x00000000a8800000, 0x00000000a8800000|100%| E|CS|TAMS 0x00000000a8700000| PB 0x00000000a8700000| Complete |  0
| 648|0x00000000a8800000, 0x00000000a8900000, 0x00000000a8900000|100%| E|CS|TAMS 0x00000000a8800000| PB 0x00000000a8800000| Complete |  0
| 649|0x00000000a8900000, 0x00000000a8a00000, 0x00000000a8a00000|100%| E|CS|TAMS 0x00000000a8900000| PB 0x00000000a8900000| Complete |  0
| 650|0x00000000a8a00000, 0x00000000a8b00000, 0x00000000a8b00000|100%| E|CS|TAMS 0x00000000a8a00000| PB 0x00000000a8a00000| Complete |  0
| 651|0x00000000a8b00000, 0x00000000a8c00000, 0x00000000a8c00000|100%| E|CS|TAMS 0x00000000a8b00000| PB 0x00000000a8b00000| Complete |  0
| 652|0x00000000a8c00000, 0x00000000a8d00000, 0x00000000a8d00000|100%| E|CS|TAMS 0x00000000a8c00000| PB 0x00000000a8c00000| Complete |  0
| 653|0x00000000a8d00000, 0x00000000a8e00000, 0x00000000a8e00000|100%| E|CS|TAMS 0x00000000a8d00000| PB 0x00000000a8d00000| Complete |  0
| 654|0x00000000a8e00000, 0x00000000a8f00000, 0x00000000a8f00000|100%| E|CS|TAMS 0x00000000a8e00000| PB 0x00000000a8e00000| Complete |  0
| 655|0x00000000a8f00000, 0x00000000a9000000, 0x00000000a9000000|100%| E|CS|TAMS 0x00000000a8f00000| PB 0x00000000a8f00000| Complete |  0
| 656|0x00000000a9000000, 0x00000000a9100000, 0x00000000a9100000|100%| E|CS|TAMS 0x00000000a9000000| PB 0x00000000a9000000| Complete |  0
| 657|0x00000000a9100000, 0x00000000a9200000, 0x00000000a9200000|100%| E|CS|TAMS 0x00000000a9100000| PB 0x00000000a9100000| Complete |  0
| 658|0x00000000a9200000, 0x00000000a9300000, 0x00000000a9300000|100%| E|CS|TAMS 0x00000000a9200000| PB 0x00000000a9200000| Complete |  0
| 659|0x00000000a9300000, 0x00000000a9400000, 0x00000000a9400000|100%| E|CS|TAMS 0x00000000a9300000| PB 0x00000000a9300000| Complete |  0
| 660|0x00000000a9400000, 0x00000000a9500000, 0x00000000a9500000|100%| E|CS|TAMS 0x00000000a9400000| PB 0x00000000a9400000| Complete |  0
| 661|0x00000000a9500000, 0x00000000a9600000, 0x00000000a9600000|100%| E|CS|TAMS 0x00000000a9500000| PB 0x00000000a9500000| Complete |  0
| 662|0x00000000a9600000, 0x00000000a9700000, 0x00000000a9700000|100%| E|CS|TAMS 0x00000000a9600000| PB 0x00000000a9600000| Complete |  0
| 663|0x00000000a9700000, 0x00000000a9800000, 0x00000000a9800000|100%| E|CS|TAMS 0x00000000a9700000| PB 0x00000000a9700000| Complete |  0
| 664|0x00000000a9800000, 0x00000000a9900000, 0x00000000a9900000|100%| E|CS|TAMS 0x00000000a9800000| PB 0x00000000a9800000| Complete |  0
| 665|0x00000000a9900000, 0x00000000a9a00000, 0x00000000a9a00000|100%| E|CS|TAMS 0x00000000a9900000| PB 0x00000000a9900000| Complete |  0
| 666|0x00000000a9a00000, 0x00000000a9b00000, 0x00000000a9b00000|100%| E|CS|TAMS 0x00000000a9a00000| PB 0x00000000a9a00000| Complete |  0
| 667|0x00000000a9b00000, 0x00000000a9c00000, 0x00000000a9c00000|100%| E|  |TAMS 0x00000000a9b00000| PB 0x00000000a9b00000| Complete |  0
| 668|0x00000000a9c00000, 0x00000000a9d00000, 0x00000000a9d00000|100%| E|CS|TAMS 0x00000000a9c00000| PB 0x00000000a9c00000| Complete |  0
| 669|0x00000000a9d00000, 0x00000000a9e00000, 0x00000000a9e00000|100%| E|CS|TAMS 0x00000000a9d00000| PB 0x00000000a9d00000| Complete |  0
| 670|0x00000000a9e00000, 0x00000000a9f00000, 0x00000000a9f00000|100%| E|CS|TAMS 0x00000000a9e00000| PB 0x00000000a9e00000| Complete |  0
| 671|0x00000000a9f00000, 0x00000000aa000000, 0x00000000aa000000|100%| E|CS|TAMS 0x00000000a9f00000| PB 0x00000000a9f00000| Complete |  0
| 672|0x00000000aa000000, 0x00000000aa100000, 0x00000000aa100000|100%| E|CS|TAMS 0x00000000aa000000| PB 0x00000000aa000000| Complete |  0
| 673|0x00000000aa100000, 0x00000000aa200000, 0x00000000aa200000|100%| E|CS|TAMS 0x00000000aa100000| PB 0x00000000aa100000| Complete |  0
| 674|0x00000000aa200000, 0x00000000aa300000, 0x00000000aa300000|100%| E|CS|TAMS 0x00000000aa200000| PB 0x00000000aa200000| Complete |  0
| 675|0x00000000aa300000, 0x00000000aa400000, 0x00000000aa400000|100%| E|CS|TAMS 0x00000000aa300000| PB 0x00000000aa300000| Complete |  0
| 676|0x00000000aa400000, 0x00000000aa500000, 0x00000000aa500000|100%| E|CS|TAMS 0x00000000aa400000| PB 0x00000000aa400000| Complete |  0
| 677|0x00000000aa500000, 0x00000000aa600000, 0x00000000aa600000|100%| E|CS|TAMS 0x00000000aa500000| PB 0x00000000aa500000| Complete |  0
| 678|0x00000000aa600000, 0x00000000aa700000, 0x00000000aa700000|100%| E|CS|TAMS 0x00000000aa600000| PB 0x00000000aa600000| Complete |  0
| 679|0x00000000aa700000, 0x00000000aa800000, 0x00000000aa800000|100%| E|CS|TAMS 0x00000000aa700000| PB 0x00000000aa700000| Complete |  0
| 680|0x00000000aa800000, 0x00000000aa900000, 0x00000000aa900000|100%| E|CS|TAMS 0x00000000aa800000| PB 0x00000000aa800000| Complete |  0
| 681|0x00000000aa900000, 0x00000000aaa00000, 0x00000000aaa00000|100%| E|CS|TAMS 0x00000000aa900000| PB 0x00000000aa900000| Complete |  0
| 682|0x00000000aaa00000, 0x00000000aab00000, 0x00000000aab00000|100%| E|CS|TAMS 0x00000000aaa00000| PB 0x00000000aaa00000| Complete |  0
| 683|0x00000000aab00000, 0x00000000aac00000, 0x00000000aac00000|100%| E|CS|TAMS 0x00000000aab00000| PB 0x00000000aab00000| Complete |  0
| 684|0x00000000aac00000, 0x00000000aad00000, 0x00000000aad00000|100%| E|CS|TAMS 0x00000000aac00000| PB 0x00000000aac00000| Complete |  0
| 685|0x00000000aad00000, 0x00000000aae00000, 0x00000000aae00000|100%| E|CS|TAMS 0x00000000aad00000| PB 0x00000000aad00000| Complete |  0
| 686|0x00000000aae00000, 0x00000000aaf00000, 0x00000000aaf00000|100%| E|CS|TAMS 0x00000000aae00000| PB 0x00000000aae00000| Complete |  0
| 687|0x00000000aaf00000, 0x00000000ab000000, 0x00000000ab000000|100%| E|CS|TAMS 0x00000000aaf00000| PB 0x00000000aaf00000| Complete |  0
| 688|0x00000000ab000000, 0x00000000ab100000, 0x00000000ab100000|100%| E|CS|TAMS 0x00000000ab000000| PB 0x00000000ab000000| Complete |  0
| 689|0x00000000ab100000, 0x00000000ab200000, 0x00000000ab200000|100%| E|CS|TAMS 0x00000000ab100000| PB 0x00000000ab100000| Complete |  0
| 690|0x00000000ab200000, 0x00000000ab300000, 0x00000000ab300000|100%| E|CS|TAMS 0x00000000ab200000| PB 0x00000000ab200000| Complete |  0
| 691|0x00000000ab300000, 0x00000000ab400000, 0x00000000ab400000|100%| E|CS|TAMS 0x00000000ab300000| PB 0x00000000ab300000| Complete |  0
| 692|0x00000000ab400000, 0x00000000ab500000, 0x00000000ab500000|100%| E|CS|TAMS 0x00000000ab400000| PB 0x00000000ab400000| Complete |  0
| 693|0x00000000ab500000, 0x00000000ab600000, 0x00000000ab600000|100%| E|CS|TAMS 0x00000000ab500000| PB 0x00000000ab500000| Complete |  0
| 694|0x00000000ab600000, 0x00000000ab700000, 0x00000000ab700000|100%| E|CS|TAMS 0x00000000ab600000| PB 0x00000000ab600000| Complete |  0
| 695|0x00000000ab700000, 0x00000000ab800000, 0x00000000ab800000|100%| E|CS|TAMS 0x00000000ab700000| PB 0x00000000ab700000| Complete |  0
| 696|0x00000000ab800000, 0x00000000ab900000, 0x00000000ab900000|100%| E|CS|TAMS 0x00000000ab800000| PB 0x00000000ab800000| Complete |  0
| 697|0x00000000ab900000, 0x00000000aba00000, 0x00000000aba00000|100%| E|CS|TAMS 0x00000000ab900000| PB 0x00000000ab900000| Complete |  0
| 698|0x00000000aba00000, 0x00000000abb00000, 0x00000000abb00000|100%| E|CS|TAMS 0x00000000aba00000| PB 0x00000000aba00000| Complete |  0
| 699|0x00000000abb00000, 0x00000000abc00000, 0x00000000abc00000|100%| E|CS|TAMS 0x00000000abb00000| PB 0x00000000abb00000| Complete |  0
| 700|0x00000000abc00000, 0x00000000abd00000, 0x00000000abd00000|100%| E|CS|TAMS 0x00000000abc00000| PB 0x00000000abc00000| Complete |  0
| 701|0x00000000abd00000, 0x00000000abe00000, 0x00000000abe00000|100%| E|CS|TAMS 0x00000000abd00000| PB 0x00000000abd00000| Complete |  0
| 702|0x00000000abe00000, 0x00000000abf00000, 0x00000000abf00000|100%| E|CS|TAMS 0x00000000abe00000| PB 0x00000000abe00000| Complete |  0
| 703|0x00000000abf00000, 0x00000000ac000000, 0x00000000ac000000|100%| E|CS|TAMS 0x00000000abf00000| PB 0x00000000abf00000| Complete |  0
| 704|0x00000000ac000000, 0x00000000ac100000, 0x00000000ac100000|100%| E|CS|TAMS 0x00000000ac000000| PB 0x00000000ac000000| Complete |  0
| 705|0x00000000ac100000, 0x00000000ac200000, 0x00000000ac200000|100%| E|CS|TAMS 0x00000000ac100000| PB 0x00000000ac100000| Complete |  0
| 706|0x00000000ac200000, 0x00000000ac300000, 0x00000000ac300000|100%| E|CS|TAMS 0x00000000ac200000| PB 0x00000000ac200000| Complete |  0
| 707|0x00000000ac300000, 0x00000000ac400000, 0x00000000ac400000|100%| E|CS|TAMS 0x00000000ac300000| PB 0x00000000ac300000| Complete |  0
| 708|0x00000000ac400000, 0x00000000ac500000, 0x00000000ac500000|100%| E|CS|TAMS 0x00000000ac400000| PB 0x00000000ac400000| Complete |  0
| 709|0x00000000ac500000, 0x00000000ac600000, 0x00000000ac600000|100%| E|CS|TAMS 0x00000000ac500000| PB 0x00000000ac500000| Complete |  0
| 710|0x00000000ac600000, 0x00000000ac700000, 0x00000000ac700000|100%| E|CS|TAMS 0x00000000ac600000| PB 0x00000000ac600000| Complete |  0
| 711|0x00000000ac700000, 0x00000000ac800000, 0x00000000ac800000|100%| E|CS|TAMS 0x00000000ac700000| PB 0x00000000ac700000| Complete |  0
| 712|0x00000000ac800000, 0x00000000ac900000, 0x00000000ac900000|100%| E|CS|TAMS 0x00000000ac800000| PB 0x00000000ac800000| Complete |  0
| 713|0x00000000ac900000, 0x00000000aca00000, 0x00000000aca00000|100%| E|CS|TAMS 0x00000000ac900000| PB 0x00000000ac900000| Complete |  0
| 714|0x00000000aca00000, 0x00000000acb00000, 0x00000000acb00000|100%| E|CS|TAMS 0x00000000aca00000| PB 0x00000000aca00000| Complete |  0
| 715|0x00000000acb00000, 0x00000000acc00000, 0x00000000acc00000|100%| E|CS|TAMS 0x00000000acb00000| PB 0x00000000acb00000| Complete |  0
| 716|0x00000000acc00000, 0x00000000acd00000, 0x00000000acd00000|100%| E|CS|TAMS 0x00000000acc00000| PB 0x00000000acc00000| Complete |  0
| 717|0x00000000acd00000, 0x00000000ace00000, 0x00000000ace00000|100%| E|CS|TAMS 0x00000000acd00000| PB 0x00000000acd00000| Complete |  0
| 718|0x00000000ace00000, 0x00000000acf00000, 0x00000000acf00000|100%| E|CS|TAMS 0x00000000ace00000| PB 0x00000000ace00000| Complete |  0
| 719|0x00000000acf00000, 0x00000000ad000000, 0x00000000ad000000|100%| E|CS|TAMS 0x00000000acf00000| PB 0x00000000acf00000| Complete |  0
| 720|0x00000000ad000000, 0x00000000ad100000, 0x00000000ad100000|100%| E|CS|TAMS 0x00000000ad000000| PB 0x00000000ad000000| Complete |  0
| 721|0x00000000ad100000, 0x00000000ad200000, 0x00000000ad200000|100%| E|CS|TAMS 0x00000000ad100000| PB 0x00000000ad100000| Complete |  0
| 722|0x00000000ad200000, 0x00000000ad300000, 0x00000000ad300000|100%| E|CS|TAMS 0x00000000ad200000| PB 0x00000000ad200000| Complete |  0
| 723|0x00000000ad300000, 0x00000000ad400000, 0x00000000ad400000|100%| E|CS|TAMS 0x00000000ad300000| PB 0x00000000ad300000| Complete |  0
| 724|0x00000000ad400000, 0x00000000ad500000, 0x00000000ad500000|100%| E|CS|TAMS 0x00000000ad400000| PB 0x00000000ad400000| Complete |  0
| 725|0x00000000ad500000, 0x00000000ad600000, 0x00000000ad600000|100%| E|CS|TAMS 0x00000000ad500000| PB 0x00000000ad500000| Complete |  0
| 726|0x00000000ad600000, 0x00000000ad700000, 0x00000000ad700000|100%| E|CS|TAMS 0x00000000ad600000| PB 0x00000000ad600000| Complete |  0
| 727|0x00000000ad700000, 0x00000000ad7b8270, 0x00000000ad800000| 71%| S|CS|TAMS 0x00000000ad700000| PB 0x00000000ad700000| Complete |  0
| 728|0x00000000ad800000, 0x00000000ad900000, 0x00000000ad900000|100%| S|CS|TAMS 0x00000000ad800000| PB 0x00000000ad800000| Complete |  0
| 729|0x00000000ad900000, 0x00000000ada00000, 0x00000000ada00000|100%| S|CS|TAMS 0x00000000ad900000| PB 0x00000000ad900000| Complete |  0
| 730|0x00000000ada00000, 0x00000000adb00000, 0x00000000adb00000|100%| S|CS|TAMS 0x00000000ada00000| PB 0x00000000ada00000| Complete |  0
| 731|0x00000000adb00000, 0x00000000adc00000, 0x00000000adc00000|100%| S|CS|TAMS 0x00000000adb00000| PB 0x00000000adb00000| Complete |  0
| 732|0x00000000adc00000, 0x00000000add00000, 0x00000000add00000|100%| S|CS|TAMS 0x00000000adc00000| PB 0x00000000adc00000| Complete |  0
| 733|0x00000000add00000, 0x00000000ade00000, 0x00000000ade00000|100%| S|CS|TAMS 0x00000000add00000| PB 0x00000000add00000| Complete |  0
| 734|0x00000000ade00000, 0x00000000adf00000, 0x00000000adf00000|100%| S|CS|TAMS 0x00000000ade00000| PB 0x00000000ade00000| Complete |  0
| 735|0x00000000adf00000, 0x00000000ae000000, 0x00000000ae000000|100%| S|CS|TAMS 0x00000000adf00000| PB 0x00000000adf00000| Complete |  0
| 736|0x00000000ae000000, 0x00000000ae100000, 0x00000000ae100000|100%| S|CS|TAMS 0x00000000ae000000| PB 0x00000000ae000000| Complete |  0
| 737|0x00000000ae100000, 0x00000000ae200000, 0x00000000ae200000|100%| S|CS|TAMS 0x00000000ae100000| PB 0x00000000ae100000| Complete |  0
| 738|0x00000000ae200000, 0x00000000ae300000, 0x00000000ae300000|100%| S|CS|TAMS 0x00000000ae200000| PB 0x00000000ae200000| Complete |  0
| 739|0x00000000ae300000, 0x00000000ae400000, 0x00000000ae400000|100%| S|CS|TAMS 0x00000000ae300000| PB 0x00000000ae300000| Complete |  0
| 740|0x00000000ae400000, 0x00000000ae500000, 0x00000000ae500000|100%| S|CS|TAMS 0x00000000ae400000| PB 0x00000000ae400000| Complete |  0
| 741|0x00000000ae500000, 0x00000000ae600000, 0x00000000ae600000|100%| S|CS|TAMS 0x00000000ae500000| PB 0x00000000ae500000| Complete |  0
| 742|0x00000000ae600000, 0x00000000ae700000, 0x00000000ae700000|100%| S|CS|TAMS 0x00000000ae600000| PB 0x00000000ae600000| Complete |  0
| 743|0x00000000ae700000, 0x00000000ae800000, 0x00000000ae800000|100%| S|CS|TAMS 0x00000000ae700000| PB 0x00000000ae700000| Complete |  0
| 744|0x00000000ae800000, 0x00000000ae900000, 0x00000000ae900000|100%| S|CS|TAMS 0x00000000ae800000| PB 0x00000000ae800000| Complete |  0
| 745|0x00000000ae900000, 0x00000000aea00000, 0x00000000aea00000|100%| S|CS|TAMS 0x00000000ae900000| PB 0x00000000ae900000| Complete |  0
| 746|0x00000000aea00000, 0x00000000aeb00000, 0x00000000aeb00000|100%| S|CS|TAMS 0x00000000aea00000| PB 0x00000000aea00000| Complete |  0
| 747|0x00000000aeb00000, 0x00000000aec00000, 0x00000000aec00000|100%| S|CS|TAMS 0x00000000aeb00000| PB 0x00000000aeb00000| Complete |  0
| 748|0x00000000aec00000, 0x00000000aed00000, 0x00000000aed00000|100%| S|CS|TAMS 0x00000000aec00000| PB 0x00000000aec00000| Complete |  0
| 749|0x00000000aed00000, 0x00000000aee00000, 0x00000000aee00000|100%| S|CS|TAMS 0x00000000aed00000| PB 0x00000000aed00000| Complete |  0
| 750|0x00000000aee00000, 0x00000000aef00000, 0x00000000aef00000|100%| S|CS|TAMS 0x00000000aee00000| PB 0x00000000aee00000| Complete |  0
| 751|0x00000000aef00000, 0x00000000af000000, 0x00000000af000000|100%| S|CS|TAMS 0x00000000aef00000| PB 0x00000000aef00000| Complete |  0
| 752|0x00000000af000000, 0x00000000af100000, 0x00000000af100000|100%| S|CS|TAMS 0x00000000af000000| PB 0x00000000af000000| Complete |  0
| 753|0x00000000af100000, 0x00000000af200000, 0x00000000af200000|100%| S|CS|TAMS 0x00000000af100000| PB 0x00000000af100000| Complete |  0
| 754|0x00000000af200000, 0x00000000af300000, 0x00000000af300000|100%| S|CS|TAMS 0x00000000af200000| PB 0x00000000af200000| Complete |  0
| 755|0x00000000af300000, 0x00000000af400000, 0x00000000af400000|100%| S|CS|TAMS 0x00000000af300000| PB 0x00000000af300000| Complete |  0
| 756|0x00000000af400000, 0x00000000af500000, 0x00000000af500000|100%| S|CS|TAMS 0x00000000af400000| PB 0x00000000af400000| Complete |  0
| 757|0x00000000af500000, 0x00000000af600000, 0x00000000af600000|100%| S|CS|TAMS 0x00000000af500000| PB 0x00000000af500000| Complete |  0
| 758|0x00000000af600000, 0x00000000af700000, 0x00000000af700000|100%| S|CS|TAMS 0x00000000af600000| PB 0x00000000af600000| Complete |  0
| 759|0x00000000af700000, 0x00000000af800000, 0x00000000af800000|100%| S|CS|TAMS 0x00000000af700000| PB 0x00000000af700000| Complete |  0
| 760|0x00000000af800000, 0x00000000af900000, 0x00000000af900000|100%| S|CS|TAMS 0x00000000af800000| PB 0x00000000af800000| Complete |  0
| 761|0x00000000af900000, 0x00000000afa00000, 0x00000000afa00000|100%| S|CS|TAMS 0x00000000af900000| PB 0x00000000af900000| Complete |  0
| 762|0x00000000afa00000, 0x00000000afb00000, 0x00000000afb00000|100%| S|CS|TAMS 0x00000000afa00000| PB 0x00000000afa00000| Complete |  0
| 763|0x00000000afb00000, 0x00000000afc00000, 0x00000000afc00000|100%| S|CS|TAMS 0x00000000afb00000| PB 0x00000000afb00000| Complete |  0
| 764|0x00000000afc00000, 0x00000000afd00000, 0x00000000afd00000|100%| S|CS|TAMS 0x00000000afc00000| PB 0x00000000afc00000| Complete |  0
| 765|0x00000000afd00000, 0x00000000afe00000, 0x00000000afe00000|100%| S|CS|TAMS 0x00000000afd00000| PB 0x00000000afd00000| Complete |  0
| 766|0x00000000afe00000, 0x00000000aff00000, 0x00000000aff00000|100%| S|CS|TAMS 0x00000000afe00000| PB 0x00000000afe00000| Complete |  0
| 767|0x00000000aff00000, 0x00000000b0000000, 0x00000000b0000000|100%| S|CS|TAMS 0x00000000aff00000| PB 0x00000000aff00000| Complete |  0
| 768|0x00000000b0000000, 0x00000000b0100000, 0x00000000b0100000|100%| S|CS|TAMS 0x00000000b0000000| PB 0x00000000b0000000| Complete |  0
| 769|0x00000000b0100000, 0x00000000b0200000, 0x00000000b0200000|100%| S|CS|TAMS 0x00000000b0100000| PB 0x00000000b0100000| Complete |  0
| 770|0x00000000b0200000, 0x00000000b0300000, 0x00000000b0300000|100%| S|CS|TAMS 0x00000000b0200000| PB 0x00000000b0200000| Complete |  0
| 771|0x00000000b0300000, 0x00000000b0400000, 0x00000000b0400000|100%| S|CS|TAMS 0x00000000b0300000| PB 0x00000000b0300000| Complete |  0
| 772|0x00000000b0400000, 0x00000000b0500000, 0x00000000b0500000|100%| E|CS|TAMS 0x00000000b0400000| PB 0x00000000b0400000| Complete |  0
| 773|0x00000000b0500000, 0x00000000b0600000, 0x00000000b0600000|100%| E|CS|TAMS 0x00000000b0500000| PB 0x00000000b0500000| Complete |  0
| 774|0x00000000b0600000, 0x00000000b0700000, 0x00000000b0700000|100%| E|CS|TAMS 0x00000000b0600000| PB 0x00000000b0600000| Complete |  0
| 775|0x00000000b0700000, 0x00000000b0800000, 0x00000000b0800000|100%| E|CS|TAMS 0x00000000b0700000| PB 0x00000000b0700000| Complete |  0
| 776|0x00000000b0800000, 0x00000000b0900000, 0x00000000b0900000|100%| E|CS|TAMS 0x00000000b0800000| PB 0x00000000b0800000| Complete |  0
| 777|0x00000000b0900000, 0x00000000b0a00000, 0x00000000b0a00000|100%| E|CS|TAMS 0x00000000b0900000| PB 0x00000000b0900000| Complete |  0
| 778|0x00000000b0a00000, 0x00000000b0b00000, 0x00000000b0b00000|100%| E|CS|TAMS 0x00000000b0a00000| PB 0x00000000b0a00000| Complete |  0
| 779|0x00000000b0b00000, 0x00000000b0c00000, 0x00000000b0c00000|100%| E|CS|TAMS 0x00000000b0b00000| PB 0x00000000b0b00000| Complete |  0
| 780|0x00000000b0c00000, 0x00000000b0d00000, 0x00000000b0d00000|100%| E|CS|TAMS 0x00000000b0c00000| PB 0x00000000b0c00000| Complete |  0
| 781|0x00000000b0d00000, 0x00000000b0e00000, 0x00000000b0e00000|100%| E|CS|TAMS 0x00000000b0d00000| PB 0x00000000b0d00000| Complete |  0
| 782|0x00000000b0e00000, 0x00000000b0f00000, 0x00000000b0f00000|100%| E|CS|TAMS 0x00000000b0e00000| PB 0x00000000b0e00000| Complete |  0
| 783|0x00000000b0f00000, 0x00000000b1000000, 0x00000000b1000000|100%| E|CS|TAMS 0x00000000b0f00000| PB 0x00000000b0f00000| Complete |  0
| 784|0x00000000b1000000, 0x00000000b1100000, 0x00000000b1100000|100%| E|CS|TAMS 0x00000000b1000000| PB 0x00000000b1000000| Complete |  0
| 785|0x00000000b1100000, 0x00000000b1200000, 0x00000000b1200000|100%| E|CS|TAMS 0x00000000b1100000| PB 0x00000000b1100000| Complete |  0
| 786|0x00000000b1200000, 0x00000000b1300000, 0x00000000b1300000|100%| E|CS|TAMS 0x00000000b1200000| PB 0x00000000b1200000| Complete |  0
| 787|0x00000000b1300000, 0x00000000b1400000, 0x00000000b1400000|100%| E|CS|TAMS 0x00000000b1300000| PB 0x00000000b1300000| Complete |  0
| 788|0x00000000b1400000, 0x00000000b1500000, 0x00000000b1500000|100%| E|CS|TAMS 0x00000000b1400000| PB 0x00000000b1400000| Complete |  0
| 789|0x00000000b1500000, 0x00000000b1600000, 0x00000000b1600000|100%| E|CS|TAMS 0x00000000b1500000| PB 0x00000000b1500000| Complete |  0
| 790|0x00000000b1600000, 0x00000000b1700000, 0x00000000b1700000|100%| E|CS|TAMS 0x00000000b1600000| PB 0x00000000b1600000| Complete |  0
| 791|0x00000000b1700000, 0x00000000b1800000, 0x00000000b1800000|100%| E|CS|TAMS 0x00000000b1700000| PB 0x00000000b1700000| Complete |  0
| 792|0x00000000b1800000, 0x00000000b1900000, 0x00000000b1900000|100%| E|CS|TAMS 0x00000000b1800000| PB 0x00000000b1800000| Complete |  0
| 793|0x00000000b1900000, 0x00000000b1a00000, 0x00000000b1a00000|100%| E|CS|TAMS 0x00000000b1900000| PB 0x00000000b1900000| Complete |  0
| 794|0x00000000b1a00000, 0x00000000b1b00000, 0x00000000b1b00000|100%| E|CS|TAMS 0x00000000b1a00000| PB 0x00000000b1a00000| Complete |  0
| 795|0x00000000b1b00000, 0x00000000b1c00000, 0x00000000b1c00000|100%| E|CS|TAMS 0x00000000b1b00000| PB 0x00000000b1b00000| Complete |  0
| 796|0x00000000b1c00000, 0x00000000b1d00000, 0x00000000b1d00000|100%| E|CS|TAMS 0x00000000b1c00000| PB 0x00000000b1c00000| Complete |  0
| 797|0x00000000b1d00000, 0x00000000b1e00000, 0x00000000b1e00000|100%| E|CS|TAMS 0x00000000b1d00000| PB 0x00000000b1d00000| Complete |  0
| 798|0x00000000b1e00000, 0x00000000b1f00000, 0x00000000b1f00000|100%| E|CS|TAMS 0x00000000b1e00000| PB 0x00000000b1e00000| Complete |  0
| 799|0x00000000b1f00000, 0x00000000b2000000, 0x00000000b2000000|100%| E|CS|TAMS 0x00000000b1f00000| PB 0x00000000b1f00000| Complete |  0
| 800|0x00000000b2000000, 0x00000000b2100000, 0x00000000b2100000|100%| E|CS|TAMS 0x00000000b2000000| PB 0x00000000b2000000| Complete |  0
| 801|0x00000000b2100000, 0x00000000b2200000, 0x00000000b2200000|100%| E|CS|TAMS 0x00000000b2100000| PB 0x00000000b2100000| Complete |  0
| 802|0x00000000b2200000, 0x00000000b2300000, 0x00000000b2300000|100%| E|CS|TAMS 0x00000000b2200000| PB 0x00000000b2200000| Complete |  0
| 803|0x00000000b2300000, 0x00000000b2400000, 0x00000000b2400000|100%| E|CS|TAMS 0x00000000b2300000| PB 0x00000000b2300000| Complete |  0
| 804|0x00000000b2400000, 0x00000000b2500000, 0x00000000b2500000|100%| E|CS|TAMS 0x00000000b2400000| PB 0x00000000b2400000| Complete |  0
| 805|0x00000000b2500000, 0x00000000b2600000, 0x00000000b2600000|100%| E|CS|TAMS 0x00000000b2500000| PB 0x00000000b2500000| Complete |  0
| 806|0x00000000b2600000, 0x00000000b2700000, 0x00000000b2700000|100%| E|CS|TAMS 0x00000000b2600000| PB 0x00000000b2600000| Complete |  0
| 807|0x00000000b2700000, 0x00000000b2800000, 0x00000000b2800000|100%| E|CS|TAMS 0x00000000b2700000| PB 0x00000000b2700000| Complete |  0
| 808|0x00000000b2800000, 0x00000000b2900000, 0x00000000b2900000|100%| E|CS|TAMS 0x00000000b2800000| PB 0x00000000b2800000| Complete |  0
| 809|0x00000000b2900000, 0x00000000b2a00000, 0x00000000b2a00000|100%| E|CS|TAMS 0x00000000b2900000| PB 0x00000000b2900000| Complete |  0
| 810|0x00000000b2a00000, 0x00000000b2b00000, 0x00000000b2b00000|100%| E|CS|TAMS 0x00000000b2a00000| PB 0x00000000b2a00000| Complete |  0
| 811|0x00000000b2b00000, 0x00000000b2c00000, 0x00000000b2c00000|100%| E|CS|TAMS 0x00000000b2b00000| PB 0x00000000b2b00000| Complete |  0
| 812|0x00000000b2c00000, 0x00000000b2d00000, 0x00000000b2d00000|100%| E|CS|TAMS 0x00000000b2c00000| PB 0x00000000b2c00000| Complete |  0
| 813|0x00000000b2d00000, 0x00000000b2e00000, 0x00000000b2e00000|100%| E|CS|TAMS 0x00000000b2d00000| PB 0x00000000b2d00000| Complete |  0
| 814|0x00000000b2e00000, 0x00000000b2f00000, 0x00000000b2f00000|100%| E|CS|TAMS 0x00000000b2e00000| PB 0x00000000b2e00000| Complete |  0
| 815|0x00000000b2f00000, 0x00000000b3000000, 0x00000000b3000000|100%| E|CS|TAMS 0x00000000b2f00000| PB 0x00000000b2f00000| Complete |  0
| 816|0x00000000b3000000, 0x00000000b3100000, 0x00000000b3100000|100%| E|CS|TAMS 0x00000000b3000000| PB 0x00000000b3000000| Complete |  0
| 817|0x00000000b3100000, 0x00000000b3200000, 0x00000000b3200000|100%| E|CS|TAMS 0x00000000b3100000| PB 0x00000000b3100000| Complete |  0
| 818|0x00000000b3200000, 0x00000000b3300000, 0x00000000b3300000|100%| E|CS|TAMS 0x00000000b3200000| PB 0x00000000b3200000| Complete |  0
| 819|0x00000000b3300000, 0x00000000b3400000, 0x00000000b3400000|100%| E|CS|TAMS 0x00000000b3300000| PB 0x00000000b3300000| Complete |  0
| 820|0x00000000b3400000, 0x00000000b3500000, 0x00000000b3500000|100%| E|CS|TAMS 0x00000000b3400000| PB 0x00000000b3400000| Complete |  0
| 821|0x00000000b3500000, 0x00000000b3600000, 0x00000000b3600000|100%| E|CS|TAMS 0x00000000b3500000| PB 0x00000000b3500000| Complete |  0
| 822|0x00000000b3600000, 0x00000000b3700000, 0x00000000b3700000|100%| E|CS|TAMS 0x00000000b3600000| PB 0x00000000b3600000| Complete |  0
| 823|0x00000000b3700000, 0x00000000b3800000, 0x00000000b3800000|100%| E|CS|TAMS 0x00000000b3700000| PB 0x00000000b3700000| Complete |  0
| 824|0x00000000b3800000, 0x00000000b3900000, 0x00000000b3900000|100%| E|CS|TAMS 0x00000000b3800000| PB 0x00000000b3800000| Complete |  0
| 825|0x00000000b3900000, 0x00000000b3a00000, 0x00000000b3a00000|100%| E|CS|TAMS 0x00000000b3900000| PB 0x00000000b3900000| Complete |  0
| 826|0x00000000b3a00000, 0x00000000b3b00000, 0x00000000b3b00000|100%| E|CS|TAMS 0x00000000b3a00000| PB 0x00000000b3a00000| Complete |  0
| 827|0x00000000b3b00000, 0x00000000b3c00000, 0x00000000b3c00000|100%| E|CS|TAMS 0x00000000b3b00000| PB 0x00000000b3b00000| Complete |  0
| 828|0x00000000b3c00000, 0x00000000b3d00000, 0x00000000b3d00000|100%| E|CS|TAMS 0x00000000b3c00000| PB 0x00000000b3c00000| Complete |  0
| 829|0x00000000b3d00000, 0x00000000b3e00000, 0x00000000b3e00000|100%| E|CS|TAMS 0x00000000b3d00000| PB 0x00000000b3d00000| Complete |  0
| 830|0x00000000b3e00000, 0x00000000b3f00000, 0x00000000b3f00000|100%| E|CS|TAMS 0x00000000b3e00000| PB 0x00000000b3e00000| Complete |  0
| 831|0x00000000b3f00000, 0x00000000b4000000, 0x00000000b4000000|100%| E|CS|TAMS 0x00000000b3f00000| PB 0x00000000b3f00000| Complete |  0
| 832|0x00000000b4000000, 0x00000000b4100000, 0x00000000b4100000|100%| E|CS|TAMS 0x00000000b4000000| PB 0x00000000b4000000| Complete |  0
| 833|0x00000000b4100000, 0x00000000b4200000, 0x00000000b4200000|100%| E|CS|TAMS 0x00000000b4100000| PB 0x00000000b4100000| Complete |  0
| 834|0x00000000b4200000, 0x00000000b4300000, 0x00000000b4300000|100%| E|CS|TAMS 0x00000000b4200000| PB 0x00000000b4200000| Complete |  0
| 835|0x00000000b4300000, 0x00000000b4400000, 0x00000000b4400000|100%| E|CS|TAMS 0x00000000b4300000| PB 0x00000000b4300000| Complete |  0
| 836|0x00000000b4400000, 0x00000000b4500000, 0x00000000b4500000|100%| E|CS|TAMS 0x00000000b4400000| PB 0x00000000b4400000| Complete |  0
| 837|0x00000000b4500000, 0x00000000b4600000, 0x00000000b4600000|100%| E|CS|TAMS 0x00000000b4500000| PB 0x00000000b4500000| Complete |  0
| 838|0x00000000b4600000, 0x00000000b4700000, 0x00000000b4700000|100%| E|CS|TAMS 0x00000000b4600000| PB 0x00000000b4600000| Complete |  0
| 839|0x00000000b4700000, 0x00000000b4800000, 0x00000000b4800000|100%| E|CS|TAMS 0x00000000b4700000| PB 0x00000000b4700000| Complete |  0
| 840|0x00000000b4800000, 0x00000000b4900000, 0x00000000b4900000|100%| E|CS|TAMS 0x00000000b4800000| PB 0x00000000b4800000| Complete |  0
| 841|0x00000000b4900000, 0x00000000b4a00000, 0x00000000b4a00000|100%| E|CS|TAMS 0x00000000b4900000| PB 0x00000000b4900000| Complete |  0
| 842|0x00000000b4a00000, 0x00000000b4b00000, 0x00000000b4b00000|100%| E|CS|TAMS 0x00000000b4a00000| PB 0x00000000b4a00000| Complete |  0
| 843|0x00000000b4b00000, 0x00000000b4c00000, 0x00000000b4c00000|100%| E|CS|TAMS 0x00000000b4b00000| PB 0x00000000b4b00000| Complete |  0
| 844|0x00000000b4c00000, 0x00000000b4d00000, 0x00000000b4d00000|100%| E|CS|TAMS 0x00000000b4c00000| PB 0x00000000b4c00000| Complete |  0
| 845|0x00000000b4d00000, 0x00000000b4e00000, 0x00000000b4e00000|100%| E|CS|TAMS 0x00000000b4d00000| PB 0x00000000b4d00000| Complete |  0
| 846|0x00000000b4e00000, 0x00000000b4f00000, 0x00000000b4f00000|100%| E|CS|TAMS 0x00000000b4e00000| PB 0x00000000b4e00000| Complete |  0
| 847|0x00000000b4f00000, 0x00000000b5000000, 0x00000000b5000000|100%| E|CS|TAMS 0x00000000b4f00000| PB 0x00000000b4f00000| Complete |  0
| 848|0x00000000b5000000, 0x00000000b5100000, 0x00000000b5100000|100%| E|CS|TAMS 0x00000000b5000000| PB 0x00000000b5000000| Complete |  0
| 849|0x00000000b5100000, 0x00000000b5200000, 0x00000000b5200000|100%| E|CS|TAMS 0x00000000b5100000| PB 0x00000000b5100000| Complete |  0
| 850|0x00000000b5200000, 0x00000000b5300000, 0x00000000b5300000|100%| E|CS|TAMS 0x00000000b5200000| PB 0x00000000b5200000| Complete |  0
| 851|0x00000000b5300000, 0x00000000b5400000, 0x00000000b5400000|100%| E|CS|TAMS 0x00000000b5300000| PB 0x00000000b5300000| Complete |  0
| 852|0x00000000b5400000, 0x00000000b5500000, 0x00000000b5500000|100%| E|CS|TAMS 0x00000000b5400000| PB 0x00000000b5400000| Complete |  0
| 853|0x00000000b5500000, 0x00000000b5600000, 0x00000000b5600000|100%| E|CS|TAMS 0x00000000b5500000| PB 0x00000000b5500000| Complete |  0
| 854|0x00000000b5600000, 0x00000000b5700000, 0x00000000b5700000|100%| E|CS|TAMS 0x00000000b5600000| PB 0x00000000b5600000| Complete |  0
| 855|0x00000000b5700000, 0x00000000b5800000, 0x00000000b5800000|100%| E|CS|TAMS 0x00000000b5700000| PB 0x00000000b5700000| Complete |  0
| 856|0x00000000b5800000, 0x00000000b5900000, 0x00000000b5900000|100%| E|CS|TAMS 0x00000000b5800000| PB 0x00000000b5800000| Complete |  0
| 857|0x00000000b5900000, 0x00000000b5a00000, 0x00000000b5a00000|100%| E|CS|TAMS 0x00000000b5900000| PB 0x00000000b5900000| Complete |  0
| 858|0x00000000b5a00000, 0x00000000b5b00000, 0x00000000b5b00000|100%| E|CS|TAMS 0x00000000b5a00000| PB 0x00000000b5a00000| Complete |  0
| 859|0x00000000b5b00000, 0x00000000b5c00000, 0x00000000b5c00000|100%| E|CS|TAMS 0x00000000b5b00000| PB 0x00000000b5b00000| Complete |  0
| 860|0x00000000b5c00000, 0x00000000b5d00000, 0x00000000b5d00000|100%| E|CS|TAMS 0x00000000b5c00000| PB 0x00000000b5c00000| Complete |  0
| 861|0x00000000b5d00000, 0x00000000b5e00000, 0x00000000b5e00000|100%| E|CS|TAMS 0x00000000b5d00000| PB 0x00000000b5d00000| Complete |  0
| 862|0x00000000b5e00000, 0x00000000b5f00000, 0x00000000b5f00000|100%| E|CS|TAMS 0x00000000b5e00000| PB 0x00000000b5e00000| Complete |  0
| 863|0x00000000b5f00000, 0x00000000b6000000, 0x00000000b6000000|100%| E|CS|TAMS 0x00000000b5f00000| PB 0x00000000b5f00000| Complete |  0
| 864|0x00000000b6000000, 0x00000000b6100000, 0x00000000b6100000|100%| E|CS|TAMS 0x00000000b6000000| PB 0x00000000b6000000| Complete |  0
| 865|0x00000000b6100000, 0x00000000b6200000, 0x00000000b6200000|100%| E|CS|TAMS 0x00000000b6100000| PB 0x00000000b6100000| Complete |  0
| 866|0x00000000b6200000, 0x00000000b6300000, 0x00000000b6300000|100%| E|CS|TAMS 0x00000000b6200000| PB 0x00000000b6200000| Complete |  0
| 867|0x00000000b6300000, 0x00000000b6400000, 0x00000000b6400000|100%| E|CS|TAMS 0x00000000b6300000| PB 0x00000000b6300000| Complete |  0
| 868|0x00000000b6400000, 0x00000000b6500000, 0x00000000b6500000|100%| E|CS|TAMS 0x00000000b6400000| PB 0x00000000b6400000| Complete |  0
| 869|0x00000000b6500000, 0x00000000b6600000, 0x00000000b6600000|100%| E|CS|TAMS 0x00000000b6500000| PB 0x00000000b6500000| Complete |  0
| 870|0x00000000b6600000, 0x00000000b6700000, 0x00000000b6700000|100%| E|CS|TAMS 0x00000000b6600000| PB 0x00000000b6600000| Complete |  0
| 871|0x00000000b6700000, 0x00000000b6800000, 0x00000000b6800000|100%| E|CS|TAMS 0x00000000b6700000| PB 0x00000000b6700000| Complete |  0
| 872|0x00000000b6800000, 0x00000000b6900000, 0x00000000b6900000|100%| E|CS|TAMS 0x00000000b6800000| PB 0x00000000b6800000| Complete |  0
| 873|0x00000000b6900000, 0x00000000b6a00000, 0x00000000b6a00000|100%| E|CS|TAMS 0x00000000b6900000| PB 0x00000000b6900000| Complete |  0
| 874|0x00000000b6a00000, 0x00000000b6b00000, 0x00000000b6b00000|100%| E|CS|TAMS 0x00000000b6a00000| PB 0x00000000b6a00000| Complete |  0
| 875|0x00000000b6b00000, 0x00000000b6c00000, 0x00000000b6c00000|100%| E|CS|TAMS 0x00000000b6b00000| PB 0x00000000b6b00000| Complete |  0
| 876|0x00000000b6c00000, 0x00000000b6d00000, 0x00000000b6d00000|100%| E|CS|TAMS 0x00000000b6c00000| PB 0x00000000b6c00000| Complete |  0
| 877|0x00000000b6d00000, 0x00000000b6e00000, 0x00000000b6e00000|100%| E|CS|TAMS 0x00000000b6d00000| PB 0x00000000b6d00000| Complete |  0
| 878|0x00000000b6e00000, 0x00000000b6f00000, 0x00000000b6f00000|100%| E|CS|TAMS 0x00000000b6e00000| PB 0x00000000b6e00000| Complete |  0
| 879|0x00000000b6f00000, 0x00000000b7000000, 0x00000000b7000000|100%| E|CS|TAMS 0x00000000b6f00000| PB 0x00000000b6f00000| Complete |  0
| 880|0x00000000b7000000, 0x00000000b7100000, 0x00000000b7100000|100%| E|CS|TAMS 0x00000000b7000000| PB 0x00000000b7000000| Complete |  0
| 881|0x00000000b7100000, 0x00000000b7200000, 0x00000000b7200000|100%| E|CS|TAMS 0x00000000b7100000| PB 0x00000000b7100000| Complete |  0
| 882|0x00000000b7200000, 0x00000000b7300000, 0x00000000b7300000|100%| E|CS|TAMS 0x00000000b7200000| PB 0x00000000b7200000| Complete |  0
| 883|0x00000000b7300000, 0x00000000b7400000, 0x00000000b7400000|100%| E|CS|TAMS 0x00000000b7300000| PB 0x00000000b7300000| Complete |  0
| 884|0x00000000b7400000, 0x00000000b7500000, 0x00000000b7500000|100%| E|CS|TAMS 0x00000000b7400000| PB 0x00000000b7400000| Complete |  0
| 885|0x00000000b7500000, 0x00000000b7600000, 0x00000000b7600000|100%| E|CS|TAMS 0x00000000b7500000| PB 0x00000000b7500000| Complete |  0
| 886|0x00000000b7600000, 0x00000000b7700000, 0x00000000b7700000|100%| E|CS|TAMS 0x00000000b7600000| PB 0x00000000b7600000| Complete |  0
| 887|0x00000000b7700000, 0x00000000b7800000, 0x00000000b7800000|100%| E|CS|TAMS 0x00000000b7700000| PB 0x00000000b7700000| Complete |  0
| 888|0x00000000b7800000, 0x00000000b7900000, 0x00000000b7900000|100%| E|CS|TAMS 0x00000000b7800000| PB 0x00000000b7800000| Complete |  0
| 889|0x00000000b7900000, 0x00000000b7a00000, 0x00000000b7a00000|100%| E|CS|TAMS 0x00000000b7900000| PB 0x00000000b7900000| Complete |  0
| 890|0x00000000b7a00000, 0x00000000b7b00000, 0x00000000b7b00000|100%| E|CS|TAMS 0x00000000b7a00000| PB 0x00000000b7a00000| Complete |  0
| 891|0x00000000b7b00000, 0x00000000b7c00000, 0x00000000b7c00000|100%| E|CS|TAMS 0x00000000b7b00000| PB 0x00000000b7b00000| Complete |  0
| 892|0x00000000b7c00000, 0x00000000b7d00000, 0x00000000b7d00000|100%| E|CS|TAMS 0x00000000b7c00000| PB 0x00000000b7c00000| Complete |  0
| 893|0x00000000b7d00000, 0x00000000b7e00000, 0x00000000b7e00000|100%| E|CS|TAMS 0x00000000b7d00000| PB 0x00000000b7d00000| Complete |  0
| 894|0x00000000b7e00000, 0x00000000b7f00000, 0x00000000b7f00000|100%| E|CS|TAMS 0x00000000b7e00000| PB 0x00000000b7e00000| Complete |  0
| 895|0x00000000b7f00000, 0x00000000b8000000, 0x00000000b8000000|100%| E|CS|TAMS 0x00000000b7f00000| PB 0x00000000b7f00000| Complete |  0
| 896|0x00000000b8000000, 0x00000000b8100000, 0x00000000b8100000|100%| E|CS|TAMS 0x00000000b8000000| PB 0x00000000b8000000| Complete |  0
| 897|0x00000000b8100000, 0x00000000b8200000, 0x00000000b8200000|100%| E|CS|TAMS 0x00000000b8100000| PB 0x00000000b8100000| Complete |  0
| 898|0x00000000b8200000, 0x00000000b8300000, 0x00000000b8300000|100%| E|CS|TAMS 0x00000000b8200000| PB 0x00000000b8200000| Complete |  0
| 899|0x00000000b8300000, 0x00000000b8400000, 0x00000000b8400000|100%| E|CS|TAMS 0x00000000b8300000| PB 0x00000000b8300000| Complete |  0
| 900|0x00000000b8400000, 0x00000000b8500000, 0x00000000b8500000|100%| E|CS|TAMS 0x00000000b8400000| PB 0x00000000b8400000| Complete |  0
| 901|0x00000000b8500000, 0x00000000b8600000, 0x00000000b8600000|100%| E|CS|TAMS 0x00000000b8500000| PB 0x00000000b8500000| Complete |  0
| 902|0x00000000b8600000, 0x00000000b8700000, 0x00000000b8700000|100%| E|CS|TAMS 0x00000000b8600000| PB 0x00000000b8600000| Complete |  0
| 903|0x00000000b8700000, 0x00000000b8800000, 0x00000000b8800000|100%| E|CS|TAMS 0x00000000b8700000| PB 0x00000000b8700000| Complete |  0
| 904|0x00000000b8800000, 0x00000000b8900000, 0x00000000b8900000|100%| E|CS|TAMS 0x00000000b8800000| PB 0x00000000b8800000| Complete |  0
|1882|0x00000000f5a00000, 0x00000000f5b00000, 0x00000000f5b00000|100%| O|  |TAMS 0x00000000f5a00000| PB 0x00000000f5a00000| Untracked |  0
|1883|0x00000000f5b00000, 0x00000000f5c00000, 0x00000000f5c00000|100%| E|CS|TAMS 0x00000000f5b00000| PB 0x00000000f5b00000| Complete |  0
|1884|0x00000000f5c00000, 0x00000000f5d00000, 0x00000000f5d00000|100%| E|CS|TAMS 0x00000000f5c00000| PB 0x00000000f5c00000| Complete |  0
|1885|0x00000000f5d00000, 0x00000000f5e00000, 0x00000000f5e00000|100%| E|CS|TAMS 0x00000000f5d00000| PB 0x00000000f5d00000| Complete |  0
|1886|0x00000000f5e00000, 0x00000000f5f00000, 0x00000000f5f00000|100%| E|CS|TAMS 0x00000000f5e00000| PB 0x00000000f5e00000| Complete |  0
|1887|0x00000000f5f00000, 0x00000000f6000000, 0x00000000f6000000|100%| E|CS|TAMS 0x00000000f5f00000| PB 0x00000000f5f00000| Complete |  0
|1888|0x00000000f6000000, 0x00000000f6100000, 0x00000000f6100000|100%| O|Cm|TAMS 0x00000000f6000000| PB 0x00000000f6000000| Complete |  0
|1889|0x00000000f6100000, 0x00000000f6200000, 0x00000000f6200000|100%| O|Cm|TAMS 0x00000000f6100000| PB 0x00000000f6100000| Complete |  0
|1890|0x00000000f6200000, 0x00000000f6300000, 0x00000000f6300000|100%| O|Cm|TAMS 0x00000000f6200000| PB 0x00000000f6200000| Complete |  0
|1891|0x00000000f6300000, 0x00000000f6400000, 0x00000000f6400000|100%| O|Cm|TAMS 0x00000000f6300000| PB 0x00000000f6300000| Complete |  0
|1892|0x00000000f6400000, 0x00000000f6500000, 0x00000000f6500000|100%| O|Cm|TAMS 0x00000000f6400000| PB 0x00000000f6400000| Complete |  0
|1893|0x00000000f6500000, 0x00000000f6600000, 0x00000000f6600000|100%| O|Cm|TAMS 0x00000000f6500000| PB 0x00000000f6500000| Complete |  0
|1894|0x00000000f6600000, 0x00000000f6700000, 0x00000000f6700000|100%| O|Cm|TAMS 0x00000000f6600000| PB 0x00000000f6600000| Complete |  0
|1895|0x00000000f6700000, 0x00000000f6800000, 0x00000000f6800000|100%| O|Cm|TAMS 0x00000000f6700000| PB 0x00000000f6700000| Complete |  0
|1896|0x00000000f6800000, 0x00000000f6900000, 0x00000000f6900000|100%| O|Cm|TAMS 0x00000000f6800000| PB 0x00000000f6800000| Complete |  0
|1897|0x00000000f6900000, 0x00000000f6a00000, 0x00000000f6a00000|100%| O|Cm|TAMS 0x00000000f6900000| PB 0x00000000f6900000| Complete |  0
|1898|0x00000000f6a00000, 0x00000000f6b00000, 0x00000000f6b00000|100%| O|Cm|TAMS 0x00000000f6a00000| PB 0x00000000f6a00000| Complete |  0
|1899|0x00000000f6b00000, 0x00000000f6c00000, 0x00000000f6c00000|100%| O|Cm|TAMS 0x00000000f6b00000| PB 0x00000000f6b00000| Complete |  0
|1900|0x00000000f6c00000, 0x00000000f6d00000, 0x00000000f6d00000|100%| O|Cm|TAMS 0x00000000f6c00000| PB 0x00000000f6c00000| Complete |  0
|1901|0x00000000f6d00000, 0x00000000f6e00000, 0x00000000f6e00000|100%| O|Cm|TAMS 0x00000000f6d00000| PB 0x00000000f6d00000| Complete |  0
|1902|0x00000000f6e00000, 0x00000000f6f00000, 0x00000000f6f00000|100%| O|Cm|TAMS 0x00000000f6e00000| PB 0x00000000f6e00000| Complete |  0
|1903|0x00000000f6f00000, 0x00000000f7000000, 0x00000000f7000000|100%| O|Cm|TAMS 0x00000000f6f00000| PB 0x00000000f6f00000| Complete |  0
|1904|0x00000000f7000000, 0x00000000f7100000, 0x00000000f7100000|100%| O|Cm|TAMS 0x00000000f7000000| PB 0x00000000f7000000| Complete |  0
|1905|0x00000000f7100000, 0x00000000f7200000, 0x00000000f7200000|100%| O|Cm|TAMS 0x00000000f7100000| PB 0x00000000f7100000| Complete |  0
|1906|0x00000000f7200000, 0x00000000f7300000, 0x00000000f7300000|100%| O|Cm|TAMS 0x00000000f7200000| PB 0x00000000f7200000| Complete |  0
|1907|0x00000000f7300000, 0x00000000f7400000, 0x00000000f7400000|100%| O|Cm|TAMS 0x00000000f7300000| PB 0x00000000f7300000| Complete |  0
|1908|0x00000000f7400000, 0x00000000f7500000, 0x00000000f7500000|100%| O|Cm|TAMS 0x00000000f7400000| PB 0x00000000f7400000| Complete |  0
|1909|0x00000000f7500000, 0x00000000f7600000, 0x00000000f7600000|100%| O|Cm|TAMS 0x00000000f7500000| PB 0x00000000f7500000| Complete |  0
|1910|0x00000000f7600000, 0x00000000f7700000, 0x00000000f7700000|100%| O|Cm|TAMS 0x00000000f7600000| PB 0x00000000f7600000| Complete |  0
|1911|0x00000000f7700000, 0x00000000f7800000, 0x00000000f7800000|100%| O|Cm|TAMS 0x00000000f7700000| PB 0x00000000f7700000| Complete |  0
|1912|0x00000000f7800000, 0x00000000f7900000, 0x00000000f7900000|100%| O|Cm|TAMS 0x00000000f7800000| PB 0x00000000f7800000| Complete |  0
|1913|0x00000000f7900000, 0x00000000f7a00000, 0x00000000f7a00000|100%| O|Cm|TAMS 0x00000000f7900000| PB 0x00000000f7900000| Complete |  0
|1914|0x00000000f7a00000, 0x00000000f7b00000, 0x00000000f7b00000|100%| O|Cm|TAMS 0x00000000f7a00000| PB 0x00000000f7a00000| Complete |  0
|1915|0x00000000f7b00000, 0x00000000f7c00000, 0x00000000f7c00000|100%| O|Cm|TAMS 0x00000000f7b00000| PB 0x00000000f7b00000| Complete |  0
|1916|0x00000000f7c00000, 0x00000000f7d00000, 0x00000000f7d00000|100%| O|Cm|TAMS 0x00000000f7c00000| PB 0x00000000f7c00000| Complete |  0
|1917|0x00000000f7d00000, 0x00000000f7e00000, 0x00000000f7e00000|100%| O|Cm|TAMS 0x00000000f7d00000| PB 0x00000000f7d00000| Complete |  0
|1918|0x00000000f7e00000, 0x00000000f7f00000, 0x00000000f7f00000|100%| O|Cm|TAMS 0x00000000f7e00000| PB 0x00000000f7e00000| Complete |  0
|1919|0x00000000f7f00000, 0x00000000f8000000, 0x00000000f8000000|100%| E|CS|TAMS 0x00000000f7f00000| PB 0x00000000f7f00000| Complete |  0
|1920|0x00000000f8000000, 0x00000000f8100000, 0x00000000f8100000|100%| E|CS|TAMS 0x00000000f8000000| PB 0x00000000f8000000| Complete |  0
|1921|0x00000000f8100000, 0x00000000f8200000, 0x00000000f8200000|100%| O|Cm|TAMS 0x00000000f8100000| PB 0x00000000f8100000| Complete |  0
|1922|0x00000000f8200000, 0x00000000f8300000, 0x00000000f8300000|100%| E|CS|TAMS 0x00000000f8200000| PB 0x00000000f8200000| Complete |  0
|1923|0x00000000f8300000, 0x00000000f8400000, 0x00000000f8400000|100%| E|CS|TAMS 0x00000000f8300000| PB 0x00000000f8300000| Complete |  0
|1924|0x00000000f8400000, 0x00000000f8500000, 0x00000000f8500000|100%| E|CS|TAMS 0x00000000f8400000| PB 0x00000000f8400000| Complete |  0
|1925|0x00000000f8500000, 0x00000000f8600000, 0x00000000f8600000|100%| E|CS|TAMS 0x00000000f8500000| PB 0x00000000f8500000| Complete |  0
|1926|0x00000000f8600000, 0x00000000f8700000, 0x00000000f8700000|100%| E|CS|TAMS 0x00000000f8600000| PB 0x00000000f8600000| Complete |  0
|1927|0x00000000f8700000, 0x00000000f8800000, 0x00000000f8800000|100%| E|CS|TAMS 0x00000000f8700000| PB 0x00000000f8700000| Complete |  0
|1928|0x00000000f8800000, 0x00000000f8900000, 0x00000000f8900000|100%| E|CS|TAMS 0x00000000f8800000| PB 0x00000000f8800000| Complete |  0
|1929|0x00000000f8900000, 0x00000000f8a00000, 0x00000000f8a00000|100%| O|  |TAMS 0x00000000f8900000| PB 0x00000000f8900000| Untracked |  0
|1930|0x00000000f8a00000, 0x00000000f8b00000, 0x00000000f8b00000|100%| O|  |TAMS 0x00000000f8a00000| PB 0x00000000f8a00000| Untracked |  0
|1931|0x00000000f8b00000, 0x00000000f8c00000, 0x00000000f8c00000|100%| E|CS|TAMS 0x00000000f8b00000| PB 0x00000000f8b00000| Complete |  0
|1932|0x00000000f8c00000, 0x00000000f8d00000, 0x00000000f8d00000|100%| E|CS|TAMS 0x00000000f8c00000| PB 0x00000000f8c00000| Complete |  0
|1933|0x00000000f8d00000, 0x00000000f8e00000, 0x00000000f8e00000|100%| E|CS|TAMS 0x00000000f8d00000| PB 0x00000000f8d00000| Complete |  0
|1934|0x00000000f8e00000, 0x00000000f8f00000, 0x00000000f8f00000|100%| E|CS|TAMS 0x00000000f8e00000| PB 0x00000000f8e00000| Complete |  0
|1935|0x00000000f8f00000, 0x00000000f9000000, 0x00000000f9000000|100%| E|CS|TAMS 0x00000000f8f00000| PB 0x00000000f8f00000| Complete |  0
|1936|0x00000000f9000000, 0x00000000f9100000, 0x00000000f9100000|100%| E|CS|TAMS 0x00000000f9000000| PB 0x00000000f9000000| Complete |  0
|1937|0x00000000f9100000, 0x00000000f9200000, 0x00000000f9200000|100%| E|CS|TAMS 0x00000000f9100000| PB 0x00000000f9100000| Complete |  0
|1938|0x00000000f9200000, 0x00000000f9300000, 0x00000000f9300000|100%| E|CS|TAMS 0x00000000f9200000| PB 0x00000000f9200000| Complete |  0
|1939|0x00000000f9300000, 0x00000000f9400000, 0x00000000f9400000|100%| E|CS|TAMS 0x00000000f9300000| PB 0x00000000f9300000| Complete |  0
|1940|0x00000000f9400000, 0x00000000f9500000, 0x00000000f9500000|100%| E|CS|TAMS 0x00000000f9400000| PB 0x00000000f9400000| Complete |  0
|1941|0x00000000f9500000, 0x00000000f9600000, 0x00000000f9600000|100%| E|CS|TAMS 0x00000000f9500000| PB 0x00000000f9500000| Complete |  0
|1942|0x00000000f9600000, 0x00000000f9700000, 0x00000000f9700000|100%| E|CS|TAMS 0x00000000f9600000| PB 0x00000000f9600000| Complete |  0
|1943|0x00000000f9700000, 0x00000000f9800000, 0x00000000f9800000|100%| E|CS|TAMS 0x00000000f9700000| PB 0x00000000f9700000| Complete |  0
|1944|0x00000000f9800000, 0x00000000f9900000, 0x00000000f9900000|100%| E|CS|TAMS 0x00000000f9800000| PB 0x00000000f9800000| Complete |  0
|1945|0x00000000f9900000, 0x00000000f9a00000, 0x00000000f9a00000|100%| E|CS|TAMS 0x00000000f9900000| PB 0x00000000f9900000| Complete |  0
|1946|0x00000000f9a00000, 0x00000000f9b00000, 0x00000000f9b00000|100%| E|CS|TAMS 0x00000000f9a00000| PB 0x00000000f9a00000| Complete |  0
|1947|0x00000000f9b00000, 0x00000000f9c00000, 0x00000000f9c00000|100%| E|CS|TAMS 0x00000000f9b00000| PB 0x00000000f9b00000| Complete |  0
|1948|0x00000000f9c00000, 0x00000000f9d00000, 0x00000000f9d00000|100%| E|CS|TAMS 0x00000000f9c00000| PB 0x00000000f9c00000| Complete |  0
|1949|0x00000000f9d00000, 0x00000000f9e00000, 0x00000000f9e00000|100%| E|CS|TAMS 0x00000000f9d00000| PB 0x00000000f9d00000| Complete |  0
|1950|0x00000000f9e00000, 0x00000000f9f00000, 0x00000000f9f00000|100%| E|CS|TAMS 0x00000000f9e00000| PB 0x00000000f9e00000| Complete |  0
|1951|0x00000000f9f00000, 0x00000000fa000000, 0x00000000fa000000|100%| E|CS|TAMS 0x00000000f9f00000| PB 0x00000000f9f00000| Complete |  0
|1952|0x00000000fa000000, 0x00000000fa100000, 0x00000000fa100000|100%| E|CS|TAMS 0x00000000fa000000| PB 0x00000000fa000000| Complete |  0
|1953|0x00000000fa100000, 0x00000000fa200000, 0x00000000fa200000|100%| E|CS|TAMS 0x00000000fa100000| PB 0x00000000fa100000| Complete |  0
|1954|0x00000000fa200000, 0x00000000fa300000, 0x00000000fa300000|100%| E|CS|TAMS 0x00000000fa200000| PB 0x00000000fa200000| Complete |  0
|1955|0x00000000fa300000, 0x00000000fa400000, 0x00000000fa400000|100%| E|CS|TAMS 0x00000000fa300000| PB 0x00000000fa300000| Complete |  0
|1956|0x00000000fa400000, 0x00000000fa500000, 0x00000000fa500000|100%| E|CS|TAMS 0x00000000fa400000| PB 0x00000000fa400000| Complete |  0
|1957|0x00000000fa500000, 0x00000000fa600000, 0x00000000fa600000|100%| E|CS|TAMS 0x00000000fa500000| PB 0x00000000fa500000| Complete |  0
|1958|0x00000000fa600000, 0x00000000fa700000, 0x00000000fa700000|100%| E|CS|TAMS 0x00000000fa600000| PB 0x00000000fa600000| Complete |  0
|1959|0x00000000fa700000, 0x00000000fa800000, 0x00000000fa800000|100%| E|CS|TAMS 0x00000000fa700000| PB 0x00000000fa700000| Complete |  0
|1960|0x00000000fa800000, 0x00000000fa900000, 0x00000000fa900000|100%| E|CS|TAMS 0x00000000fa800000| PB 0x00000000fa800000| Complete |  0
|1961|0x00000000fa900000, 0x00000000faa00000, 0x00000000faa00000|100%| E|CS|TAMS 0x00000000fa900000| PB 0x00000000fa900000| Complete |  0
|1962|0x00000000faa00000, 0x00000000fab00000, 0x00000000fab00000|100%| E|CS|TAMS 0x00000000faa00000| PB 0x00000000faa00000| Complete |  0
|1963|0x00000000fab00000, 0x00000000fac00000, 0x00000000fac00000|100%| E|CS|TAMS 0x00000000fab00000| PB 0x00000000fab00000| Complete |  0
|1964|0x00000000fac00000, 0x00000000fad00000, 0x00000000fad00000|100%| E|CS|TAMS 0x00000000fac00000| PB 0x00000000fac00000| Complete |  0
|1965|0x00000000fad00000, 0x00000000fae00000, 0x00000000fae00000|100%| E|CS|TAMS 0x00000000fad00000| PB 0x00000000fad00000| Complete |  0
|1966|0x00000000fae00000, 0x00000000faf00000, 0x00000000faf00000|100%| E|CS|TAMS 0x00000000fae00000| PB 0x00000000fae00000| Complete |  0
|1967|0x00000000faf00000, 0x00000000fb000000, 0x00000000fb000000|100%| E|CS|TAMS 0x00000000faf00000| PB 0x00000000faf00000| Complete |  0
|1968|0x00000000fb000000, 0x00000000fb100000, 0x00000000fb100000|100%| E|CS|TAMS 0x00000000fb000000| PB 0x00000000fb000000| Complete |  0
|1969|0x00000000fb100000, 0x00000000fb200000, 0x00000000fb200000|100%| E|CS|TAMS 0x00000000fb100000| PB 0x00000000fb100000| Complete |  0
|1970|0x00000000fb200000, 0x00000000fb300000, 0x00000000fb300000|100%| E|CS|TAMS 0x00000000fb200000| PB 0x00000000fb200000| Complete |  0
|1971|0x00000000fb300000, 0x00000000fb400000, 0x00000000fb400000|100%| E|CS|TAMS 0x00000000fb300000| PB 0x00000000fb300000| Complete |  0
|1972|0x00000000fb400000, 0x00000000fb500000, 0x00000000fb500000|100%| E|CS|TAMS 0x00000000fb400000| PB 0x00000000fb400000| Complete |  0
|1973|0x00000000fb500000, 0x00000000fb600000, 0x00000000fb600000|100%| E|CS|TAMS 0x00000000fb500000| PB 0x00000000fb500000| Complete |  0
|1974|0x00000000fb600000, 0x00000000fb700000, 0x00000000fb700000|100%| E|CS|TAMS 0x00000000fb600000| PB 0x00000000fb600000| Complete |  0
|1975|0x00000000fb700000, 0x00000000fb800000, 0x00000000fb800000|100%| E|CS|TAMS 0x00000000fb700000| PB 0x00000000fb700000| Complete |  0
|1976|0x00000000fb800000, 0x00000000fb900000, 0x00000000fb900000|100%| E|CS|TAMS 0x00000000fb800000| PB 0x00000000fb800000| Complete |  0
|1977|0x00000000fb900000, 0x00000000fba00000, 0x00000000fba00000|100%| E|CS|TAMS 0x00000000fb900000| PB 0x00000000fb900000| Complete |  0
|1978|0x00000000fba00000, 0x00000000fbb00000, 0x00000000fbb00000|100%| E|CS|TAMS 0x00000000fba00000| PB 0x00000000fba00000| Complete |  0
|1979|0x00000000fbb00000, 0x00000000fbc00000, 0x00000000fbc00000|100%| E|CS|TAMS 0x00000000fbb00000| PB 0x00000000fbb00000| Complete |  0
|1980|0x00000000fbc00000, 0x00000000fbd00000, 0x00000000fbd00000|100%| E|CS|TAMS 0x00000000fbc00000| PB 0x00000000fbc00000| Complete |  0
|1981|0x00000000fbd00000, 0x00000000fbe00000, 0x00000000fbe00000|100%| E|CS|TAMS 0x00000000fbd00000| PB 0x00000000fbd00000| Complete |  0
|1982|0x00000000fbe00000, 0x00000000fbf00000, 0x00000000fbf00000|100%| E|CS|TAMS 0x00000000fbe00000| PB 0x00000000fbe00000| Complete |  0
|1983|0x00000000fbf00000, 0x00000000fc000000, 0x00000000fc000000|100%| O|  |TAMS 0x00000000fbf00000| PB 0x00000000fbf00000| Untracked |  0
|1984|0x00000000fc000000, 0x00000000fc100000, 0x00000000fc100000|100%| E|CS|TAMS 0x00000000fc000000| PB 0x00000000fc000000| Complete |  0
|1985|0x00000000fc100000, 0x00000000fc200000, 0x00000000fc200000|100%| E|CS|TAMS 0x00000000fc100000| PB 0x00000000fc100000| Complete |  0
|1986|0x00000000fc200000, 0x00000000fc300000, 0x00000000fc300000|100%| E|CS|TAMS 0x00000000fc200000| PB 0x00000000fc200000| Complete |  0
|1987|0x00000000fc300000, 0x00000000fc400000, 0x00000000fc400000|100%| E|CS|TAMS 0x00000000fc300000| PB 0x00000000fc300000| Complete |  0
|1988|0x00000000fc400000, 0x00000000fc500000, 0x00000000fc500000|100%| E|CS|TAMS 0x00000000fc400000| PB 0x00000000fc400000| Complete |  0
|1989|0x00000000fc500000, 0x00000000fc600000, 0x00000000fc600000|100%| E|CS|TAMS 0x00000000fc500000| PB 0x00000000fc500000| Complete |  0
|1990|0x00000000fc600000, 0x00000000fc700000, 0x00000000fc700000|100%| E|CS|TAMS 0x00000000fc600000| PB 0x00000000fc600000| Complete |  0
|1991|0x00000000fc700000, 0x00000000fc800000, 0x00000000fc800000|100%| E|CS|TAMS 0x00000000fc700000| PB 0x00000000fc700000| Complete |  0
|1992|0x00000000fc800000, 0x00000000fc900000, 0x00000000fc900000|100%| E|CS|TAMS 0x00000000fc800000| PB 0x00000000fc800000| Complete |  0
|1993|0x00000000fc900000, 0x00000000fca00000, 0x00000000fca00000|100%| E|CS|TAMS 0x00000000fc900000| PB 0x00000000fc900000| Complete |  0
|1994|0x00000000fca00000, 0x00000000fcb00000, 0x00000000fcb00000|100%| E|CS|TAMS 0x00000000fca00000| PB 0x00000000fca00000| Complete |  0
|1995|0x00000000fcb00000, 0x00000000fcc00000, 0x00000000fcc00000|100%| E|CS|TAMS 0x00000000fcb00000| PB 0x00000000fcb00000| Complete |  0
|1996|0x00000000fcc00000, 0x00000000fcd00000, 0x00000000fcd00000|100%| E|CS|TAMS 0x00000000fcc00000| PB 0x00000000fcc00000| Complete |  0
|1997|0x00000000fcd00000, 0x00000000fce00000, 0x00000000fce00000|100%| E|CS|TAMS 0x00000000fcd00000| PB 0x00000000fcd00000| Complete |  0
|1998|0x00000000fce00000, 0x00000000fcf00000, 0x00000000fcf00000|100%| E|CS|TAMS 0x00000000fce00000| PB 0x00000000fce00000| Complete |  0
|1999|0x00000000fcf00000, 0x00000000fd000000, 0x00000000fd000000|100%| E|CS|TAMS 0x00000000fcf00000| PB 0x00000000fcf00000| Complete |  0
|2000|0x00000000fd000000, 0x00000000fd100000, 0x00000000fd100000|100%| E|CS|TAMS 0x00000000fd000000| PB 0x00000000fd000000| Complete |  0
|2001|0x00000000fd100000, 0x00000000fd200000, 0x00000000fd200000|100%| E|CS|TAMS 0x00000000fd100000| PB 0x00000000fd100000| Complete |  0
|2002|0x00000000fd200000, 0x00000000fd300000, 0x00000000fd300000|100%| E|CS|TAMS 0x00000000fd200000| PB 0x00000000fd200000| Complete |  0
|2003|0x00000000fd300000, 0x00000000fd400000, 0x00000000fd400000|100%| E|CS|TAMS 0x00000000fd300000| PB 0x00000000fd300000| Complete |  0
|2004|0x00000000fd400000, 0x00000000fd500000, 0x00000000fd500000|100%| E|CS|TAMS 0x00000000fd400000| PB 0x00000000fd400000| Complete |  0
|2005|0x00000000fd500000, 0x00000000fd600000, 0x00000000fd600000|100%| E|CS|TAMS 0x00000000fd500000| PB 0x00000000fd500000| Complete |  0
|2006|0x00000000fd600000, 0x00000000fd700000, 0x00000000fd700000|100%| E|CS|TAMS 0x00000000fd600000| PB 0x00000000fd600000| Complete |  0
|2007|0x00000000fd700000, 0x00000000fd800000, 0x00000000fd800000|100%| E|CS|TAMS 0x00000000fd700000| PB 0x00000000fd700000| Complete |  0
|2008|0x00000000fd800000, 0x00000000fd900000, 0x00000000fd900000|100%| E|CS|TAMS 0x00000000fd800000| PB 0x00000000fd800000| Complete |  0
|2009|0x00000000fd900000, 0x00000000fda00000, 0x00000000fda00000|100%| E|CS|TAMS 0x00000000fd900000| PB 0x00000000fd900000| Complete |  0
|2010|0x00000000fda00000, 0x00000000fdb00000, 0x00000000fdb00000|100%| E|CS|TAMS 0x00000000fda00000| PB 0x00000000fda00000| Complete |  0
|2011|0x00000000fdb00000, 0x00000000fdc00000, 0x00000000fdc00000|100%| E|CS|TAMS 0x00000000fdb00000| PB 0x00000000fdb00000| Complete |  0
|2012|0x00000000fdc00000, 0x00000000fdd00000, 0x00000000fdd00000|100%| E|CS|TAMS 0x00000000fdc00000| PB 0x00000000fdc00000| Complete |  0
|2013|0x00000000fdd00000, 0x00000000fde00000, 0x00000000fde00000|100%| E|CS|TAMS 0x00000000fdd00000| PB 0x00000000fdd00000| Complete |  0
|2014|0x00000000fde00000, 0x00000000fdf00000, 0x00000000fdf00000|100%| E|CS|TAMS 0x00000000fde00000| PB 0x00000000fde00000| Complete |  0
|2015|0x00000000fdf00000, 0x00000000fe000000, 0x00000000fe000000|100%| E|CS|TAMS 0x00000000fdf00000| PB 0x00000000fdf00000| Complete |  0
|2016|0x00000000fe000000, 0x00000000fe100000, 0x00000000fe100000|100%| E|CS|TAMS 0x00000000fe000000| PB 0x00000000fe000000| Complete |  0
|2017|0x00000000fe100000, 0x00000000fe200000, 0x00000000fe200000|100%| E|CS|TAMS 0x00000000fe100000| PB 0x00000000fe100000| Complete |  0
|2018|0x00000000fe200000, 0x00000000fe300000, 0x00000000fe300000|100%| E|CS|TAMS 0x00000000fe200000| PB 0x00000000fe200000| Complete |  0
|2019|0x00000000fe300000, 0x00000000fe400000, 0x00000000fe400000|100%| E|CS|TAMS 0x00000000fe300000| PB 0x00000000fe300000| Complete |  0
|2020|0x00000000fe400000, 0x00000000fe500000, 0x00000000fe500000|100%| E|CS|TAMS 0x00000000fe400000| PB 0x00000000fe400000| Complete |  0
|2021|0x00000000fe500000, 0x00000000fe600000, 0x00000000fe600000|100%| E|CS|TAMS 0x00000000fe500000| PB 0x00000000fe500000| Complete |  0
|2022|0x00000000fe600000, 0x00000000fe700000, 0x00000000fe700000|100%| E|CS|TAMS 0x00000000fe600000| PB 0x00000000fe600000| Complete |  0
|2023|0x00000000fe700000, 0x00000000fe800000, 0x00000000fe800000|100%| E|CS|TAMS 0x00000000fe700000| PB 0x00000000fe700000| Complete |  0
|2024|0x00000000fe800000, 0x00000000fe900000, 0x00000000fe900000|100%| E|CS|TAMS 0x00000000fe800000| PB 0x00000000fe800000| Complete |  0
|2025|0x00000000fe900000, 0x00000000fea00000, 0x00000000fea00000|100%| E|CS|TAMS 0x00000000fe900000| PB 0x00000000fe900000| Complete |  0
|2026|0x00000000fea00000, 0x00000000feb00000, 0x00000000feb00000|100%| E|CS|TAMS 0x00000000fea00000| PB 0x00000000fea00000| Complete |  0
|2027|0x00000000feb00000, 0x00000000fec00000, 0x00000000fec00000|100%| E|CS|TAMS 0x00000000feb00000| PB 0x00000000feb00000| Complete |  0
|2028|0x00000000fec00000, 0x00000000fed00000, 0x00000000fed00000|100%| E|CS|TAMS 0x00000000fec00000| PB 0x00000000fec00000| Complete |  0
|2029|0x00000000fed00000, 0x00000000fee00000, 0x00000000fee00000|100%| E|CS|TAMS 0x00000000fed00000| PB 0x00000000fed00000| Complete |  0
|2030|0x00000000fee00000, 0x00000000fef00000, 0x00000000fef00000|100%| E|CS|TAMS 0x00000000fee00000| PB 0x00000000fee00000| Complete |  0
|2031|0x00000000fef00000, 0x00000000ff000000, 0x00000000ff000000|100%| O|  |TAMS 0x00000000fef00000| PB 0x00000000fef00000| Untracked |  0
|2032|0x00000000ff000000, 0x00000000ff100000, 0x00000000ff100000|100%| E|CS|TAMS 0x00000000ff000000| PB 0x00000000ff000000| Complete |  0
|2033|0x00000000ff100000, 0x00000000ff200000, 0x00000000ff200000|100%| E|CS|TAMS 0x00000000ff100000| PB 0x00000000ff100000| Complete |  0
|2034|0x00000000ff200000, 0x00000000ff300000, 0x00000000ff300000|100%| E|CS|TAMS 0x00000000ff200000| PB 0x00000000ff200000| Complete |  0
|2035|0x00000000ff300000, 0x00000000ff400000, 0x00000000ff400000|100%| E|CS|TAMS 0x00000000ff300000| PB 0x00000000ff300000| Complete |  0
|2036|0x00000000ff400000, 0x00000000ff500000, 0x00000000ff500000|100%| E|CS|TAMS 0x00000000ff400000| PB 0x00000000ff400000| Complete |  0
|2037|0x00000000ff500000, 0x00000000ff600000, 0x00000000ff600000|100%| E|CS|TAMS 0x00000000ff500000| PB 0x00000000ff500000| Complete |  0
|2038|0x00000000ff600000, 0x00000000ff700000, 0x00000000ff700000|100%| E|CS|TAMS 0x00000000ff600000| PB 0x00000000ff600000| Complete |  0
|2039|0x00000000ff700000, 0x00000000ff800000, 0x00000000ff800000|100%| E|CS|TAMS 0x00000000ff700000| PB 0x00000000ff700000| Complete |  0
|2040|0x00000000ff800000, 0x00000000ff900000, 0x00000000ff900000|100%| E|CS|TAMS 0x00000000ff800000| PB 0x00000000ff800000| Complete |  0
|2041|0x00000000ff900000, 0x00000000ffa00000, 0x00000000ffa00000|100%| E|CS|TAMS 0x00000000ff900000| PB 0x00000000ff900000| Complete |  0
|2042|0x00000000ffa00000, 0x00000000ffb00000, 0x00000000ffb00000|100%| E|CS|TAMS 0x00000000ffa00000| PB 0x00000000ffa00000| Complete |  0
|2043|0x00000000ffb00000, 0x00000000ffc00000, 0x00000000ffc00000|100%| O|  |TAMS 0x00000000ffb00000| PB 0x00000000ffb00000| Untracked |  0
|2044|0x00000000ffc00000, 0x00000000ffd00000, 0x00000000ffd00000|100%| E|CS|TAMS 0x00000000ffc00000| PB 0x00000000ffc00000| Complete |  0
|2045|0x00000000ffd00000, 0x00000000ffe00000, 0x00000000ffe00000|100%| O|  |TAMS 0x00000000ffd00000| PB 0x00000000ffd00000| Untracked |  0
|2046|0x00000000ffe00000, 0x00000000fff00000, 0x00000000fff00000|100%| O|  |TAMS 0x00000000ffe00000| PB 0x00000000ffe00000| Untracked |  0
|2047|0x00000000fff00000, 0x0000000100000000, 0x0000000100000000|100%| E|CS|TAMS 0x00000000fff00000| PB 0x00000000fff00000| Complete |  0

Card table byte_map: [0x000001c2d5630000,0x000001c2d5a30000] _byte_map_base: 0x000001c2d5230000

Marking Bits: (CMBitMap*) 0x000001c2c0ebf130
 Bits: [0x000001c2d5a30000, 0x000001c2d7a30000)

Polling page: 0x000001c2bf190000

Metaspace:
Metaspace        used 360423K, committed 362560K, reserved 1376256K
 class space     used 49203K, committed 50240K, reserved 1048576K

Usage:
  Non-class:    303.93 MB used.
      Class:     48.05 MB used.
       Both:    351.98 MB used.

Virtual space:
  Non-class space:      320.00 MB reserved,     305.00 MB ( 95%) committed,  5 nodes.
      Class space:        1.00 GB reserved,      49.06 MB (  5%) committed,  1 nodes.
             Both:        1.31 GB reserved,     354.06 MB ( 26%) committed. 

Chunk freelists:
   Non-Class:  14.72 MB
       Class:  14.97 MB
        Both:  29.69 MB

MaxMetaspaceSize: unlimited
CompressedClassSpaceSize: 1.00 GB
Initial GC threshold: 21.00 MB
Current GC threshold: 568.25 MB
CDS: off
 - commit_granule_bytes: 65536.
 - commit_granule_words: 8192.
 - virtual_space_node_default_size: 8388608.
 - enlarge_chunks_in_place: 1.
UseCompressedClassPointers 1, UseCompactObjectHeaders 0
Narrow klass pointer bits 32, Max shift 3
Narrow klass base: 0x0000000000000000, Narrow klass shift: 0
Encoding Range: [0x0000000000000000 - 0x0000000100000000), (4294967296 bytes)
Klass Range:    [0x0000000012000000 - 0x0000000052000000), (1073741824 bytes)
Klass ID Range:  [301989888 - 1375731705) (1073741817)
No protection zone.


Internal statistics:

num_allocs_failed_limit: 9.
num_arena_births: 6970.
num_arena_deaths: 3332.
num_vsnodes_births: 6.
num_vsnodes_deaths: 0.
num_space_committed: 5665.
num_space_uncommitted: 3.
num_chunks_returned_to_freelist: 3821.
num_chunks_taken_from_freelist: 22707.
num_chunk_merges: 1296.
num_chunk_splits: 15245.
num_chunks_enlarged: 11464.
num_inconsistent_stats: 0.

CodeHeap 'non-profiled nmethods': size=118912Kb used=25053Kb max_used=25053Kb free=93858Kb
 bounds [0x000001c2cc490000, 0x000001c2cdd10000, 0x000001c2d38b0000]
CodeHeap 'profiled nmethods': size=118912Kb used=32175Kb max_used=48069Kb free=86736Kb
 bounds [0x000001c2c4890000, 0x000001c2c77a0000, 0x000001c2cbcb0000]
CodeHeap 'non-nmethods': size=8064Kb used=3736Kb max_used=5076Kb free=4327Kb
 bounds [0x000001c2cbcb0000, 0x000001c2cc1c0000, 0x000001c2cc490000]
CodeCache: size=245888Kb, used=60964Kb, max_used=78198Kb, free=184921Kb
 total_blobs=26864, nmethods=25451, adapters=1311, full_count=0
Compilation: enabled, stopped_count=0, restarted_count=0

Compilation events (20 events):
Event: 15953.783 Thread 0x000001c2e1978970 nmethod 84891 0x000001c2cdcf8e08 code [0x000001c2cdcf8f00, 0x000001c2cdcf8f98]
Event: 15953.785 Thread 0x000001c2fda84590 84892       3       org.codehaus.groovy.runtime.StackTraceUtils::isApplicationClass (84 bytes)
Event: 15953.785 Thread 0x000001c2fda83570 84893       3       org.gradle.api.internal.artifacts.ivyservice.DefaultArtifactCaches$LateInitWritableArtifactCacheLockingAccessCoordinator::useCache (9 bytes)
Event: 15953.785 Thread 0x000001c2db755890 84894       3       org.gradle.api.internal.artifacts.ivyservice.WritableArtifactCacheLockingAccessCoordinator::useCache (11 bytes)
Event: 15953.785 Thread 0x000001c2fda84590 nmethod 84892 0x000001c2c5bbf408 code [0x000001c2c5bbf500, 0x000001c2c5bbffe8]
Event: 15953.785 Thread 0x000001c2db755890 nmethod 84894 0x000001c2c5bbf108 code [0x000001c2c5bbf200, 0x000001c2c5bbf3c8]
Event: 15953.785 Thread 0x000001c2fda83570 nmethod 84893 0x000001c2c5bbed08 code [0x000001c2c5bbee00, 0x000001c2c5bbf080]
Event: 15953.785 Thread 0x000001c2fda84590 84895   !   3       org.gradle.internal.build.ExecutionResult::forEach (76 bytes)
Event: 15953.786 Thread 0x000001c2fda84590 nmethod 84895 0x000001c2c5bbdf88 code [0x000001c2c5bbe080, 0x000001c2c5bbecc8]
Event: 15953.786 Thread 0x000001c2db755890 84896       3       org.gradle.api.services.internal.DefaultBuildServicesRegistry$$Lambda/0x0000000013b45da8::accept (16 bytes)
Event: 15953.786 Thread 0x000001c2fda83570 84897       3       org.gradle.api.services.internal.DefaultBuildServicesRegistry::lambda$discardAll$8 (38 bytes)
Event: 15953.786 Thread 0x000001c2fda84590 84898   !   3       org.gradle.api.services.internal.RegisteredBuildServiceProvider::maybeStop (75 bytes)
Event: 15953.786 Thread 0x000001c2db755890 nmethod 84896 0x000001c2c5bbdc08 code [0x000001c2c5bbdd00, 0x000001c2c5bbdf20]
Event: 15953.786 Thread 0x000001c2fda83570 nmethod 84897 0x000001c2c5bbd708 code [0x000001c2c5bbd800, 0x000001c2c5bbdb88]
Event: 15953.786 Thread 0x000001c2e1978970 84899   !   4       org.gradle.api.services.internal.RegisteredBuildServiceProvider::getStopActions (19 bytes)
Event: 15953.786 Thread 0x000001c2fda83570 84900       3       org.gradle.api.services.internal.RegisteredBuildServiceProvider$$Lambda/0x0000000013b46020::<init> (10 bytes)
Event: 15953.786 Thread 0x000001c2fda83570 nmethod 84900 0x000001c2c5bbd408 code [0x000001c2c5bbd500, 0x000001c2c5bbd6b0]
Event: 15953.786 Thread 0x000001c2fda84590 nmethod 84898 0x000001c2c5bbc288 code [0x000001c2c5bbc380, 0x000001c2c5bbd390]
Event: 15953.786 Thread 0x000001c2e1978970 nmethod 84899 0x000001c2cdcf9108 code [0x000001c2cdcf9200, 0x000001c2cdcf9400]
Event: 15953.792 Thread 0x000001c2e6c826f0 nmethod 84841 0x000001c2cdcf9488 code [0x000001c2cdcf9580, 0x000001c2cdd029c0]

GC Heap Usage History (20 events):
Event: 4031.310 {heap Before GC invocations=141 (full 0):
 garbage-first heap   total reserved 2097152K, committed 1011712K, used 476370K [0x0000000080000000, 0x0000000100000000)
  region size 1024K, 117 young (119808K), 23 survivors (23552K)
}
Event: 4031.315 {heap After GC invocations=142 (full 0):
 garbage-first heap   total reserved 2097152K, committed 1011712K, used 388263K [0x0000000080000000, 0x0000000100000000)
  region size 1024K, 25 young (25600K), 25 survivors (25600K)
}
Event: 4031.994 {heap Before GC invocations=143 (full 0):
 garbage-first heap   total reserved 2097152K, committed 1011712K, used 968871K [0x0000000080000000, 0x0000000100000000)
  region size 1024K, 583 young (596992K), 25 survivors (25600K)
}
Event: 4032.000 {heap After GC invocations=144 (full 0):
 garbage-first heap   total reserved 2097152K, committed 1011712K, used 384819K [0x0000000080000000, 0x0000000100000000)
  region size 1024K, 20 young (20480K), 20 survivors (20480K)
}
Event: 4033.528 {heap Before GC invocations=144 (full 0):
 garbage-first heap   total reserved 2097152K, committed 1011712K, used 983859K [0x0000000080000000, 0x0000000100000000)
  region size 1024K, 581 young (594944K), 20 survivors (20480K)
}
Event: 4033.539 {heap After GC invocations=145 (full 0):
 garbage-first heap   total reserved 2097152K, committed 1038336K, used 398724K [0x0000000080000000, 0x0000000100000000)
  region size 1024K, 35 young (35840K), 35 survivors (35840K)
}
Event: 4033.601 {heap Before GC invocations=145 (full 0):
 garbage-first heap   total reserved 2097152K, committed 1038336K, used 416132K [0x0000000080000000, 0x0000000100000000)
  region size 1024K, 54 young (55296K), 35 survivors (35840K)
}
Event: 4033.607 {heap After GC invocations=146 (full 0):
 garbage-first heap   total reserved 2097152K, committed 1038336K, used 401408K [0x0000000080000000, 0x0000000100000000)
  region size 1024K, 35 young (35840K), 35 survivors (35840K)
}
Event: 4034.332 {heap Before GC invocations=147 (full 0):
 garbage-first heap   total reserved 2097152K, committed 1038336K, used 979968K [0x0000000080000000, 0x0000000100000000)
  region size 1024K, 565 young (578560K), 35 survivors (35840K)
}
Event: 4034.359 {heap After GC invocations=148 (full 0):
 garbage-first heap   total reserved 2097152K, committed 1092608K, used 475311K [0x0000000080000000, 0x0000000100000000)
  region size 1024K, 71 young (72704K), 71 survivors (72704K)
}
Event: 4035.415 {heap Before GC invocations=148 (full 0):
 garbage-first heap   total reserved 2097152K, committed 1092608K, used 969903K [0x0000000080000000, 0x0000000100000000)
  region size 1024K, 540 young (552960K), 71 survivors (72704K)
}
Event: 4035.436 {heap After GC invocations=149 (full 0):
 garbage-first heap   total reserved 2097152K, committed 1092608K, used 457453K [0x0000000080000000, 0x0000000100000000)
  region size 1024K, 20 young (20480K), 20 survivors (20480K)
}
Event: 4035.681 {heap Before GC invocations=149 (full 0):
 garbage-first heap   total reserved 2097152K, committed 1092608K, used 527085K [0x0000000080000000, 0x0000000100000000)
  region size 1024K, 90 young (92160K), 20 survivors (20480K)
}
Event: 4035.685 {heap After GC invocations=150 (full 0):
 garbage-first heap   total reserved 2097152K, committed 1092608K, used 460269K [0x0000000080000000, 0x0000000100000000)
  region size 1024K, 23 young (23552K), 23 survivors (23552K)
}
Event: 4709.234 {heap Before GC invocations=151 (full 0):
 garbage-first heap   total reserved 2097152K, committed 1092608K, used 1062381K [0x0000000080000000, 0x0000000100000000)
  region size 1024K, 537 young (549888K), 23 survivors (23552K)
}
Event: 4709.250 {heap After GC invocations=152 (full 0):
 garbage-first heap   total reserved 2097152K, committed 1096704K, used 457099K [0x0000000080000000, 0x0000000100000000)
  region size 1024K, 31 young (31744K), 31 survivors (31744K)
}
Event: 15170.632 {heap Before GC invocations=152 (full 0):
 garbage-first heap   total reserved 2097152K, committed 1096704K, used 998795K [0x0000000080000000, 0x0000000100000000)
  region size 1024K, 559 young (572416K), 31 survivors (31744K)
}
Event: 15170.653 {heap After GC invocations=153 (full 0):
 garbage-first heap   total reserved 2097152K, committed 1096704K, used 424417K [0x0000000080000000, 0x0000000100000000)
  region size 1024K, 51 young (52224K), 51 survivors (52224K)
}
Event: 15914.169 {heap Before GC invocations=153 (full 0):
 garbage-first heap   total reserved 2097152K, committed 1096704K, used 687585K [0x0000000080000000, 0x0000000100000000)
  region size 1024K, 310 young (317440K), 51 survivors (52224K)
}
Event: 15914.182 {heap After GC invocations=154 (full 0):
 garbage-first heap   total reserved 2097152K, committed 1096704K, used 430816K [0x0000000080000000, 0x0000000100000000)
  region size 1024K, 45 young (46080K), 45 survivors (46080K)
}

Metaspace Usage History (20 events):
Event: 4031.310 {metaspace Before GC invocations=141 (full 0):
 Metaspace       used 312436K, committed 313984K, reserved 1376256K
  class space    used 42945K, committed 43648K, reserved 1048576K
}
Event: 4031.315 {metaspace After GC invocations=142 (full 0):
 Metaspace       used 312436K, committed 313984K, reserved 1376256K
  class space    used 42945K, committed 43648K, reserved 1048576K
}
Event: 4031.994 {metaspace Before GC invocations=143 (full 0):
 Metaspace       used 314438K, committed 316096K, reserved 1376256K
  class space    used 43215K, committed 43968K, reserved 1048576K
}
Event: 4032.000 {metaspace After GC invocations=144 (full 0):
 Metaspace       used 314438K, committed 316096K, reserved 1376256K
  class space    used 43215K, committed 43968K, reserved 1048576K
}
Event: 4033.528 {metaspace Before GC invocations=144 (full 0):
 Metaspace       used 320954K, committed 322624K, reserved 1376256K
  class space    used 44091K, committed 44864K, reserved 1048576K
}
Event: 4033.539 {metaspace After GC invocations=145 (full 0):
 Metaspace       used 320954K, committed 322624K, reserved 1376256K
  class space    used 44091K, committed 44864K, reserved 1048576K
}
Event: 4033.601 {metaspace Before GC invocations=145 (full 0):
 Metaspace       used 321617K, committed 323328K, reserved 1376256K
  class space    used 44216K, committed 44992K, reserved 1048576K
}
Event: 4033.607 {metaspace After GC invocations=146 (full 0):
 Metaspace       used 321617K, committed 323328K, reserved 1376256K
  class space    used 44216K, committed 44992K, reserved 1048576K
}
Event: 4034.332 {metaspace Before GC invocations=147 (full 0):
 Metaspace       used 324085K, committed 325824K, reserved 1376256K
  class space    used 44558K, committed 45376K, reserved 1048576K
}
Event: 4034.359 {metaspace After GC invocations=148 (full 0):
 Metaspace       used 324085K, committed 325824K, reserved 1376256K
  class space    used 44558K, committed 45376K, reserved 1048576K
}
Event: 4035.415 {metaspace Before GC invocations=148 (full 0):
 Metaspace       used 324662K, committed 326336K, reserved 1376256K
  class space    used 44641K, committed 45440K, reserved 1048576K
}
Event: 4035.436 {metaspace After GC invocations=149 (full 0):
 Metaspace       used 324662K, committed 326336K, reserved 1376256K
  class space    used 44641K, committed 45440K, reserved 1048576K
}
Event: 4035.681 {metaspace Before GC invocations=149 (full 0):
 Metaspace       used 324744K, committed 326400K, reserved 1376256K
  class space    used 44645K, committed 45440K, reserved 1048576K
}
Event: 4035.685 {metaspace After GC invocations=150 (full 0):
 Metaspace       used 324744K, committed 326400K, reserved 1376256K
  class space    used 44645K, committed 45440K, reserved 1048576K
}
Event: 4709.234 {metaspace Before GC invocations=151 (full 0):
 Metaspace       used 326288K, committed 327936K, reserved 1376256K
  class space    used 44905K, committed 45696K, reserved 1048576K
}
Event: 4709.250 {metaspace After GC invocations=152 (full 0):
 Metaspace       used 326288K, committed 327936K, reserved 1376256K
  class space    used 44905K, committed 45696K, reserved 1048576K
}
Event: 15170.632 {metaspace Before GC invocations=152 (full 0):
 Metaspace       used 339863K, committed 341824K, reserved 1376256K
  class space    used 46662K, committed 47616K, reserved 1048576K
}
Event: 15170.653 {metaspace After GC invocations=153 (full 0):
 Metaspace       used 339863K, committed 341824K, reserved 1376256K
  class space    used 46662K, committed 47616K, reserved 1048576K
}
Event: 15914.169 {metaspace Before GC invocations=153 (full 0):
 Metaspace       used 345929K, committed 348160K, reserved 1376256K
  class space    used 47531K, committed 48576K, reserved 1048576K
}
Event: 15914.182 {metaspace After GC invocations=154 (full 0):
 Metaspace       used 345929K, committed 348160K, reserved 1376256K
  class space    used 47531K, committed 48576K, reserved 1048576K
}

Dll operation events (3 events):
Event: 0.010 Loaded shared library D:\Android\Android Studio\jbr\bin\java.dll
Event: 0.015 Loaded shared library D:\Android\Android Studio\jbr\bin\zip.dll
Event: 2.529 Loaded shared library D:\Android\Android Studio\jbr\bin\verify.dll

Deoptimization events (20 events):
Event: 15953.512 Thread 0x000001c28ff90030 Uncommon trap: trap_request=0xffffff45 fr.pc=0x000001c2cc893868 relative=0x00000000000019e8
Event: 15953.512 Thread 0x000001c28ff90030 Uncommon trap: reason=unstable_if action=reinterpret pc=0x000001c2cc893868 method=org.gradle.execution.plan.DefaultPlanExecutor$ExecutorWorker.lambda$getNextItem$1(Lorg/gradle/internal/work/WorkerLeaseRegistry$WorkerLease;Lorg/gradle/internal/MutableRefer
Event: 15953.512 Thread 0x000001c28ff90030 DEOPT PACKING pc=0x000001c2cc893868 sp=0x0000001d20bfefb0
Event: 15953.512 Thread 0x000001c28ff90030 DEOPT UNPACKING pc=0x000001c2cbdc9d02 sp=0x0000001d20bfef40 mode 2
Event: 15953.520 Thread 0x000001c2ef3f3c30 Uncommon trap: trap_request=0xffffff95 fr.pc=0x000001c2cd006224 relative=0x0000000000002b24
Event: 15953.520 Thread 0x000001c2ef3f3c30 Uncommon trap: reason=unreached action=reinterpret pc=0x000001c2cd006224 method=sun.nio.ch.IOUtil.writeFromNativeBuffer(Ljava/io/FileDescriptor;Ljava/nio/ByteBuffer;JZZILsun/nio/ch/NativeDispatcher;)I @ 142 c2
Event: 15953.520 Thread 0x000001c2ef3f3c30 DEOPT PACKING pc=0x000001c2cd006224 sp=0x0000001d190ff250
Event: 15953.520 Thread 0x000001c2ef3f3c30 DEOPT UNPACKING pc=0x000001c2cbdc9d02 sp=0x0000001d190feea8 mode 2
Event: 15953.520 Thread 0x000001c2ef3f3c30 Uncommon trap: trap_request=0xffffff95 fr.pc=0x000001c2cd018650 relative=0x0000000000000b50
Event: 15953.520 Thread 0x000001c2ef3f3c30 Uncommon trap: reason=unreached action=reinterpret pc=0x000001c2cd018650 method=org.gradle.internal.remote.internal.inet.SocketConnection.flush()V @ 19 c2
Event: 15953.520 Thread 0x000001c2ef3f3c30 DEOPT PACKING pc=0x000001c2cd018650 sp=0x0000001d190ff330
Event: 15953.520 Thread 0x000001c2ef3f3c30 DEOPT UNPACKING pc=0x000001c2cbdc9d02 sp=0x0000001d190ff288 mode 2
Event: 15953.521 Thread 0x000001c2ef3f3c30 Uncommon trap: trap_request=0xffffff95 fr.pc=0x000001c2cd02c680 relative=0x0000000000000180
Event: 15953.521 Thread 0x000001c2ef3f3c30 Uncommon trap: reason=unreached action=reinterpret pc=0x000001c2cd02c680 method=org.gradle.launcher.daemon.server.exec.LogToClient$AsynchronousLogDispatcher.dispatchAsync(Lorg/gradle/internal/logging/events/OutputEvent;)V @ 21 c2
Event: 15953.521 Thread 0x000001c2ef3f3c30 DEOPT PACKING pc=0x000001c2cd02c680 sp=0x0000001d190ff3a0
Event: 15953.521 Thread 0x000001c2ef3f3c30 DEOPT UNPACKING pc=0x000001c2cbdc9d02 sp=0x0000001d190ff338 mode 2
Event: 15953.762 Thread 0x000001c2e05eb130 Uncommon trap: trap_request=0xffffff45 fr.pc=0x000001c2cdcdd43c relative=0x00000000000000bc
Event: 15953.762 Thread 0x000001c2e05eb130 Uncommon trap: reason=unstable_if action=reinterpret pc=0x000001c2cdcdd43c method=kotlin.text.StringsKt__AppendableKt.appendElement(Ljava/lang/Appendable;Ljava/lang/Object;Lkotlin/jvm/functions/Function1;)V @ 9 c2
Event: 15953.762 Thread 0x000001c2e05eb130 DEOPT PACKING pc=0x000001c2cdcdd43c sp=0x0000001d18ef9780
Event: 15953.762 Thread 0x000001c2e05eb130 DEOPT UNPACKING pc=0x000001c2cbdc9d02 sp=0x0000001d18ef9710 mode 2

Classes loaded (20 events):
Event: 4037.927 Loading class java/util/concurrent/ForkJoinWorkerThread$InnocuousForkJoinWorkerThread
Event: 4037.927 Loading class java/util/concurrent/ForkJoinWorkerThread$InnocuousForkJoinWorkerThread done
Event: 4038.366 Loading class java/nio/BufferOverflowException
Event: 4038.366 Loading class java/nio/BufferOverflowException done
Event: 4038.371 Loading class java/security/DigestException
Event: 4038.371 Loading class java/security/DigestException done
Event: 4038.394 Loading class java/util/concurrent/ForkJoinTask$AdaptedInterruptibleRunnable
Event: 4038.394 Loading class java/util/concurrent/ForkJoinTask$AdaptedInterruptibleRunnable done
Event: 4038.457 Loading class sun/security/rsa/RSACore$BlindingParameters
Event: 4038.457 Loading class sun/security/rsa/RSACore$BlindingParameters done
Event: 4038.457 Loading class java/math/SignedMutableBigInteger
Event: 4038.457 Loading class java/math/SignedMutableBigInteger done
Event: 4038.466 Loading class sun/security/rsa/RSACore$BlindingRandomPair
Event: 4038.466 Loading class sun/security/rsa/RSACore$BlindingRandomPair done
Event: 4038.777 Loading class sun/nio/fs/WindowsSecurity$Privilege
Event: 4038.777 Loading class sun/nio/fs/WindowsSecurity$Privilege done
Event: 15953.512 Loading class sun/net/ConnectionResetException
Event: 15953.512 Loading class sun/net/ConnectionResetException done
Event: 15953.783 Loading class java/util/logging/LogRecord
Event: 15953.784 Loading class java/util/logging/LogRecord done

Classes unloaded (20 events):
Event: 15914.231 Thread 0x000001c2d7d78bf0 Unloading class 0x0000000014195000 'sync_studio_tooling3_3anlx4n2aq4kfsx4qr1ie79i3$_run_closure1'
Event: 15914.231 Thread 0x000001c2d7d78bf0 Unloading class 0x0000000014194800 'sync_studio_tooling3_3anlx4n2aq4kfsx4qr1ie79i3'
Event: 15914.231 Thread 0x000001c2d7d78bf0 Unloading class 0x0000000013daf9c8 'sync_studio_tooling4_9e55qarw4kezgloddtwcc3fw7$_run_closure2'
Event: 15914.231 Thread 0x000001c2d7d78bf0 Unloading class 0x0000000013daf568 'sync_studio_tooling4_9e55qarw4kezgloddtwcc3fw7$_run_closure1'
Event: 15914.231 Thread 0x000001c2d7d78bf0 Unloading class 0x0000000013daf000 'sync_studio_tooling4_9e55qarw4kezgloddtwcc3fw7'
Event: 15914.231 Thread 0x000001c2d7d78bf0 Unloading class 0x0000000013dae460 'sync_studio_tooling4_9e55qarw4kezgloddtwcc3fw7$_run_closure1$_closure2'
Event: 15914.231 Thread 0x000001c2d7d78bf0 Unloading class 0x0000000013dae000 'sync_studio_tooling4_9e55qarw4kezgloddtwcc3fw7$_run_closure1'
Event: 15914.231 Thread 0x000001c2d7d78bf0 Unloading class 0x0000000013dad800 'sync_studio_tooling4_9e55qarw4kezgloddtwcc3fw7'
Event: 15914.231 Thread 0x000001c2d7d78bf0 Unloading class 0x0000000013d14800 'java/lang/invoke/LambdaForm$MH+0x0000000013d14800'
Event: 15914.231 Thread 0x000001c2d7d78bf0 Unloading class 0x0000000013994400 'java/lang/invoke/LambdaForm$MH+0x0000000013994400'
Event: 15914.231 Thread 0x000001c2d7d78bf0 Unloading class 0x0000000013994000 'java/lang/invoke/LambdaForm$MH+0x0000000013994000'
Event: 15914.231 Thread 0x000001c2d7d78bf0 Unloading class 0x000000001291bc00 'java/lang/invoke/LambdaForm$MH+0x000000001291bc00'
Event: 15914.231 Thread 0x000001c2d7d78bf0 Unloading class 0x0000000012919800 'java/lang/invoke/LambdaForm$MH+0x0000000012919800'
Event: 15914.231 Thread 0x000001c2d7d78bf0 Unloading class 0x0000000012914000 'JetGradlePlugin$_apply_closure1'
Event: 15914.231 Thread 0x000001c2d7d78bf0 Unloading class 0x000000001290b9d0 'JetGradlePlugin'
Event: 15914.231 Thread 0x000001c2d7d78bf0 Unloading class 0x000000001290b568 'ijInit1_bayoswf9suq4y52t02fczunr8$_run_closure1'
Event: 15914.231 Thread 0x000001c2d7d78bf0 Unloading class 0x000000001290b000 'ijInit1_bayoswf9suq4y52t02fczunr8'
Event: 15914.231 Thread 0x000001c2d7d78bf0 Unloading class 0x00000000121ed000 'java/lang/invoke/LambdaForm$MH+0x00000000121ed000'
Event: 15914.231 Thread 0x000001c2d7d78bf0 Unloading class 0x00000000121ecc00 'java/lang/invoke/LambdaForm$MH+0x00000000121ecc00'
Event: 15914.231 Thread 0x000001c2d7d78bf0 Unloading class 0x00000000121dc800 'java/lang/invoke/LambdaForm$MH+0x00000000121dc800'

Classes redefined (0 events):
No events

Internal exceptions (20 events):
Event: 15953.605 Thread 0x000001c2e05eb130 Exception <a 'sun/nio/fs/WindowsException'{0x00000000a88b10e0}> (0x00000000a88b10e0) 
thrown [s\src\hotspot\share\prims\jni.cpp, line 535]
Event: 15953.605 Thread 0x000001c2e05eb130 Exception <a 'sun/nio/fs/WindowsException'{0x00000000a88b59c8}> (0x00000000a88b59c8) 
thrown [s\src\hotspot\share\prims\jni.cpp, line 535]
Event: 15953.605 Thread 0x000001c2e05eb130 Exception <a 'sun/nio/fs/WindowsException'{0x00000000a88ba290}> (0x00000000a88ba290) 
thrown [s\src\hotspot\share\prims\jni.cpp, line 535]
Event: 15953.606 Thread 0x000001c2e05eb130 Exception <a 'sun/nio/fs/WindowsException'{0x00000000a88c16a8}> (0x00000000a88c16a8) 
thrown [s\src\hotspot\share\prims\jni.cpp, line 535]
Event: 15953.606 Thread 0x000001c2e05eb130 Exception <a 'sun/nio/fs/WindowsException'{0x00000000a88c5bf8}> (0x00000000a88c5bf8) 
thrown [s\src\hotspot\share\prims\jni.cpp, line 535]
Event: 15953.607 Thread 0x000001c2e05eb130 Exception <a 'sun/nio/fs/WindowsException'{0x00000000a88c8650}> (0x00000000a88c8650) 
thrown [s\src\hotspot\share\prims\jni.cpp, line 535]
Event: 15953.607 Thread 0x000001c2e05eb130 Exception <a 'sun/nio/fs/WindowsException'{0x00000000a88ccb90}> (0x00000000a88ccb90) 
thrown [s\src\hotspot\share\prims\jni.cpp, line 535]
Event: 15953.607 Thread 0x000001c2e05eb130 Exception <a 'sun/nio/fs/WindowsException'{0x00000000a88cf5e0}> (0x00000000a88cf5e0) 
thrown [s\src\hotspot\share\prims\jni.cpp, line 535]
Event: 15953.607 Thread 0x000001c2e05eb130 Exception <a 'sun/nio/fs/WindowsException'{0x00000000a88d5b80}> (0x00000000a88d5b80) 
thrown [s\src\hotspot\share\prims\jni.cpp, line 535]
Event: 15953.607 Thread 0x000001c2e05eb130 Exception <a 'sun/nio/fs/WindowsException'{0x00000000a88da278}> (0x00000000a88da278) 
thrown [s\src\hotspot\share\prims\jni.cpp, line 535]
Event: 15953.608 Thread 0x000001c2e05eb130 Exception <a 'sun/nio/fs/WindowsException'{0x00000000a88e1c18}> (0x00000000a88e1c18) 
thrown [s\src\hotspot\share\prims\jni.cpp, line 535]
Event: 15953.608 Thread 0x000001c2e05eb130 Exception <a 'sun/nio/fs/WindowsException'{0x00000000a88e87a0}> (0x00000000a88e87a0) 
thrown [s\src\hotspot\share\prims\jni.cpp, line 535]
Event: 15953.608 Thread 0x000001c2e05eb130 Exception <a 'sun/nio/fs/WindowsException'{0x00000000a88ee978}> (0x00000000a88ee978) 
thrown [s\src\hotspot\share\prims\jni.cpp, line 535]
Event: 15953.608 Thread 0x000001c2e05eb130 Exception <a 'sun/nio/fs/WindowsException'{0x00000000a88f3240}> (0x00000000a88f3240) 
thrown [s\src\hotspot\share\prims\jni.cpp, line 535]
Event: 15953.609 Thread 0x000001c2e05eb130 Exception <a 'sun/nio/fs/WindowsException'{0x00000000a88f7c28}> (0x00000000a88f7c28) 
thrown [s\src\hotspot\share\prims\jni.cpp, line 535]
Event: 15953.609 Thread 0x000001c2e05eb130 Exception <a 'sun/nio/fs/WindowsException'{0x00000000a8701570}> (0x00000000a8701570) 
thrown [s\src\hotspot\share\prims\jni.cpp, line 535]
Event: 15953.610 Thread 0x000001c2e05eb130 Exception <a 'sun/nio/fs/WindowsException'{0x00000000a8705dd8}> (0x00000000a8705dd8) 
thrown [s\src\hotspot\share\prims\jni.cpp, line 535]
Event: 15953.610 Thread 0x000001c2e05eb130 Exception <a 'sun/nio/fs/WindowsException'{0x00000000a870a650}> (0x00000000a870a650) 
thrown [s\src\hotspot\share\prims\jni.cpp, line 535]
Event: 15953.786 Thread 0x000001c2e05eb130 Exception <a 'sun/nio/fs/WindowsException'{0x00000000a72710e8}> (0x00000000a72710e8) 
thrown [s\src\hotspot\share\prims\jni.cpp, line 535]
Event: 15953.790 Thread 0x000001c2e05eb130 Exception <a 'sun/nio/fs/WindowsException'{0x00000000a7278818}> (0x00000000a7278818) 
thrown [s\src\hotspot\share\prims\jni.cpp, line 535]

VM Operations (20 events):
Event: 15825.931 Executing non-safepoint VM operation: RendezvousGCThreads
Event: 15825.931 Executing non-safepoint VM operation: RendezvousGCThreads done
Event: 15886.104 Executing non-safepoint VM operation: HandshakeAllThreads (HandshakeForDeflation)
Event: 15886.105 Executing non-safepoint VM operation: HandshakeAllThreads (HandshakeForDeflation) done
Event: 15886.105 Executing non-safepoint VM operation: RendezvousGCThreads
Event: 15886.105 Executing non-safepoint VM operation: RendezvousGCThreads done
Event: 15914.169 Executing safepoint VM operation: G1TryInitiateConcMark (G1 Humongous Allocation)
Event: 15914.182 Executing safepoint VM operation: G1TryInitiateConcMark (G1 Humongous Allocation) done
Event: 15914.229 Executing safepoint VM operation: G1PauseRemark
Event: 15914.281 Executing safepoint VM operation: G1PauseRemark done
Event: 15914.300 Executing safepoint VM operation: G1PauseCleanup
Event: 15914.300 Executing safepoint VM operation: G1PauseCleanup done
Event: 15946.126 Executing non-safepoint VM operation: HandshakeAllThreads (HandshakeForDeflation)
Event: 15946.126 Executing non-safepoint VM operation: HandshakeAllThreads (HandshakeForDeflation) done
Event: 15946.126 Executing non-safepoint VM operation: RendezvousGCThreads
Event: 15946.126 Executing non-safepoint VM operation: RendezvousGCThreads done
Event: 15953.773 Executing non-safepoint VM operation: HandshakeAllThreads (Deoptimize)
Event: 15953.773 Executing non-safepoint VM operation: HandshakeAllThreads (Deoptimize) done
Event: 15953.790 Executing non-safepoint VM operation: HandshakeAllThreads (Deoptimize)
Event: 15953.790 Executing non-safepoint VM operation: HandshakeAllThreads (Deoptimize) done

Memory protections (0 events):
No events

Nmethod flushes (20 events):
Event: 15914.278 Thread 0x000001c2d7d78bf0 flushing  nmethod 0x000001c2c6487888
Event: 15914.278 Thread 0x000001c2d7d78bf0 flushing  nmethod 0x000001c2c67b8408
Event: 15914.278 Thread 0x000001c2d7d78bf0 flushing  nmethod 0x000001c2c6875488
Event: 15914.278 Thread 0x000001c2d7d78bf0 flushing  nmethod 0x000001c2c6876288
Event: 15914.278 Thread 0x000001c2d7d78bf0 flushing  nmethod 0x000001c2c687b988
Event: 15914.278 Thread 0x000001c2d7d78bf0 flushing  nmethod 0x000001c2c69a3708
Event: 15914.278 Thread 0x000001c2d7d78bf0 flushing  nmethod 0x000001c2c69a8408
Event: 15914.278 Thread 0x000001c2d7d78bf0 flushing  nmethod 0x000001c2c6cc1708
Event: 15914.278 Thread 0x000001c2d7d78bf0 flushing  nmethod 0x000001c2c6cc6508
Event: 15914.278 Thread 0x000001c2d7d78bf0 flushing  nmethod 0x000001c2c6cc8608
Event: 15914.278 Thread 0x000001c2d7d78bf0 flushing  nmethod 0x000001c2c6d29588
Event: 15914.278 Thread 0x000001c2d7d78bf0 flushing  nmethod 0x000001c2c6d2c408
Event: 15914.278 Thread 0x000001c2d7d78bf0 flushing  nmethod 0x000001c2c6fbe208
Event: 15914.278 Thread 0x000001c2d7d78bf0 flushing  nmethod 0x000001c2c70b8b88
Event: 15914.278 Thread 0x000001c2d7d78bf0 flushing  nmethod 0x000001c2c7110a88
Event: 15914.278 Thread 0x000001c2d7d78bf0 flushing  nmethod 0x000001c2c7112188
Event: 15914.278 Thread 0x000001c2d7d78bf0 flushing  nmethod 0x000001c2c71ae208
Event: 15914.278 Thread 0x000001c2d7d78bf0 flushing  nmethod 0x000001c2c7228e08
Event: 15914.278 Thread 0x000001c2d7d78bf0 flushing  nmethod 0x000001c2c7528808
Event: 15914.278 Thread 0x000001c2d7d78bf0 flushing  nmethod 0x000001c2c752bf88

Events (20 events):
Event: 15952.381 Thread 0x000001c2fde4aa30 Thread added: 0x000001c2883bb5e0
Event: 15952.381 Thread 0x000001c2fde4aa30 Thread added: 0x000001c2883bbdb0
Event: 15952.381 Thread 0x000001c2fde4aa30 Thread added: 0x000001c290bc0ec0
Event: 15952.381 Thread 0x000001c2fde4aa30 Thread added: 0x000001c2883bd6b0
Event: 15952.381 Thread 0x000001c2fde4aa30 Thread added: 0x000001c2883bee20
Event: 15952.382 Thread 0x000001c2fde4aa30 Thread added: 0x000001c2883bf5f0
Event: 15952.382 Thread 0x000001c2fde4aa30 Thread added: 0x000001c2883bc710
Event: 15952.382 Thread 0x000001c2fde4aa30 Thread added: 0x000001c2883bde80
Event: 15952.382 Thread 0x000001c2fde4aa30 Thread added: 0x000001c2883be650
Event: 15952.382 Thread 0x000001c2fde4aa30 Thread added: 0x000001c2883bfdc0
Event: 15952.382 Thread 0x000001c2fde4aa30 Thread added: 0x000001c2883bcee0
Event: 15952.382 Thread 0x000001c2fde4aa30 Thread added: 0x000001c2db7bd7c0
Event: 15952.382 Thread 0x000001c2fde4aa30 Thread added: 0x000001c2db7be760
Event: 15952.397 Thread 0x000001c2e05eb130 Thread added: 0x000001c2fde48320
Event: 15952.699 Thread 0x000001c2fda7fd00 Thread exited: 0x000001c2fda7fd00
Event: 15953.456 Thread 0x000001c2db6f9980 Thread added: 0x000001c2e1978970
Event: 15953.521 Thread 0x000001c2ef3f3c30 Thread exited: 0x000001c2ef3f3c30
Event: 15953.544 Thread 0x000001c2fda84590 Thread added: 0x000001c2e6c826f0
Event: 15953.565 Thread 0x000001c2e6c826f0 Thread added: 0x000001c2e2d4c810
Event: 15953.769 Thread 0x000001c2fde48320 Thread exited: 0x000001c2fde48320


Dynamic libraries:
0x00007ff7395f0000 - 0x00007ff7395fa000 	D:\Android\Android Studio\jbr\bin\java.exe
0x00007ffd0e840000 - 0x00007ffd0eaa6000 	C:\Windows\SYSTEM32\ntdll.dll
0x00007ffd0cf20000 - 0x00007ffd0cfe9000 	C:\Windows\System32\KERNEL32.DLL
0x00007ffd0bfd0000 - 0x00007ffd0c3ce000 	C:\Windows\System32\KERNELBASE.dll
0x00007ffd0c410000 - 0x00007ffd0c55c000 	C:\Windows\System32\ucrtbase.dll
0x00007ffcfb9b0000 - 0x00007ffcfb9c6000 	D:\Android\Android Studio\jbr\bin\jli.dll
0x00007ffd04040000 - 0x00007ffd0405b000 	D:\Android\Android Studio\jbr\bin\VCRUNTIME140.dll
0x00007ffd0e0e0000 - 0x00007ffd0e2a7000 	C:\Windows\System32\USER32.dll
0x00007ffd0c3e0000 - 0x00007ffd0c407000 	C:\Windows\System32\win32u.dll
0x00007ffd0de90000 - 0x00007ffd0debb000 	C:\Windows\System32\GDI32.dll
0x00007ffcf8fe0000 - 0x00007ffcf9272000 	C:\Windows\WinSxS\amd64_microsoft.windows.common-controls_6595b64144ccf1df_6.0.26100.8894_none_3e0f749ee32e02ea\COMCTL32.dll
0x00007ffd0bde0000 - 0x00007ffd0bf0a000 	C:\Windows\System32\gdi32full.dll
0x00007ffd0e750000 - 0x00007ffd0e7f9000 	C:\Windows\System32\msvcrt.dll
0x00007ffd0bd30000 - 0x00007ffd0bdd3000 	C:\Windows\System32\msvcp_win.dll
0x00007ffd0cec0000 - 0x00007ffd0cef2000 	C:\Windows\System32\IMM32.DLL
0x00000000682f0000 - 0x00000000682fd000 	C:\Program Files (x86)\360\360Safe\safemon\SafeWrapper.dll
0x00007ffd0dff0000 - 0x00007ffd0e0a7000 	C:\Windows\System32\ADVAPI32.dll
0x00007ffd0c970000 - 0x00007ffd0ca1a000 	C:\Windows\System32\sechost.dll
0x00007ffd0c850000 - 0x00007ffd0c968000 	C:\Windows\System32\RPCRT4.dll
0x00007ffd09310000 - 0x00007ffd09415000 	C:\Program Files (x86)\360\360Safe\safemon\libzdtp64.dll
0x00007ffd0d6f0000 - 0x00007ffd0de82000 	C:\Windows\System32\SHELL32.dll
0x00007ffd0e3b0000 - 0x00007ffd0e417000 	C:\Windows\System32\SHLWAPI.dll
0x00007ffd0b5f0000 - 0x00007ffd0b5fb000 	C:\Windows\SYSTEM32\VERSION.dll
0x00007ffd02840000 - 0x00007ffd0284c000 	D:\Android\Android Studio\jbr\bin\vcruntime140_1.dll
0x00007ffcefb30000 - 0x00007ffcefbbd000 	D:\Android\Android Studio\jbr\bin\msvcp140.dll
0x00007ffc04a80000 - 0x00007ffc0595d000 	D:\Android\Android Studio\jbr\bin\server\jvm.dll
0x00007ffd0dec0000 - 0x00007ffd0df40000 	C:\Windows\System32\WS2_32.dll
0x00007ffd0a4d0000 - 0x00007ffd0a52e000 	C:\Windows\SYSTEM32\POWRPROF.dll
0x00007ffcfe620000 - 0x00007ffcfe656000 	C:\Windows\SYSTEM32\WINMM.dll
0x00007ffd0a4b0000 - 0x00007ffd0a4c4000 	C:\Windows\SYSTEM32\UMPDC.dll
0x00007ffd0a790000 - 0x00007ffd0a7ab000 	C:\Windows\SYSTEM32\kernel.appcore.dll
0x00007ffd027c0000 - 0x00007ffd027ca000 	D:\Android\Android Studio\jbr\bin\jimage.dll
0x00007ffd08630000 - 0x00007ffd08872000 	C:\Windows\SYSTEM32\DBGHELP.DLL
0x00007ffd0d1c0000 - 0x00007ffd0d543000 	C:\Windows\System32\combase.dll
0x00007ffd0c590000 - 0x00007ffd0c669000 	C:\Windows\System32\OLEAUT32.dll
0x00007ffcf6bd0000 - 0x00007ffcf6c0b000 	C:\Windows\SYSTEM32\dbgcore.DLL
0x00007ffd0bf10000 - 0x00007ffd0bfbc000 	C:\Windows\System32\bcryptPrimitives.dll
0x00007ffcfa870000 - 0x00007ffcfa87e000 	D:\Android\Android Studio\jbr\bin\instrument.dll
0x00007ffcfba50000 - 0x00007ffcfba6e000 	D:\Android\Android Studio\jbr\bin\java.dll
0x00007ffd0d550000 - 0x00007ffd0d6e9000 	C:\Windows\System32\ole32.dll
0x00007ffcfa790000 - 0x00007ffcfa7a6000 	D:\Android\Android Studio\jbr\bin\zip.dll
0x00007ffd09440000 - 0x00007ffd09cd2000 	C:\Windows\SYSTEM32\windows.storage.dll
0x00007ffd0e650000 - 0x00007ffd0e747000 	C:\Windows\System32\SHCORE.dll
0x00007ffd0b980000 - 0x00007ffd0b9a9000 	C:\Windows\SYSTEM32\profapi.dll
0x00007ffd006e0000 - 0x00007ffd006f0000 	D:\Android\Android Studio\jbr\bin\net.dll
0x00007ffd0ad40000 - 0x00007ffd0adac000 	C:\Windows\system32\mswsock.dll
0x00007ffcefc50000 - 0x00007ffcefc66000 	D:\Android\Android Studio\jbr\bin\nio.dll
0x00007ffcfba40000 - 0x00007ffcfba50000 	D:\Android\Android Studio\jbr\bin\verify.dll
0x00007ffcea200000 - 0x00007ffcea227000 	C:\Users\Jackson\.gradle\native\660c5614fbf4a5f2a75b1949f50a0caf5cd603558e7d8a26e50b933a0cfb79d1\windows-amd64\native-platform.dll
0x00007ffcefde0000 - 0x00007ffcefe57000 	C:\Users\Jackson\.gradle\native\0.2.8\x86_64-windows-gnu\gradle-fileevents.dll
0x00007ffcfff80000 - 0x00007ffcfff89000 	D:\Android\Android Studio\jbr\bin\management.dll
0x00007ffcfe3b0000 - 0x00007ffcfe3bb000 	D:\Android\Android Studio\jbr\bin\management_ext.dll
0x00007ffd0e530000 - 0x00007ffd0e538000 	C:\Windows\System32\PSAPI.DLL
0x00007ffd0b600000 - 0x00007ffd0b633000 	C:\Windows\SYSTEM32\IPHLPAPI.DLL
0x00007ffd0ca20000 - 0x00007ffd0ca2a000 	C:\Windows\System32\NSI.dll
0x00007ffd001c0000 - 0x00007ffd001c9000 	D:\Android\Android Studio\jbr\bin\extnet.dll
0x00007ffd0b040000 - 0x00007ffd0b05b000 	C:\Windows\SYSTEM32\CRYPTSP.dll
0x00007ffd0a6f0000 - 0x00007ffd0a729000 	C:\Windows\system32\rsaenh.dll
0x00007ffd0ae00000 - 0x00007ffd0ae32000 	C:\Windows\SYSTEM32\USERENV.dll
0x00007ffd0b950000 - 0x00007ffd0b97a000 	C:\Windows\SYSTEM32\bcrypt.dll
0x00007ffd0b060000 - 0x00007ffd0b06c000 	C:\Windows\SYSTEM32\CRYPTBASE.dll
0x00007ffcd7230000 - 0x00007ffcd7238000 	C:\Windows\system32\wshunix.dll
0x00007ffd07600000 - 0x00007ffd076a0000 	C:\Windows\system32\apphelp.dll
0x00007ffd0a8c0000 - 0x00007ffd0a8f6000 	C:\Windows\SYSTEM32\ntmarta.dll

JVMTI agents:
C:\Users\Jackson\.gradle\wrapper\dists\gradle-9.6.0-bin\42k10rwplmzkhuboz9kdazi7s\gradle-9.6.0\lib\agents\gradle-instrumentation-agent-9.6.0.jar path:D:\Android\Android Studio\jbr\bin\instrument.dll, loaded, initialized, instrumentlib options:none

dbghelp: loaded successfully - version: 4.0.5 - missing functions: none
symbol engine: initialized successfully - sym options: 0x614 - pdb path: .;D:\Android\Android Studio\jbr\bin;C:\Windows\SYSTEM32;C:\Windows\WinSxS\amd64_microsoft.windows.common-controls_6595b64144ccf1df_6.0.26100.8894_none_3e0f749ee32e02ea;C:\Program Files (x86)\360\360Safe\safemon;D:\Android\Android Studio\jbr\bin\server;C:\Users\Jackson\.gradle\native\660c5614fbf4a5f2a75b1949f50a0caf5cd603558e7d8a26e50b933a0cfb79d1\windows-amd64;C:\Users\Jackson\.gradle\native\0.2.8\x86_64-windows-gnu

VM Arguments:
jvm_args: --add-opens=java.base/java.lang=ALL-UNNAMED --add-opens=java.base/java.lang.invoke=ALL-UNNAMED --add-opens=java.base/java.util=ALL-UNNAMED --add-opens=java.prefs/java.util.prefs=ALL-UNNAMED --add-exports=jdk.compiler/com.sun.tools.javac.api=ALL-UNNAMED --add-exports=jdk.compiler/com.sun.tools.javac.util=ALL-UNNAMED --add-opens=java.base/java.nio.charset=ALL-UNNAMED --add-opens=java.base/java.net=ALL-UNNAMED --add-opens=java.base/java.util.concurrent=ALL-UNNAMED --add-opens=java.base/java.util.concurrent.atomic=ALL-UNNAMED --add-opens=java.xml/javax.xml.namespace=ALL-UNNAMED --add-opens=java.base/java.time=ALL-UNNAMED --enable-native-access=ALL-UNNAMED -Xmx2048m -Dfile.encoding=UTF-8 -Duser.country=CN -Duser.language=zh -Duser.variant -javaagent:C:\Users\Jackson\.gradle\wrapper\dists\gradle-9.6.0-bin\42k10rwplmzkhuboz9kdazi7s\gradle-9.6.0\lib\agents\gradle-instrumentation-agent-9.6.0.jar 
java_command: org.gradle.launcher.daemon.bootstrap.GradleDaemon 9.6.0
java_class_path (initial): C:\Users\Jackson\.gradle\wrapper\dists\gradle-9.6.0-bin\42k10rwplmzkhuboz9kdazi7s\gradle-9.6.0\lib\gradle-daemon-main-9.6.0.jar
Launcher Type: SUN_STANDARD

[Global flags]
     intx CICompilerCount                          = 15                                        {product} {ergonomic}
     uint ConcGCThreads                            = 6                                         {product} {ergonomic}
     uint G1ConcRefinementThreads                  = 23                                        {product} {ergonomic}
   size_t G1HeapRegionSize                         = 1048576                                   {product} {ergonomic}
   size_t InitialHeapSize                          = 530579456                                 {product} {ergonomic}
   size_t MarkStackSize                            = 4194304                                   {product} {ergonomic}
   size_t MarkStackSizeMax                         = 536870912                                 {product} {ergonomic}
   size_t MaxHeapSize                              = 2147483648                                {product} {command line}
   size_t MaxNewSize                               = 1287651328                                {product} {ergonomic}
   size_t MinHeapDeltaBytes                        = 1048576                                   {product} {ergonomic}
   size_t MinHeapSize                              = 8388608                                   {product} {ergonomic}
    uintx NonNMethodCodeHeapSize                   = 8257536                                {pd product} {ergonomic}
    uintx NonProfiledCodeHeapSize                  = 121765888                              {pd product} {ergonomic}
    uintx ProfiledCodeHeapSize                     = 121765888                              {pd product} {ergonomic}
    uintx ReservedCodeCacheSize                    = 251789312                              {pd product} {ergonomic}
     bool SegmentedCodeCache                       = true                                      {product} {ergonomic}
   size_t SoftMaxHeapSize                          = 2147483648                             {manageable} {ergonomic}
     bool UseCompressedOops                        = true                           {product lp64_product} {ergonomic}
     bool UseG1GC                                  = true                                      {product} {ergonomic}
     bool UseLargePagesIndividualAllocation        = false                                  {pd product} {ergonomic}

Logging:
Log output configuration:
 #0: stdout all=warning uptime,level,tags foldmultilines=false
 #1: stderr all=off uptime,level,tags foldmultilines=false

Release file:
JAVA_VERSION="25.0.3" 
MODULES="java.base java.compiler java.datatransfer java.xml java.prefs java.desktop java.instrument java.logging java.management java.security.sasl java.naming java.rmi java.management.rmi java.net.http java.scripting java.security.jgss java.transaction.xa java.sql java.sql.rowset java.xml.crypto java.se java.smartcardio jdk.accessibility jdk.internal.jvmstat jdk.attach jdk.charsets jdk.internal.opt jdk.zipfs jdk.compiler jdk.crypto.cryptoki jdk.crypto.ec jdk.dynalink jdk.hotspot.agent jdk.httpserver jdk.internal.ed jdk.internal.le jdk.internal.md jdk.internal.vm.ci jdk.jartool jdk.javadoc jdk.jcmd jdk.jdeps jdk.jdwp.agent jdk.jdi jdk.jfr jdk.jlink jdk.localedata jdk.management jdk.management.agent jdk.management.jfr jdk.naming.dns jdk.naming.rmi jdk.net jdk.sctp jdk.security.auth jdk.security.jgss jdk.unsupported jdk.unsupported.desktop jdk.xml.dom" 
IMPLEMENTOR="JetBrains s.r.o." 
JAVA_RUNTIME_VERSION="25.0.3+-15898627-b508.16" 
LIBC="default" 
OS_ARCH="x86_64" 
OS_NAME="Windows" 
SOURCE=".:git:a8b1dba3234f" 

Environment Variables:
PATH=C:\Program Files\Common Files\Oracle\Java\javapath;C:\Windows\system32;C:\Windows;C:\Windows\System32\Wbem;C:\Windows\System32\WindowsPowerShell\v1.0\;C:\Windows\System32\OpenSSH\;C:\Program Files (x86)\NVIDIA Corporation\PhysX\Common;C:\Program Files\NVIDIA Corporation\NVIDIA app\NvDLISR;D:\Git\cmd;D:\pcsuite\;D:\Sunshine;D:\Sunshine\tools;C:\Program Files\dotnet\;D:\Python\Python311\Scripts\;D:\Python\Python311\;C:\Users\Jackson\AppData\Local\Microsoft\WindowsApps;D:\Microsoft VS Code\bin
USERNAME=Jackson
OS=Windows_NT
PROCESSOR_IDENTIFIER=Intel64 Family 6 Model 183 Stepping 1, GenuineIntel
TMP=C:\Users\Jackson\AppData\Local\Temp
TEMP=C:\Users\Jackson\AppData\Local\Temp




Compilation memory statistics disabled.

Periodic native trim disabled

JNI global refs:
JNI global refs: 35, weak refs: 0

JNI global refs memory usage: 835, weak refs: 833

Process memory usage:
Resident Set Size: 1571756K (4% of 33161180K total physical memory with 17202364K free physical memory)

OOME stack traces (most recent first):
Classloader memory used:
Loader org.gradle.internal.classloader.VisitableURLClassLoader                         : 129 M
Loader org.gradle.internal.classloader.VisitableURLClassLoader$InstrumentingVisitableURLClassLoader: 111 M
Loader org.gradle.internal.classloader.VisitableURLClassLoader                         : 49020 K
Loader bootstrap                                                                       : 36848 K
Loader org.gradle.initialization.MixInLegacyTypesClassLoader                           : 19105 K
Loader jdk.internal.loader.ClassLoaders$AppClassLoader                                 : 8166 K
Loader jdk.internal.loader.ClassLoaders$PlatformClassLoader                            : 651 K
Loader jdk.internal.jrtfs.JrtFileSystemProvider$JrtFsLoader                            : 337 K
Loader org.gradle.groovy.scripts.internal.DefaultScriptCompilationHandler$ScriptClassLoader: 292 K
Loader sun.reflect.misc.MethodUtil                                                     : 2968 B

Classes loaded by more than one classloader:
Class Program                                                                         : loaded 13 times (x 74B)
Class com.google.common.collect.UnmodifiableListIterator                              : loaded 12 times (x 97B)
Class com.google.common.collect.ImmutableCollection                                   : loaded 12 times (x 127B)
Class com.google.common.collect.Iterators                                             : loaded 12 times (x 73B)
Class com.google.common.collect.ImmutableList                                         : loaded 12 times (x 208B)
Class com.google.common.collect.AbstractIterator                                      : loaded 12 times (x 84B)
Class com.google.common.collect.Lists$StringAsImmutableList                           : loaded 12 times (x 209B)
Class com.google.common.collect.UnmodifiableIterator                                  : loaded 12 times (x 82B)
Class com.google.common.collect.Iterators$ArrayItr                                    : loaded 12 times (x 99B)
Class com.google.common.collect.Iterators$1                                           : loaded 12 times (x 83B)
Class com.google.common.collect.Iterators$5                                           : loaded 12 times (x 84B)
Class com.google.common.collect.Iterators$MergingIterator                             : loaded 12 times (x 83B)
Class com.google.common.collect.Lists                                                 : loaded 12 times (x 73B)
Class com.google.common.collect.PeekingIterator                                       : loaded 12 times (x 72B)
Class com.google.common.collect.Iterators$4                                           : loaded 12 times (x 84B)
Class com.google.common.base.Preconditions                                            : loaded 12 times (x 73B)
Class com.google.common.collect.Iterators$9                                           : loaded 12 times (x 83B)
Class com.google.common.collect.Iterators$SingletonIterator                           : loaded 12 times (x 83B)
Class com.google.common.collect.AbstractIndexedListIterator                           : loaded 12 times (x 98B)
Class com.intellij.gradle.toolingExtension.util.GradleVersionUtil                     : loaded 10 times (x 73B)
Class [Lio.opentelemetry.context.ThreadLocalContextStorage;                           : loaded 9 times (x 71B)
Class com.google.common.collect.ImmutableSet                                          : loaded 9 times (x 147B)
Class com.intellij.openapi.externalSystem.model.project.IExternalSystemSourceType     : loaded 9 times (x 72B)
Class org.jetbrains.plugins.gradle.model.tests.ExternalTestsModel                     : loaded 9 times (x 72B)
Class com.intellij.gradle.toolingExtension.util.GradleVersionSpecificsUtil            : loaded 9 times (x 73B)
Class com.intellij.openapi.externalSystem.model.project.dependencies.ResolutionState  : loaded 9 times (x 81B)
Class io.opentelemetry.api.OpenTelemetry                                              : loaded 9 times (x 72B)
Class com.google.common.base.CharMatcher$Is                                           : loaded 9 times (x 114B)
Class io.opentelemetry.api.trace.Span                                                 : loaded 9 times (x 72B)
Class com.android.ide.gradle.model.composites.BuildMap                                : loaded 9 times (x 72B)
Class com.google.common.base.CharMatcher$BitSetMatcher                                : loaded 9 times (x 115B)
Class org.jetbrains.plugins.gradle.tooling.serialization.internal.IdeaProjectSerializationService$WriteContext$5: loaded 9 times (x 85B)
Class org.jetbrains.plugins.gradle.tooling.serialization.internal.IdeaProjectSerializationService$WriteContext: loaded 9 times (x 74B)
Class org.jetbrains.plugins.gradle.tooling.serialization.ProjectDependenciesSerializationService: loaded 9 times (x 79B)
Class com.android.ide.gradle.model.GradlePropertiesModel                              : loaded 9 times (x 72B)
Class com.intellij.gradle.toolingExtension.impl.model.dependencyModel.DependencyWriteContext: loaded 9 times (x 74B)
Class org.jetbrains.plugins.gradle.tooling.serialization.RepositoriesModelSerializationService$WriteContext: loaded 9 times (x 74B)
Class com.google.common.collect.SingletonImmutableSet                                 : loaded 9 times (x 148B)
Class com.google.common.base.CharMatcher$NegatedFastMatcher                           : loaded 9 times (x 116B)
Class com.google.common.base.Predicate                                                : loaded 9 times (x 72B)
Class com.android.ide.gradle.model.LegacyAndroidGradlePluginProperties                : loaded 9 times (x 72B)
Class com.intellij.gradle.toolingExtension.impl.model.projectModel.GradleExternalProjectSerializationService$ReadContext: loaded 9 times (x 75B)
Class com.google.common.collect.Lists$RandomAccessReverseList                         : loaded 9 times (x 202B)
Class org.jetbrains.plugins.gradle.model.ExternalLibraryDependency                    : loaded 9 times (x 72B)
Class com.intellij.gradle.toolingExtension.impl.model.sourceSetDependencyModel.GradleSourceSetDependencySerialisationService$SourceSetDependencyModelWriteContext: loaded 9 times (x 74B)
Class org.jetbrains.plugins.gradle.tooling.serialization.internal.IdeaProjectSerializationService: loaded 9 times (x 79B)
Class com.android.ide.gradle.model.dependencies.Coordinates                           : loaded 9 times (x 72B)
Class io.opentelemetry.context.ContextStorage                                         : loaded 9 times (x 72B)
Class io.opentelemetry.context.ThreadLocalContextStorage$NoopScope                    : loaded 9 times (x 87B)
Class io.opentelemetry.api.trace.TracerProvider                                       : loaded 9 times (x 72B)
Class org.jetbrains.plugins.gradle.tooling.serialization.ProjectDependenciesSerializationService$ReadContext: loaded 9 times (x 74B)
Class io.opentelemetry.api.trace.TraceStateBuilder                                    : loaded 9 times (x 72B)
Class com.google.common.base.CharMatcher$IsNot                                        : loaded 9 times (x 114B)
Class com.google.common.collect.ImmutableAsList                                       : loaded 9 times (x 211B)
Class io.opentelemetry.api.trace.DefaultTracerProvider                                : loaded 9 times (x 81B)
Class io.opentelemetry.api.trace.DefaultTracer                                        : loaded 9 times (x 76B)
Class org.jetbrains.plugins.gradle.tooling.serialization.GradleExtensionsSerializationService$ReadContext: loaded 9 times (x 74B)
Class org.jetbrains.plugins.gradle.tooling.serialization.internal.IdeaProjectSerializationService$WriteContext$6: loaded 9 times (x 85B)
Class [Lio.opentelemetry.context.ThreadLocalContextStorage$NoopScope;                 : loaded 9 times (x 71B)
Class com.intellij.gradle.toolingExtension.impl.model.sourceSetModel.GradleSourceSetSerialisationService: loaded 9 times (x 79B)
Class com.intellij.gradle.toolingExtension.impl.model.sourceSetDependencyModel.GradleSourceSetDependencySerialisationService: loaded 9 times (x 79B)
Class com.intellij.gradle.toolingExtension.impl.model.projectModel.GradleExternalProjectSerializationService: loaded 9 times (x 79B)
Class io.opentelemetry.api.trace.PropagatedSpan                                       : loaded 9 times (x 114B)
Class org.jetbrains.plugins.gradle.tooling.util.IntObjectMap                          : loaded 9 times (x 75B)
Class org.jetbrains.plugins.gradle.model.GradleBuildScriptClasspathModel              : loaded 9 times (x 72B)
Class org.jetbrains.plugins.gradle.tooling.util.ObjectCollector                       : loaded 9 times (x 74B)
Class org.jetbrains.plugins.gradle.model.GradleTaskModel                              : loaded 9 times (x 72B)
Class org.jetbrains.plugins.gradle.tooling.serialization.internal.IdeaProjectSerializationService$WriteContext$2: loaded 9 times (x 85B)
Class com.intellij.compose.ide.plugin.gradleTooling.rt.ComposeResourcesModel          : loaded 9 times (x 72B)
Class io.opentelemetry.context.ImplicitContextKeyed                                   : loaded 9 times (x 72B)
Class gnu.trove.TObjectHash                                                           : loaded 9 times (x 96B)
Class io.opentelemetry.api.internal.ImmutableSpanContext                              : loaded 9 times (x 93B)
Class com.google.common.base.CharMatcher$IsEither                                     : loaded 9 times (x 114B)
Class com.google.common.base.CharMatcher                                              : loaded 9 times (x 114B)
Class org.jetbrains.plugins.gradle.tooling.util.ObjectCollector$Processor             : loaded 9 times (x 72B)
Class io.opentelemetry.api.trace.AutoValue_ArrayBasedTraceState                       : loaded 9 times (x 89B)
Class org.jetbrains.plugins.gradle.tooling.serialization.internal.adapter.Supplier    : loaded 9 times (x 72B)
Class com.google.common.collect.RegularImmutableList                                  : loaded 9 times (x 209B)
Class com.google.common.base.CharMatcher$And                                          : loaded 9 times (x 115B)
Class com.google.common.collect.Lists$ReverseList                                     : loaded 9 times (x 202B)
Class com.google.common.base.Joiner$1                                                 : loaded 9 times (x 83B)
Class org.jetbrains.plugins.gradle.model.ExternalProject                              : loaded 9 times (x 72B)
Class com.intellij.gradle.toolingExtension.impl.model.sourceSetModel.GradleSourceSetSerialisationService$Companion: loaded 9 times (x 73B)
Class org.jetbrains.plugins.gradle.model.GradleSourceSetModel                         : loaded 9 times (x 72B)
Class com.intellij.util.containers.IntObjectHashMap                                   : loaded 9 times (x 74B)
Class org.jetbrains.plugins.gradle.model.ExternalDependency                           : loaded 9 times (x 72B)
Class org.jetbrains.plugins.gradle.tooling.serialization.internal.IdeaProjectSerializationService$WriteContext$1: loaded 9 times (x 85B)
Class io.opentelemetry.api.trace.Tracer                                               : loaded 9 times (x 72B)
Class org.jetbrains.plugins.gradle.tooling.serialization.ExternalTestsSerializationService: loaded 9 times (x 79B)
Class com.intellij.openapi.externalSystem.model.project.dependencies.ProjectDependencies: loaded 9 times (x 72B)
Class io.opentelemetry.context.propagation.TextMapGetter                              : loaded 9 times (x 72B)
Class com.intellij.gradle.toolingExtension.impl.model.sourceSetModel.GradleSourceSetSerialisationService$SourceSetModelWriteContext: loaded 9 times (x 74B)
Class org.jetbrains.plugins.gradle.tooling.serialization.AnnotationProcessingModelSerializationService$ReadContext: loaded 9 times (x 74B)
Class com.google.common.collect.ImmutableSet$CachingAsList                            : loaded 9 times (x 150B)
Class org.jetbrains.kotlin.idea.gradleTooling.model.kapt.KaptGradleModel              : loaded 9 times (x 72B)
Class com.google.common.collect.RegularImmutableSet                                   : loaded 9 times (x 150B)
Class org.jetbrains.plugins.gradle.model.ClasspathEntryModel                          : loaded 9 times (x 72B)
Class org.jetbrains.plugins.gradle.tooling.serialization.internal.IdeaProjectSerializationService$WriteContext$3: loaded 9 times (x 85B)
Class io.opentelemetry.api.trace.TraceFlags                                           : loaded 9 times (x 72B)
Class gnu.trove.TObjectHash$NULL                                                      : loaded 9 times (x 73B)
Class org.jetbrains.plugins.gradle.tooling.serialization.internal.IdeaProjectSerializationService$ReadContext: loaded 9 times (x 74B)
Class org.jetbrains.kotlin.idea.gradleTooling.KotlinGradlePluginVersion               : loaded 9 times (x 72B)
Class com.intellij.gradle.toolingExtension.model.repositoryModel.ProjectRepositoriesModel: loaded 9 times (x 72B)
Class io.opentelemetry.context.ThreadLocalContextStorage                              : loaded 9 times (x 87B)
Class com.android.ide.gradle.model.dependencies.DeclaredDependencies                  : loaded 9 times (x 72B)
Class io.opentelemetry.context.Scope                                                  : loaded 9 times (x 72B)
Class com.google.common.base.CharMatcher$NamedFastMatcher                             : loaded 9 times (x 115B)
Class io.opentelemetry.api.trace.DefaultTracer$NoopSpanBuilder                        : loaded 9 times (x 93B)
Class com.android.ide.gradle.model.artifacts.AdditionalClassifierArtifactsModel       : loaded 9 times (x 72B)
Class io.opentelemetry.api.trace.TraceId                                              : loaded 9 times (x 73B)
Class com.intellij.gradle.toolingExtension.impl.model.sourceSetModel.GradleSourceSetSerialisationService$SourceSetModelReadContext: loaded 9 times (x 74B)
Class com.intellij.gradle.toolingExtension.impl.model.utilTurnOffDefaultTasksModel.TurnOffDefaultTasks: loaded 9 times (x 72B)
Class io.opentelemetry.api.trace.SpanContext                                          : loaded 9 times (x 72B)
Class io.opentelemetry.context.ThreadLocalContextStorage$ScopeImpl                    : loaded 9 times (x 81B)
Class io.opentelemetry.api.trace.SpanId                                               : loaded 9 times (x 73B)
Class com.google.common.base.Joiner$2                                                 : loaded 9 times (x 82B)
Class com.intellij.gradle.toolingExtension.impl.model.buildScriptClasspathModel.GradleBuildScriptClasspathSerializationService$ReadContext: loaded 9 times (x 74B)
Class org.jetbrains.plugins.gradle.tooling.serialization.AnnotationProcessingModelSerializationService: loaded 9 times (x 79B)
Class org.jetbrains.kotlin.idea.gradleTooling.KotlinGradleModel                       : loaded 9 times (x 72B)
Class com.intellij.platform.diagnostic.telemetry.rt.context.TelemetryContext          : loaded 9 times (x 135B)
Class [Lio.opentelemetry.context.ContextStorage;                                      : loaded 9 times (x 71B)
Class org.jetbrains.plugins.gradle.tooling.serialization.RepositoriesModelSerializationService: loaded 9 times (x 84B)
Class [Lio.opentelemetry.api.trace.TraceFlags;                                        : loaded 9 times (x 71B)
Class org.jetbrains.plugins.gradle.tooling.serialization.ExternalTestsSerializationService$WriteContext: loaded 9 times (x 74B)
Class org.jetbrains.kotlin.idea.gradleTooling.AndroidAwareGradleModelProvider         : loaded 9 times (x 81B)
Class org.jetbrains.plugins.gradle.tooling.serialization.AnnotationProcessingModelSerializationService$WriteContext: loaded 9 times (x 74B)
Class org.jetbrains.plugins.gradle.model.ExternalProjectDependency                    : loaded 9 times (x 72B)
Class org.jetbrains.plugins.gradle.javaModel.JavaGradleManifestModel                  : loaded 9 times (x 72B)
Class com.intellij.gradle.toolingExtension.impl.model.sourceSetDependencyModel.GradleSourceSetDependencySerialisationService$SourceSetDependencyModelReadContext: loaded 9 times (x 74B)
Class com.intellij.gradle.toolingExtension.impl.model.dependencyModel.DependencyReadContext: loaded 9 times (x 74B)
Class com.intellij.gradle.toolingExtension.impl.model.taskModel.GradleTaskSerialisationService$Companion: loaded 9 times (x 73B)
Class org.jetbrains.plugins.gradle.tooling.serialization.GradleExtensionsSerializationService$WriteContext: loaded 9 times (x 74B)
Class com.google.common.collect.ImmutableCollection$Builder                           : loaded 9 times (x 78B)
Class [Lio.opentelemetry.context.Scope;                                               : loaded 9 times (x 71B)
Class [Lcom.intellij.openapi.externalSystem.model.project.dependencies.ResolutionState;: loaded 9 times (x 71B)
Class com.google.common.collect.ImmutableList$SubList                                 : loaded 9 times (x 209B)
Class com.google.common.collect.ForwardingObject                                      : loaded 9 times (x 74B)
Class com.google.common.base.CharMatcher$FastMatcher                                  : loaded 9 times (x 114B)
Class com.google.common.collect.ImmutableList$Builder                                 : loaded 9 times (x 79B)
Class gnu.trove.TObjectIntHashMap                                                     : loaded 9 times (x 111B)
Class org.jetbrains.kotlin.idea.gradleTooling.KotlinSourceSetContainer                : loaded 9 times (x 72B)
Class org.jetbrains.plugins.gradle.model.IntelliJSettings                             : loaded 9 times (x 72B)
Class io.opentelemetry.context.propagation.DefaultContextPropagators                  : loaded 9 times (x 77B)
Class io.opentelemetry.context.ContextStorageWrappers                                 : loaded 9 times (x 73B)
Class org.jetbrains.kotlin.idea.gradleTooling.KotlinDslScriptAdditionalTask           : loaded 9 times (x 72B)
Class io.opentelemetry.api.trace.ArrayBasedTraceStateBuilder                          : loaded 9 times (x 79B)
Class com.google.common.collect.ImmutableList$1                                       : loaded 9 times (x 99B)
Class org.jetbrains.plugins.gradle.model.DependencyAccessorsModel                     : loaded 9 times (x 72B)
Class org.jetbrains.plugins.gradle.tooling.serialization.KotlinDslScriptsModelSerializationService: loaded 9 times (x 83B)
Class io.opentelemetry.context.propagation.NoopTextMapPropagator                      : loaded 9 times (x 78B)
Class org.jetbrains.plugins.gradle.tooling.util.IntObjectMap$ObjectFactory            : loaded 9 times (x 72B)
Class gnu.trove.Equality                                                              : loaded 9 times (x 72B)
Class [Lio.opentelemetry.api.trace.ImmutableTraceFlags;                               : loaded 9 times (x 71B)
Class com.intellij.gradle.toolingExtension.impl.model.buildScriptClasspathModel.GradleBuildScriptClasspathSerializationService: loaded 9 times (x 79B)
Class org.jetbrains.plugins.gradle.tooling.serialization.ProjectDependenciesSerializationService$WriteContext: loaded 9 times (x 74B)
Class gnu.trove.TObjectCanonicalHashingStrategy                                       : loaded 9 times (x 80B)
Class org.jetbrains.plugins.gradle.model.GradleProperty                               : loaded 9 times (x 72B)
Class org.jetbrains.kotlin.idea.gradleTooling.AndroidAwareGradleModelProvider$Companion: loaded 9 times (x 73B)
Class io.opentelemetry.api.GlobalOpenTelemetry                                        : loaded 9 times (x 73B)
Class com.intellij.util.containers.IntObjectHashMap$ArrayProducer                     : loaded 9 times (x 72B)
Class com.google.common.collect.ImmutableSet$RegularSetBuilderImpl                    : loaded 9 times (x 78B)
Class io.opentelemetry.api.trace.ArrayBasedTraceState                                 : loaded 9 times (x 88B)
Class com.google.common.collect.RegularImmutableAsList                                : loaded 9 times (x 219B)
Class io.opentelemetry.context.ContextKey                                             : loaded 9 times (x 72B)
Class io.opentelemetry.context.propagation.TextMapSetter                              : loaded 9 times (x 72B)
Class org.jetbrains.plugins.gradle.tooling.serialization.RepositoriesModelSerializationService$ReadContext: loaded 9 times (x 74B)
Class com.intellij.gradle.toolingExtension.impl.telemetry.GradleOpenTelemetry         : loaded 9 times (x 74B)
Class com.intellij.gradle.toolingExtension.impl.model.dependencyDownloadPolicyModel.GradleDependencyDownloadPolicy: loaded 9 times (x 72B)
Class org.jetbrains.plugins.gradle.model.VersionCatalogsModel                         : loaded 9 times (x 72B)
Class io.opentelemetry.context.propagation.ContextPropagators                         : loaded 9 times (x 72B)
Class org.jetbrains.kotlin.idea.gradleTooling.KotlinMPPGradleModel                    : loaded 9 times (x 72B)
Class io.opentelemetry.context.DefaultContextKey                                      : loaded 9 times (x 74B)
Class io.opentelemetry.api.internal.AutoValue_ImmutableSpanContext                    : loaded 9 times (x 94B)
Class com.google.common.collect.ImmutableList$ReverseImmutableList                    : loaded 9 times (x 209B)
Class io.opentelemetry.api.trace.TraceState                                           : loaded 9 times (x 72B)
Class org.jetbrains.plugins.gradle.tooling.util.IntObjectMap$1                        : loaded 9 times (x 79B)
Class org.jetbrains.plugins.gradle.model.AnnotationProcessingConfig                   : loaded 9 times (x 72B)
Class io.opentelemetry.api.trace.SpanContextKey                                       : loaded 9 times (x 73B)
Class com.intellij.gradle.toolingExtension.impl.model.utilDummyModel.DummyModel       : loaded 9 times (x 72B)
Class io.opentelemetry.api.trace.SpanBuilder                                          : loaded 9 times (x 72B)
Class com.google.common.base.CharMatcher$ForPredicate                                 : loaded 9 times (x 115B)
Class com.google.common.collect.ImmutableSet$SetBuilderImpl                           : loaded 9 times (x 78B)
Class io.opentelemetry.api.trace.ImmutableTraceFlags                                  : loaded 9 times (x 79B)
Class io.opentelemetry.api.DefaultOpenTelemetry                                       : loaded 9 times (x 91B)
Class com.google.common.base.CharMatcher$InRange                                      : loaded 9 times (x 114B)
Class org.jetbrains.plugins.gradle.tooling.serialization.internal.IdeaProjectSerializationService$WriteContext$7: loaded 9 times (x 85B)
Class org.jetbrains.plugins.gradle.model.RepositoryModels                             : loaded 9 times (x 72B)
Class io.opentelemetry.context.ArrayBasedContext                                      : loaded 9 times (x 102B)
Class com.intellij.gradle.toolingExtension.impl.model.taskModel.GradleTaskSerialisationService: loaded 9 times (x 78B)
Class com.intellij.gradle.toolingExtension.impl.model.sourceSetDependencyModel.GradleSourceSetDependencySerialisationService$Companion: loaded 9 times (x 73B)
Class org.jetbrains.plugins.gradle.tooling.serialization.internal.IdeaProjectSerializationService$WriteContext$4: loaded 9 times (x 85B)
Class com.android.ide.gradle.model.LegacyV1AgpVersionModel                            : loaded 9 times (x 72B)
Class org.jetbrains.kotlin.idea.gradleTooling.PrepareKotlinIdeImportTaskModel         : loaded 9 times (x 72B)
Class com.google.common.collect.SingletonImmutableList                                : loaded 9 times (x 209B)
Class com.google.common.collect.Lists$ReverseList$1                                   : loaded 9 times (x 101B)
Class com.intellij.gradle.toolingExtension.impl.model.buildScriptClasspathModel.GradleBuildScriptClasspathSerializationService$WriteContext: loaded 9 times (x 74B)
Class io.opentelemetry.api.internal.OtelEncodingUtils                                 : loaded 9 times (x 73B)
Class org.jetbrains.plugins.gradle.model.FileCollectionDependency                     : loaded 9 times (x 72B)
Class com.intellij.gradle.toolingExtension.impl.model.sourceSetArtifactIndex.GradleSourceSetArtifactBuildRequest: loaded 9 times (x 72B)
Class com.intellij.openapi.externalSystem.model.ExternalSystemException               : loaded 9 times (x 87B)
Class gnu.trove.THash                                                                 : loaded 9 times (x 83B)
Class org.jetbrains.plugins.gradle.ExternalDependencyId                               : loaded 9 times (x 72B)
Class com.intellij.gradle.toolingExtension.impl.util.collectionUtil.GradleCollections : loaded 9 times (x 73B)
Class io.opentelemetry.context.Context                                                : loaded 9 times (x 72B)
Class com.google.common.base.CharMatcher$Or                                           : loaded 9 times (x 115B)
Class org.jetbrains.plugins.gradle.tooling.serialization.internal.IdeaProjectSerializationService$WriteContext$8: loaded 9 times (x 85B)
Class gnu.trove.TObjectIntProcedure                                                   : loaded 9 times (x 72B)
Class org.jetbrains.plugins.gradle.tooling.serialization.SerializationService         : loaded 9 times (x 72B)
Class com.google.common.base.CharMatcher$Negated                                      : loaded 9 times (x 116B)
Class io.opentelemetry.api.GlobalOpenTelemetry$ObfuscatedOpenTelemetry                : loaded 9 times (x 94B)
Class io.opentelemetry.api.internal.IncubatingUtil                                    : loaded 9 times (x 73B)
Class org.jetbrains.plugins.gradle.tooling.ModelBuilderService$Parameter              : loaded 9 times (x 72B)
Class com.intellij.platform.diagnostic.telemetry.rt.context.TelemetryContextGetter    : loaded 9 times (x 77B)
Class org.jetbrains.plugins.gradle.tooling.serialization.GradleExtensionsSerializationService: loaded 9 times (x 79B)
Class org.jetbrains.plugins.gradle.model.ExternalTask                                 : loaded 9 times (x 72B)
Class com.google.common.base.Function                                                 : loaded 9 times (x 72B)
Class com.google.common.base.Joiner                                                   : loaded 9 times (x 82B)
Class io.opentelemetry.context.LazyStorage                                            : loaded 9 times (x 73B)
Class org.jetbrains.plugins.gradle.model.IntelliJProjectSettings                      : loaded 9 times (x 72B)
Class com.android.ide.gradle.model.GradlePluginModel                                  : loaded 9 times (x 72B)
Class com.intellij.gradle.toolingExtension.impl.model.projectModel.GradleExternalProjectSerializationService$WriteContext: loaded 9 times (x 75B)
Class io.opentelemetry.context.ContextStorageProvider                                 : loaded 9 times (x 72B)
Class org.jetbrains.plugins.gradle.model.UnresolvedExternalDependency                 : loaded 9 times (x 72B)
Class org.jetbrains.plugins.gradle.model.GradleExtensions                             : loaded 9 times (x 72B)
Class org.jetbrains.plugins.gradle.model.AnnotationProcessingModel                    : loaded 9 times (x 72B)
Class com.intellij.gradle.toolingExtension.impl.model.warmUp.GradleTaskWarmUpRequest  : loaded 9 times (x 72B)
Class org.jetbrains.plugins.gradle.model.ExternalSourceSet                            : loaded 9 times (x 72B)
Class org.jetbrains.plugins.gradle.model.ProjectImportModelProvider                   : loaded 9 times (x 72B)
Class io.opentelemetry.context.propagation.TextMapPropagator                          : loaded 9 times (x 72B)
Class org.jetbrains.plugins.gradle.model.GradleSourceSetDependencyModel               : loaded 9 times (x 72B)
Class gnu.trove.TObjectHashingStrategy                                                : loaded 9 times (x 72B)
Class com.google.common.base.CharMatcher$1                                            : loaded 9 times (x 116B)
Class com.google.common.base.CharMatcher$AnyOf                                        : loaded 9 times (x 115B)
Class org.jetbrains.plugins.gradle.tooling.serialization.ExternalTestsSerializationService$ReadContext: loaded 9 times (x 74B)
Class org.jetbrains.plugins.gradle.model.GradleExtension                              : loaded 8 times (x 72B)
Class org.gradle.internal.Cast                                                        : loaded 8 times (x 73B)
Class com.amazon.ion.system.IonBinaryWriterBuilder                                    : loaded 8 times (x 101B)
Class com.amazon.ion.IonNull                                                          : loaded 8 times (x 72B)
Class com.amazon.ion.impl.bin.IonManagedBinaryWriter$UserState$4                      : loaded 8 times (x 87B)
Class com.android.builder.model.v2.models.ProjectSyncIssues                           : loaded 8 times (x 72B)
Class com.amazon.ion.impl.bin.IonManagedBinaryWriter$SymbolState$2                    : loaded 8 times (x 82B)
Class com.android.builder.model.v2.ide.SourceSetContainer                             : loaded 8 times (x 72B)
Class com.android.builder.model.v2.models.ModelBuilderParameter                       : loaded 8 times (x 72B)
Class com.amazon.ion.impl.lite.IonLobLite                                             : loaded 8 times (x 187B)
Class com.amazon.ion.impl.lite.IonTextLite                                            : loaded 8 times (x 184B)
Class com.android.builder.model.v2.dsl.ProductFlavor                                  : loaded 8 times (x 72B)
Class org.gradle.api.Action                                                           : loaded 8 times (x 72B)
Class com.google.common.collect.NullnessCasts                                         : loaded 8 times (x 73B)
Class com.amazon.ion.impl.bin.IonRawBinaryWriter$PreallocationMode$3                  : loaded 8 times (x 83B)
Class com.amazon.ion.impl._Private_IonTextWriterBuilder$Mutable                       : loaded 8 times (x 103B)
Class com.amazon.ion.IonClob                                                          : loaded 8 times (x 72B)
Class com.amazon.ion.impl.bin.IonRawBinaryWriter$ContainerType                        : loaded 8 times (x 81B)
Class com.amazon.ion.impl.bin.IonManagedBinaryWriter$UserState                        : loaded 8 times (x 87B)
Class com.amazon.ion.impl._Private_IonWriter                                          : loaded 8 times (x 72B)
Class com.amazon.ion.impl.bin.IonManagedBinaryWriter                                  : loaded 8 times (x 167B)
Class com.amazon.ion.impl.bin.WriteBuffer                                             : loaded 8 times (x 80B)
Class com.android.builder.model.v2.ide.AndroidArtifact                                : loaded 8 times (x 72B)
Class com.amazon.ion.SymbolToken                                                      : loaded 8 times (x 72B)
Class com.android.builder.model.v2.models.VariantDependenciesFlatList                 : loaded 8 times (x 72B)
Class com.amazon.ion.impl.bin.IonRawBinaryWriter                                      : loaded 8 times (x 170B)
Class [Lcom.android.builder.model.v2.ide.TestInfo$Execution;                          : loaded 8 times (x 71B)
Class com.android.builder.model.v2.ide.TestInfo                                       : loaded 8 times (x 72B)
Class com.amazon.ion.impl.lite.IonDecimalLite                                         : loaded 8 times (x 191B)
Class com.android.builder.model.v2.ide.Edge                                           : loaded 8 times (x 72B)
Class com.android.builder.model.v2.models.BasicAndroidProject                         : loaded 8 times (x 72B)
Class com.amazon.ion.IonBufferConfiguration$Builder                                   : loaded 8 times (x 80B)
Class com.amazon.ion.impl.bin._Private_IonManagedBinaryWriterBuilder                  : loaded 8 times (x 74B)
Class com.android.builder.model.v2.models.Versions$Version                            : loaded 8 times (x 72B)
Class com.amazon.ion.IonTimestamp                                                     : loaded 8 times (x 72B)
Class com.amazon.ion.impl.bin.PooledBlockAllocatorProvider$PooledBlockAllocator       : loaded 8 times (x 83B)
Class com.android.builder.model.v2.ide.LintOptions                                    : loaded 8 times (x 72B)
Class com.amazon.ion.impl.lite.IonTimestampLite                                       : loaded 8 times (x 195B)
Class com.amazon.ion.IonNumber                                                        : loaded 8 times (x 72B)
Class com.android.builder.model.v2.ide.AaptOptions$Namespacing                        : loaded 8 times (x 81B)
Class com.android.utils.FileUtils                                                     : loaded 8 times (x 73B)
Class com.amazon.ion.IonString                                                        : loaded 8 times (x 72B)
Class com.amazon.ion.impl.LocalSymbolTableAsStruct                                    : loaded 8 times (x 134B)
Class com.amazon.ion.facet.Faceted                                                    : loaded 8 times (x 72B)
Class com.android.ide.common.repository.AgpVersion$Companion                          : loaded 8 times (x 73B)
Class com.amazon.ion.IonReader                                                        : loaded 8 times (x 72B)
Class com.amazon.ion.impl.lite.ValueFactoryLite                                       : loaded 8 times (x 220B)
Class com.amazon.ion.system.IonReaderBuilder                                          : loaded 8 times (x 97B)
Class com.amazon.ion.impl.bin.PooledBlockAllocatorProvider                            : loaded 8 times (x 75B)
Class [Lcom.android.ide.common.gradle.Separator;                                      : loaded 8 times (x 71B)
Class com.android.builder.model.v2.dsl.SigningConfig                                  : loaded 8 times (x 72B)
Class [Lcom.amazon.ion.SymbolTable;                                                   : loaded 8 times (x 71B)
Class com.amazon.ion.impl.bin.utf8.Utf8StringEncoderPool$1                            : loaded 8 times (x 78B)
Class com.intellij.util.ThrowableConsumer                                             : loaded 8 times (x 72B)
Class com.android.builder.model.v2.models.AndroidProject                              : loaded 8 times (x 72B)
Class com.amazon.ion.impl.bin.IonRawBinaryWriter$PreallocationMode$2                  : loaded 8 times (x 83B)
Class com.amazon.ion.IonInt                                                           : loaded 8 times (x 72B)
Class com.android.builder.model.v2.AndroidModel                                       : loaded 8 times (x 72B)
Class com.amazon.ion.impl._Private_IonReaderBuilder                                   : loaded 8 times (x 99B)
Class com.amazon.ion.IonMutableCatalog                                                : loaded 8 times (x 72B)
Class com.google.common.collect.ImmutableRangeSet$Builder                             : loaded 8 times (x 79B)
Class org.gradle.internal.IoActions                                                   : loaded 8 times (x 73B)
Class com.amazon.ion.impl.lite.IonLoaderLite                                          : loaded 8 times (x 84B)
Class [Lcom.amazon.ion.impl.bin.IonRawBinaryWriter$ContainerType;                     : loaded 8 times (x 71B)
Class org.jetbrains.kotlin.tooling.core.HasMutableExtras                              : loaded 8 times (x 72B)
Class com.amazon.ion.impl.lite.IonContext                                             : loaded 8 times (x 72B)
Class com.android.builder.model.v2.ide.Installation                                   : loaded 8 times (x 72B)
Class com.amazon.ion.impl.IonWriterSystemText                                         : loaded 8 times (x 191B)
Class [Lcom.amazon.ion.impl.bin.IonManagedBinaryWriter$ImportedSymbolResolverMode;    : loaded 8 times (x 71B)
Class com.amazon.ion.ValueFactory                                                     : loaded 8 times (x 72B)
Class org.jetbrains.kotlin.tooling.core.Extras                                        : loaded 8 times (x 72B)
Class com.android.builder.model.v2.ide.VectorDrawablesOptions                         : loaded 8 times (x 72B)
Class [Lcom.amazon.ion.impl.bin.AbstractIonWriter$WriteValueOptimization;             : loaded 8 times (x 71B)
Class com.amazon.ion.impl.bin.IonRawBinaryWriter$ContainerInfo                        : loaded 8 times (x 76B)
Class com.amazon.ion.BufferConfiguration                                              : loaded 8 times (x 74B)
Class com.amazon.ion.system.SimpleCatalog                                             : loaded 8 times (x 93B)
Class com.android.builder.model.v2.ide.BasicArtifact                                  : loaded 8 times (x 72B)
Class com.amazon.ion.impl.bin.IonManagedBinaryWriter$SymbolState$3                    : loaded 8 times (x 82B)
Class [Lcom.amazon.ion.SymbolToken;                                                   : loaded 8 times (x 71B)
Class com.amazon.ion.impl.bin.IonRawBinaryWriter$StreamFlushMode                      : loaded 8 times (x 81B)
Class com.amazon.ion.impl.bin.IonBinaryWriterAdapter$Factory                          : loaded 8 times (x 72B)
Class org.jetbrains.plugins.gradle.tooling.serialization.ToolingStreamApiUtils        : loaded 8 times (x 73B)
Class com.amazon.ion.impl.bin.Block                                                   : loaded 8 times (x 81B)
Class [Lcom.amazon.ion.IonType;                                                       : loaded 8 times (x 71B)
Class [Lcom.amazon.ion.impl.bin._Private_IonManagedBinaryWriterBuilder$AllocatorMode; : loaded 8 times (x 71B)
Class com.amazon.ion.impl.bin.IonRawBinaryWriter$PreallocationMode$1                  : loaded 8 times (x 83B)
Class com.amazon.ion.impl._Private_ValueFactory                                       : loaded 8 times (x 72B)
Class com.amazon.ion.impl.lite.IonClobLite                                            : loaded 8 times (x 223B)
Class com.amazon.ion.system.IonWriterBuilder                                          : loaded 8 times (x 76B)
Class com.amazon.ion.impl.bin.utf8.Utf8StringEncoder                                  : loaded 8 times (x 82B)
Class com.amazon.ion.IonBool                                                          : loaded 8 times (x 72B)
Class com.amazon.ion.impl.LocalSymbolTableAsStruct$Factory                            : loaded 8 times (x 81B)
Class com.amazon.ion.impl.bin.IonManagedBinaryWriter$SymbolState$1                    : loaded 8 times (x 82B)
Class com.amazon.ion.impl.bin.utf8.Utf8StringEncoder$Result                           : loaded 8 times (x 76B)
Class com.amazon.ion.impl.bin.utf8.Pool$Allocator                                     : loaded 8 times (x 72B)
Class com.amazon.ion.IonText                                                          : loaded 8 times (x 72B)
Class com.google.common.collect.RegularImmutableSortedSet                             : loaded 8 times (x 302B)
Class com.amazon.ion.impl.SymbolTokenImpl                                             : loaded 8 times (x 83B)
Class com.amazon.ion.SubstituteSymbolTableException                                   : loaded 8 times (x 86B)
Class com.amazon.ion.IonBufferConfiguration$OversizedSymbolTableHandler               : loaded 8 times (x 72B)
Class com.amazon.ion.impl.lite.IonContainerLite                                       : loaded 8 times (x 250B)
Class com.amazon.ion.IonValue                                                         : loaded 8 times (x 72B)
Class com.android.builder.model.v2.ide.CodeShrinker                                   : loaded 8 times (x 81B)
Class com.android.builder.model.v2.ide.JavaArtifact                                   : loaded 8 times (x 72B)
Class com.google.common.collect.ImmutableRangeSet$1                                   : loaded 8 times (x 212B)
Class com.amazon.ion.impl.BlockedBuffer$BufferedOutputStream                          : loaded 8 times (x 92B)
Class com.amazon.ion.IonContainer                                                     : loaded 8 times (x 72B)
Class com.amazon.ion.impl.lite.IonNullLite                                            : loaded 8 times (x 178B)
Class com.google.common.collect.ImmutableRangeSet$ComplementRanges                    : loaded 8 times (x 209B)
Class com.android.builder.model.v2.models.VariantDependencies                         : loaded 8 times (x 72B)
Class com.amazon.ion.impl.bin.IonManagedBinaryWriter$ImportedSymbolResolverMode       : loaded 8 times (x 82B)
Class com.amazon.ion.IonException                                                     : loaded 8 times (x 86B)
Class com.amazon.ion.util.GzipStreamInterceptor                                       : loaded 8 times (x 87B)
Class com.amazon.ion.impl.bin.IonManagedBinaryWriter$UserState$3                      : loaded 8 times (x 87B)
Class com.android.ide.common.repository.AgpVersion                                    : loaded 8 times (x 77B)
Class com.amazon.ion.impl.bin.Symbols                                                 : loaded 8 times (x 73B)
Class com.amazon.ion.impl.LocalSymbolTable$Factory                                    : loaded 8 times (x 79B)
Class com.android.builder.model.v2.CustomSourceDirectory                              : loaded 8 times (x 72B)
Class [Lcom.amazon.ion.impl.bin.IonRawBinaryWriter$StreamCloseMode;                   : loaded 8 times (x 71B)
Class com.amazon.ion.impl.lite.IonSymbolLite                                          : loaded 8 times (x 249B)
Class com.android.builder.model.v2.ide.ApiVersion                                     : loaded 8 times (x 72B)
Class com.amazon.ion.impl.bin.IonManagedBinaryWriter$ImportedSymbolResolverMode$1     : loaded 8 times (x 82B)
Class [Lcom.android.builder.model.v2.ide.AaptOptions$Namespacing;                     : loaded 8 times (x 71B)
Class com.amazon.ion.impl._Private_IonContainer                                       : loaded 8 times (x 72B)
Class com.android.builder.model.v2.ide.TestInfo$Execution                             : loaded 8 times (x 81B)
Class com.google.common.collect.ImmutableRangeSet$AsSet                               : loaded 8 times (x 302B)
Class com.android.builder.model.v2.models.VariantDependenciesAdjacencyList            : loaded 8 times (x 72B)
Class com.amazon.ion.impl.lite.IonValueLite                                           : loaded 8 times (x 150B)
Class com.amazon.ion.impl._Private_IonSymbol                                          : loaded 8 times (x 72B)
Class com.android.builder.model.v2.ide.BytecodeTransformation                         : loaded 8 times (x 81B)
Class com.android.ide.common.gradle.Version$Companion$ParseState                      : loaded 8 times (x 72B)
Class com.google.common.collect.RangeSet                                              : loaded 8 times (x 72B)
Class com.android.ide.common.gradle.Version$Companion                                 : loaded 8 times (x 73B)
Class [Lcom.android.builder.model.v2.ide.BytecodeTransformation;                      : loaded 8 times (x 71B)
Class com.amazon.ion.IonBinaryWriter                                                  : loaded 8 times (x 72B)
Class [Lcom.android.builder.model.v2.ide.AndroidGradlePluginProjectFlags$BooleanFlag; : loaded 8 times (x 71B)
Class com.android.builder.model.v2.ide.AaptOptions                                    : loaded 8 times (x 72B)
Class com.android.builder.model.v2.ide.AndroidGradlePluginProjectFlags                : loaded 8 times (x 72B)
Class com.android.builder.model.v2.ide.BasicVariant                                   : loaded 8 times (x 72B)
Class com.amazon.ion.IonBufferConfiguration                                           : loaded 8 times (x 74B)
Class com.android.ide.common.repository.AgpVersion$PreviewKind$Companion              : loaded 8 times (x 73B)
Class com.amazon.ion.impl.lite.IonBoolLite                                            : loaded 8 times (x 181B)
Class com.amazon.ion.impl.bin._Private_IonManagedBinaryWriterBuilder$AllocatorMode$1  : loaded 8 times (x 82B)
Class com.amazon.ion.impl._Private_LocalSymbolTableFactory                            : loaded 8 times (x 72B)
Class com.amazon.ion.impl.bin.IonManagedBinaryWriter$ImportedSymbolResolverMode$1$1$1 : loaded 8 times (x 78B)
Class com.amazon.ion.system.IonTextWriterBuilder                                      : loaded 8 times (x 99B)
Class com.amazon.ion.impl.bin.IonManagedBinaryWriter$ImportDescriptor                 : loaded 8 times (x 78B)
Class com.amazon.ion.SymbolTable                                                      : loaded 8 times (x 72B)
Class com.amazon.ion.IonFloat                                                         : loaded 8 times (x 72B)
Class com.amazon.ion.impl.lite.IonListLite                                            : loaded 8 times (x 492B)
Class com.android.utils.StringHelper                                                  : loaded 8 times (x 73B)
Class com.amazon.ion.system.IonSystemBuilder$Mutable                                  : loaded 8 times (x 77B)
Class com.amazon.ion.impl.lite.IonSexpLite                                            : loaded 8 times (x 492B)
Class com.amazon.ion.impl.lite.IonBlobLite                                            : loaded 8 times (x 222B)
Class com.amazon.ion.Decimal                                                          : loaded 8 times (x 136B)
Class com.android.builder.model.v2.models.ProjectGraph                                : loaded 8 times (x 72B)
Class com.android.ide.common.repository.AgpVersion$PreviewKind                        : loaded 8 times (x 81B)
Class com.amazon.ion.impl.LocalSymbolTable                                            : loaded 8 times (x 129B)
Class com.amazon.ion.impl.bin.AbstractSymbolTable                                     : loaded 8 times (x 109B)
Class com.android.builder.model.v2.ide.AndroidLibraryData                             : loaded 8 times (x 72B)
Class com.amazon.ion.impl.bin.IonManagedBinaryWriter$SymbolResolverBuilder            : loaded 8 times (x 72B)
Class com.android.ide.common.gradle.Version                                           : loaded 8 times (x 77B)
Class com.android.ide.common.gradle.Version$Companion$ParseState$NUMERIC              : loaded 8 times (x 76B)
Class [Lcom.amazon.ion.impl.bin.IonRawBinaryWriter$PreallocationMode;                 : loaded 8 times (x 71B)
Class [Lcom.amazon.ion.impl.bin.IonManagedBinaryWriter$SymbolState;                   : loaded 8 times (x 71B)
Class [Lcom.amazon.ion.impl.bin.IonManagedBinaryWriter$UserState;                     : loaded 8 times (x 71B)
Class com.amazon.ion.impl.bin.utf8.Poolable                                           : loaded 8 times (x 81B)
Class [Lcom.amazon.ion.impl.bin.IonRawBinaryWriter$StreamFlushMode;                   : loaded 8 times (x 71B)
Class com.amazon.ion.system.IonWriterBuilderBase                                      : loaded 8 times (x 85B)
Class com.amazon.ion.impl._Private_ReaderWriter                                       : loaded 8 times (x 72B)
Class com.amazon.ion.impl.lite.IonStructLite                                          : loaded 8 times (x 300B)
Class com.amazon.ion.UnsupportedIonVersionException                                   : loaded 8 times (x 87B)
Class com.amazon.ion.impl._Private_IonWriterBase                                      : loaded 8 times (x 164B)
Class com.android.ide.common.gradle.Numeric                                           : loaded 8 times (x 79B)
Class com.amazon.ion.IonSymbol                                                        : loaded 8 times (x 72B)
Class com.android.builder.model.v2.ide.Variant                                        : loaded 8 times (x 72B)
Class com.amazon.ion.impl.bin.IonManagedBinaryWriter$ImportedSymbolResolverMode$2     : loaded 8 times (x 82B)
Class com.amazon.ion.system.IonSystemBuilder                                          : loaded 8 times (x 77B)
Class com.amazon.ion.IonType                                                          : loaded 8 times (x 81B)
Class com.amazon.ion.impl.lite._Private_LiteDomTrampoline                             : loaded 8 times (x 73B)
Class com.amazon.ion.impl.bin.IntList                                                 : loaded 8 times (x 79B)
Class com.amazon.ion.util._Private_FastAppendable                                     : loaded 8 times (x 72B)
Class com.amazon.ion.IonSequence                                                      : loaded 8 times (x 72B)
Class com.amazon.ion.IonLob                                                           : loaded 8 times (x 72B)
Class com.amazon.ion.IonBlob                                                          : loaded 8 times (x 72B)
Class com.amazon.ion.impl.bin.IonRawBinaryWriter$PatchPoint                           : loaded 8 times (x 74B)
Class com.amazon.ion.IonCatalog                                                       : loaded 8 times (x 72B)
Class com.amazon.ion.impl._Private_IonReaderBuilder$TwoElementInputStream             : loaded 8 times (x 94B)
Class com.amazon.ion.impl.bin.IonManagedBinaryWriter$LocalSymbolTableView             : loaded 8 times (x 121B)
Class com.amazon.ion.impl.bin.IonRawBinaryWriter$ThrowingRunnable                     : loaded 8 times (x 72B)
Class com.amazon.ion.impl.lite.IonStringLite                                          : loaded 8 times (x 215B)
Class com.amazon.ion.impl.lite.IonIntLite                                             : loaded 8 times (x 191B)
Class com.android.builder.model.v2.dsl.BuildType                                      : loaded 8 times (x 72B)
Class com.android.builder.model.v2.dsl.BaseConfig                                     : loaded 8 times (x 72B)
Class com.amazon.ion.impl.bin.AbstractIonWriter                                       : loaded 8 times (x 162B)
Class com.amazon.ion.impl._Private_IonValue                                           : loaded 8 times (x 72B)
Class com.amazon.ion.impl.bin.IonManagedBinaryWriter$UserState$2                      : loaded 8 times (x 87B)
Class com.amazon.ion.IonLoader                                                        : loaded 8 times (x 72B)
Class com.android.builder.model.v2.models.ndk.NativeModule                            : loaded 8 times (x 72B)
Class com.android.builder.model.v2.ide.JavaCompileOptions                             : loaded 8 times (x 72B)
Class com.google.common.collect.SortedIterable                                        : loaded 8 times (x 72B)
Class com.android.builder.model.v2.ide.BundleInfo                                     : loaded 8 times (x 72B)
Class com.amazon.ion.impl.bin.IonManagedBinaryWriter$SymbolState$4                    : loaded 8 times (x 82B)
Class com.android.builder.model.v2.dsl.DependenciesInfo                               : loaded 8 times (x 72B)
Class com.android.builder.model.v2.ide.SourceProvider                                 : loaded 8 times (x 72B)
Class [Lcom.amazon.ion.util.InputStreamInterceptor;                                   : loaded 8 times (x 71B)
Class org.gradle.api.GradleException                                                  : loaded 8 times (x 84B)
Class org.jetbrains.kotlin.tooling.core.HasExtras                                     : loaded 8 times (x 72B)
Class com.amazon.ion.impl.bin.PooledBlockAllocatorProvider$PooledBlockAllocator$1     : loaded 8 times (x 81B)
Class com.amazon.ion.impl.bin.AbstractIonWriter$WriteValueOptimization                : loaded 8 times (x 81B)
Class com.amazon.ion.impl.bin.utf8.Pool                                               : loaded 8 times (x 76B)
Class com.android.builder.model.v2.models.ndk.NativeModelBuilderParameter             : loaded 8 times (x 72B)
Class com.android.builder.model.v2.ide.TestedTargetVariant                            : loaded 8 times (x 72B)
Class com.amazon.ion.impl.SymbolTableAsStruct                                         : loaded 8 times (x 72B)
Class com.amazon.ion.impl._Private_IonBinaryWriterBuilder$Mutable                     : loaded 8 times (x 117B)
Class com.amazon.ion.impl.bin.IonRawBinaryWriter$StreamCloseMode                      : loaded 8 times (x 81B)
Class com.amazon.ion.impl.bin.IonManagedBinaryWriter$SymbolState                      : loaded 8 times (x 82B)
Class com.amazon.ion.IonStruct                                                        : loaded 8 times (x 72B)
Class com.android.ide.common.gradle.Separator                                         : loaded 8 times (x 81B)
Class [Lcom.android.builder.model.v2.ide.CodeShrinker;                                : loaded 8 times (x 71B)
Class com.amazon.ion.impl.bin.IonManagedBinaryWriter$SymbolResolver                   : loaded 8 times (x 72B)
Class com.android.builder.model.v2.ide.AndroidGradlePluginProjectFlags$BooleanFlag    : loaded 8 times (x 81B)
Class com.amazon.ion.impl._Private_Utils                                              : loaded 8 times (x 73B)
Class com.amazon.ion.impl._Private_SymbolToken                                        : loaded 8 times (x 72B)
Class com.amazon.ion.impl._Private_Utils$1                                            : loaded 8 times (x 100B)
Class com.amazon.ion.impl.lite.IonSequenceLite                                        : loaded 8 times (x 434B)
Class com.android.builder.model.v2.ide.LibraryInfo                                    : loaded 8 times (x 72B)
Class com.amazon.ion.impl.bin._Private_IonManagedBinaryWriterBuilder$AllocatorMode    : loaded 8 times (x 82B)
Class com.amazon.ion.BufferConfiguration$Builder                                      : loaded 8 times (x 80B)
Class com.android.builder.model.v2.ide.ProjectType                                    : loaded 8 times (x 81B)
Class [Lcom.android.ide.common.repository.AgpVersion$PreviewKind;                     : loaded 8 times (x 71B)
Class com.android.builder.model.v2.ide.AbstractArtifact                               : loaded 8 times (x 72B)
Class com.amazon.ion.impl.lite.ContainerlessContext                                   : loaded 8 times (x 82B)
Class com.android.builder.model.v2.ide.ComponentInfo                                  : loaded 8 times (x 72B)
Class com.amazon.ion.impl.bin.IonManagedBinaryWriter$ImportedSymbolContext            : loaded 8 times (x 74B)
Class com.android.ide.common.gradle.Part                                              : loaded 8 times (x 79B)
Class com.google.common.collect.AbstractRangeSet                                      : loaded 8 times (x 116B)
Class org.jetbrains.kotlin.idea.projectModel.KotlinTaskProperties                     : loaded 8 times (x 72B)
Class com.amazon.ion.IonSystem                                                        : loaded 8 times (x 72B)
Class com.amazon.ion.IonList                                                          : loaded 8 times (x 72B)
Class com.android.builder.model.v2.ide.ProjectInfo                                    : loaded 8 times (x 72B)
Class com.amazon.ion.impl.bin._Private_IonManagedBinaryWriterBuilder$AllocatorMode$2  : loaded 8 times (x 82B)
Class com.amazon.ion.impl._Private_IonReaderBuilder$Mutable                           : loaded 8 times (x 99B)
Class [Lcom.amazon.ion.util.GzipStreamInterceptor;                                    : loaded 8 times (x 71B)
Class com.amazon.ion.impl._Private_IonTextWriterBuilder                               : loaded 8 times (x 103B)
Class gnu.trove.PrimeFinder                                                           : loaded 8 times (x 73B)
Class com.amazon.ion.IonDecimal                                                       : loaded 8 times (x 72B)
Class com.amazon.ion.UnexpectedEofException                                           : loaded 8 times (x 86B)
Class com.amazon.ion.UnknownSymbolException                                           : loaded 8 times (x 87B)
Class com.amazon.ion.IonSexp                                                          : loaded 8 times (x 72B)
Class com.amazon.ion.IonWriter                                                        : loaded 8 times (x 72B)
Class com.amazon.ion.ReadOnlyValueException                                           : loaded 8 times (x 86B)
Class com.amazon.ion.impl.bin._Private_IonRawWriter                                   : loaded 8 times (x 72B)
Class com.amazon.ion.impl.bin.IonRawBinaryWriter$PreallocationMode                    : loaded 8 times (x 83B)
Class com.amazon.ion.util.InputStreamInterceptor                                      : loaded 8 times (x 72B)
Class com.amazon.ion.impl.lite.IonSystemLite                                          : loaded 8 times (x 277B)
Class com.android.ide.common.repository.AgpVersion$Companion$WhenMappings             : loaded 8 times (x 73B)
Class com.amazon.ion.impl._Private_LocalSymbolTable                                   : loaded 8 times (x 72B)
Class com.amazon.ion.BufferConfiguration$DataHandler                                  : loaded 8 times (x 72B)
Class com.google.common.collect.ImmutableSortedSet                                    : loaded 8 times (x 302B)
Class com.amazon.ion.impl._Private_IonBinaryWriterBuilder                             : loaded 8 times (x 117B)
Class com.amazon.ion.impl.bin.IonManagedBinaryWriter$UserState$1                      : loaded 8 times (x 87B)
Class com.amazon.ion.impl.lite.IonFloatLite                                           : loaded 8 times (x 189B)
Class com.android.builder.model.v2.ide.Library                                        : loaded 8 times (x 72B)
Class com.android.builder.model.v2.ide.ArtifactDependenciesAdjacencyList              : loaded 8 times (x 72B)
Class com.amazon.ion.impl.bin.BlockAllocatorProvider                                  : loaded 8 times (x 74B)
Class com.amazon.ion.BufferConfiguration$OversizedValueHandler                        : loaded 8 times (x 72B)
Class com.amazon.ion.impl._Private_IonSystem                                          : loaded 8 times (x 72B)
Class com.amazon.ion.impl.bin.utf8.Utf8StringEncoderPool                              : loaded 8 times (x 76B)
Class org.jetbrains.plugins.gradle.model.GradleConfiguration                          : loaded 8 times (x 72B)
Class com.amazon.ion.impl.IonWriterSystem                                             : loaded 8 times (x 172B)
Class com.amazon.ion.IonDatagram                                                      : loaded 8 times (x 72B)
Class com.amazon.ion.impl.bin.IonManagedBinaryWriter$ImportedSymbolResolverMode$1$1   : loaded 8 times (x 80B)
Class com.android.builder.model.v2.models.AndroidDsl                                  : loaded 8 times (x 72B)
Class com.google.common.collect.ImmutableRangeSet                                     : loaded 8 times (x 117B)
Class com.amazon.ion.impl._Private_ByteTransferSink                                   : loaded 8 times (x 72B)
Class com.android.ide.common.gradle.Version$Companion$ParseState$EMPTY                : loaded 8 times (x 76B)
Class com.android.builder.model.v2.ide.ViewBindingOptions                             : loaded 8 times (x 72B)
Class com.amazon.ion.impl.IonWriterSystemTextMarkup                                   : loaded 8 times (x 193B)
Class com.amazon.ion.impl.bin.BlockAllocator                                          : loaded 8 times (x 82B)
Class [Lcom.android.builder.model.v2.ide.ProjectType;                                 : loaded 8 times (x 71B)
Class com.android.builder.model.v2.models.Versions                                    : loaded 8 times (x 72B)
Class [Lcom.android.builder.model.v2.ide.LibraryType;                                 : loaded 8 times (x 71B)
Class com.google.common.collect.Range                                                 : loaded 8 times (x 88B)
Class com.amazon.ion.impl.bin.Symbols$2                                               : loaded 8 times (x 109B)
Class com.amazon.ion.impl.bin._Private_IonManagedWriter                               : loaded 8 times (x 72B)
Class com.amazon.ion.impl.SharedSymbolTable                                           : loaded 8 times (x 95B)
Class com.android.builder.model.v2.ide.LibraryType                                    : loaded 8 times (x 81B)
Class kotlin.text.CharsKt                                                             : loaded 7 times (x 73B)
Class kotlin.TuplesKt                                                                 : loaded 7 times (x 73B)
Class kotlin.jvm.internal.markers.KMutableIterable                                    : loaded 7 times (x 72B)
Class kotlin.Unit                                                                     : loaded 7 times (x 73B)
Class kotlin.sequences.SequencesKt___SequencesJvmKt                                   : loaded 7 times (x 73B)
Class org.gradle.tooling.model.kotlin.dsl.KotlinDslScriptModel                        : loaded 7 times (x 72B)
Class kotlin.collections.AbstractIterator                                             : loaded 7 times (x 85B)
Class kotlin.sequences.SequencesKt___SequencesKt$sortedWith$1                         : loaded 7 times (x 77B)
Class kotlin.text.StringsKt__AppendableKt                                             : loaded 7 times (x 73B)
Class kotlin.collections.CollectionsKt___CollectionsJvmKt                             : loaded 7 times (x 73B)
Class kotlin.ranges.OpenEndRange                                                      : loaded 7 times (x 72B)
Class kotlin.jvm.internal.FunctionReferenceImpl                                       : loaded 7 times (x 128B)
Class kotlin.sequences.SequenceBuilderIterator                                        : loaded 7 times (x 87B)
Class org.gradle.tooling.internal.gradle.DefaultProjectIdentifier                     : loaded 7 times (x 88B)
Class kotlin.KotlinNullPointerException                                               : loaded 7 times (x 84B)
Class com.android.builder.model.v2.ide.SyncIssue                                      : loaded 7 times (x 72B)
Class kotlin.ranges.RangesKt___RangesKt                                               : loaded 7 times (x 73B)
Class org.gradle.tooling.model.idea.IdeaLanguageLevel                                 : loaded 7 times (x 72B)
Class org.gradle.tooling.internal.adapter.ProtocolToModelAdapter$SafeMethodInvoker    : loaded 7 times (x 78B)
Class org.gradle.tooling.internal.adapter.WeakIdentityHashMap$WeakKey                 : loaded 7 times (x 82B)
Class org.gradle.internal.exceptions.DefaultMultiCauseException                       : loaded 7 times (x 97B)
Class kotlin.UninitializedPropertyAccessException                                     : loaded 7 times (x 84B)
Class org.gradle.internal.time.DefaultTimer                                           : loaded 7 times (x 82B)
Class kotlin.Metadata                                                                 : loaded 7 times (x 72B)
Class org.gradle.tooling.model.gradle.GradleBuild                                     : loaded 7 times (x 72B)
Class kotlin.collections.CollectionsKt__CollectionsKt                                 : loaded 7 times (x 73B)
Class kotlin.collections.ArraysKt___ArraysJvmKt                                       : loaded 7 times (x 73B)
Class org.gradle.tooling.model.ProjectModel                                           : loaded 7 times (x 72B)
Class kotlin.text.MatchResult$Destructured                                            : loaded 7 times (x 74B)
Class kotlin.text.Regex$Companion                                                     : loaded 7 times (x 73B)
Class kotlin.collections.CollectionsKt__IterablesKt                                   : loaded 7 times (x 73B)
Class kotlin.coroutines.intrinsics.CoroutineSingletons                                : loaded 7 times (x 81B)
Class kotlin.collections.MapsKt                                                       : loaded 7 times (x 73B)
Class com.google.common.collect.AllEqualOrdering                                      : loaded 7 times (x 116B)
Class com.google.common.collect.ComparisonChain$1                                     : loaded 7 times (x 83B)
Class kotlin.sequences.SequencesKt___SequencesKt$flatMap$2                            : loaded 7 times (x 131B)
Class kotlin.text.StringsKt__RegexExtensionsJVMKt                                     : loaded 7 times (x 73B)
Class org.gradle.tooling.internal.adapter.ProtocolToModelAdapter$DefaultViewBuilder   : loaded 7 times (x 82B)
Class com.google.common.collect.Ordering                                              : loaded 7 times (x 116B)
Class kotlin.text.CharsKt__CharKt                                                     : loaded 7 times (x 73B)
Class org.gradle.tooling.internal.adapter.CollectionMapper                            : loaded 7 times (x 75B)
Class kotlin.collections.EmptyList                                                    : loaded 7 times (x 176B)
Class kotlin.collections.MapsKt__MapsJVMKt                                            : loaded 7 times (x 73B)
Class kotlin.collections.ArrayDeque$Companion                                         : loaded 7 times (x 73B)
Class kotlin.collections.ArraysKt                                                     : loaded 7 times (x 73B)
Class org.gradle.tooling.model.HierarchicalElement                                    : loaded 7 times (x 72B)
Class kotlin.jvm.internal.Intrinsics                                                  : loaded 7 times (x 73B)
Class org.gradle.internal.time.CountdownTimer                                         : loaded 7 times (x 72B)
Class org.gradle.internal.exceptions.MultiCauseException                              : loaded 7 times (x 72B)
Class kotlin.coroutines.intrinsics.IntrinsicsKt                                       : loaded 7 times (x 73B)
Class kotlin.jvm.internal.markers.KMutableCollection                                  : loaded 7 times (x 72B)
Class kotlin.reflect.KAnnotatedElement                                                : loaded 7 times (x 72B)
Class kotlin.collections.EmptyMap                                                     : loaded 7 times (x 110B)
Class kotlin.text.MatcherMatchResult$groups$1                                         : loaded 7 times (x 153B)
Class org.gradle.util.internal.DefaultGradleVersion                                   : loaded 7 times (x 84B)
Class kotlin.ranges.IntRange$Companion                                                : loaded 7 times (x 73B)
Class org.gradle.tooling.internal.adapter.ProtocolToModelAdapter$ViewKey              : loaded 7 times (x 74B)
Class kotlin.Result$Companion                                                         : loaded 7 times (x 73B)
Class kotlin.coroutines.jvm.internal.BaseContinuationImpl                             : loaded 7 times (x 89B)
Class kotlin.comparisons.ComparisonsKt___ComparisonsKt                                : loaded 7 times (x 73B)
Class com.google.common.collect.ByFunctionOrdering                                    : loaded 7 times (x 117B)
Class kotlin.comparisons.ComparisonsKt                                                : loaded 7 times (x 73B)
Class kotlin.text.CharsKt__CharJVMKt                                                  : loaded 7 times (x 73B)
Class kotlin.collections.SetsKt__SetsKt                                               : loaded 7 times (x 73B)
Class kotlin.coroutines.EmptyCoroutineContext                                         : loaded 7 times (x 79B)
Class org.gradle.internal.time.Time                                                   : loaded 7 times (x 73B)
Class kotlin.sequences.FilteringSequence                                              : loaded 7 times (x 77B)
Class org.gradle.tooling.model.Model                                                  : loaded 7 times (x 72B)
Class kotlin.collections.AbstractList$Companion                                       : loaded 7 times (x 73B)
Class kotlin.sequences.SequencesKt___SequencesKt                                      : loaded 7 times (x 73B)
Class kotlin.text.MatcherMatchResult$groupValues$1                                    : loaded 7 times (x 200B)
Class com.google.common.collect.ReverseNaturalOrdering                                : loaded 7 times (x 116B)
Class kotlin.coroutines.Continuation                                                  : loaded 7 times (x 72B)
Class com.google.common.collect.Iterators$PeekingImpl                                 : loaded 7 times (x 87B)
Class com.google.common.collect.ComparatorOrdering                                    : loaded 7 times (x 117B)
Class kotlin.collections.ArraysKt__ArraysJVMKt                                        : loaded 7 times (x 73B)
Class kotlin.sequences.SequencesKt__SequencesKt                                       : loaded 7 times (x 73B)
Class kotlin.collections.SetsKt___SetsKt                                              : loaded 7 times (x 73B)
Class kotlin.collections.MapsKt__MapsKt                                               : loaded 7 times (x 73B)
Class kotlin.ranges.RangesKt__RangesKt                                                : loaded 7 times (x 73B)
Class org.gradle.internal.time.MonotonicClock                                         : loaded 7 times (x 79B)
Class kotlin.text.StringsKt__StringBuilderKt                                          : loaded 7 times (x 73B)
Class kotlin.comparisons.ComparisonsKt__ComparisonsKt                                 : loaded 7 times (x 73B)
Class kotlin.jvm.internal.CallableReference$NoReceiver                                : loaded 7 times (x 73B)
Class kotlin.jvm.internal.FunctionReference                                           : loaded 7 times (x 128B)
Class kotlin.collections.ArrayDeque                                                   : loaded 7 times (x 209B)
Class kotlin.reflect.KFunction                                                        : loaded 7 times (x 72B)
Class com.google.common.collect.NullsFirstOrdering                                    : loaded 7 times (x 117B)
Class [Lkotlin.coroutines.intrinsics.CoroutineSingletons;                             : loaded 7 times (x 71B)
Class kotlin.ranges.RangesKt                                                          : loaded 7 times (x 73B)
Class org.gradle.tooling.internal.adapter.ProtocolToModelAdapter$ViewGraphDetails$1   : loaded 7 times (x 79B)
Class kotlin.jvm.internal.FunctionBase                                                : loaded 7 times (x 72B)
Class kotlin.enums.EnumEntriesList                                                    : loaded 7 times (x 225B)
Class kotlin.jvm.internal.KotlinGenericDeclaration                                    : loaded 7 times (x 72B)
Class kotlin.reflect.KCallable                                                        : loaded 7 times (x 72B)
Class kotlin.io.FilesKt__FilePathComponentsKt                                         : loaded 7 times (x 73B)
Class kotlin.io.TerminateException                                                    : loaded 7 times (x 84B)
Class kotlin.jvm.internal.Intrinsics$Kotlin                                           : loaded 7 times (x 73B)
Class org.gradle.tooling.internal.adapter.ObjectGraphAdapter                          : loaded 7 times (x 72B)
Class org.gradle.tooling.model.BuildIdentifier                                        : loaded 7 times (x 72B)
Class kotlin.ResultKt                                                                 : loaded 7 times (x 73B)
Class kotlin.collections.AbstractList$SubList                                         : loaded 7 times (x 200B)
Class kotlin.NoWhenBranchMatchedException                                             : loaded 7 times (x 84B)
Class org.gradle.tooling.internal.adapter.ProtocolToModelAdapter$PropertyCachingMethodInvoker: loaded 7 times (x 78B)
Class org.gradle.tooling.model.ProjectIdentifier                                      : loaded 7 times (x 72B)
Class org.gradle.tooling.model.internal.ImmutableDomainObjectSet                      : loaded 7 times (x 157B)
Class kotlin.jvm.internal.CallableReference                                           : loaded 7 times (x 112B)
Class kotlin.Triple                                                                   : loaded 7 times (x 74B)
Class org.gradle.tooling.model.BuildableElement                                       : loaded 7 times (x 72B)
Class org.gradle.tooling.model.HasGradleProject                                       : loaded 7 times (x 72B)
Class kotlin.jvm.internal.markers.KMutableList                                        : loaded 7 times (x 72B)
Class kotlin.sequences.SequencesKt__SequenceBuilderKt$sequence$$inlined$Sequence$1    : loaded 7 times (x 77B)
Class kotlin.enums.EnumEntriesKt                                                      : loaded 7 times (x 73B)
Class kotlin.text.Regex                                                               : loaded 7 times (x 74B)
Class kotlin.collections.CollectionsKt__MutableCollectionsJVMKt                       : loaded 7 times (x 73B)
Class kotlin.text.MatchNamedGroupCollection                                           : loaded 7 times (x 72B)
Class com.google.common.collect.NullsLastOrdering                                     : loaded 7 times (x 117B)
Class kotlin.text.StringsKt___StringsKt                                               : loaded 7 times (x 73B)
Class com.google.common.collect.UsingToStringOrdering                                 : loaded 7 times (x 116B)
Class kotlin.collections.SetsKt                                                       : loaded 7 times (x 73B)
Class kotlin.text.StringsKt__StringBuilderJVMKt                                       : loaded 7 times (x 73B)
Class kotlin.text.StringsKt__IndentKt                                                 : loaded 7 times (x 73B)
Class org.gradle.tooling.internal.adapter.ProtocolToModelAdapter                      : loaded 7 times (x 82B)
Class org.gradle.internal.operations.MultipleBuildOperationFailures                   : loaded 7 times (x 97B)
Class org.gradle.tooling.internal.adapter.MethodInvocation                            : loaded 7 times (x 87B)
Class kotlin.sequences.TransformingSequence                                           : loaded 7 times (x 77B)
Class kotlin.ranges.IntRange                                                          : loaded 7 times (x 95B)
Class kotlin.sequences.FlatteningSequence$iterator$1                                  : loaded 7 times (x 81B)
Class org.gradle.tooling.model.idea.IdeaDependencyScope                               : loaded 7 times (x 72B)
Class kotlin.io.FilesKt__FileReadWriteKt                                              : loaded 7 times (x 73B)
Class org.gradle.internal.time.TimeSource                                             : loaded 7 times (x 72B)
Class org.gradle.tooling.model.kotlin.dsl.KotlinDslScriptsModel                       : loaded 7 times (x 72B)
Class kotlin.text.StringsKt__StringNumberConversionsJVMKt                             : loaded 7 times (x 73B)
Class kotlin.text.StringsKt__StringNumberConversionsKt                                : loaded 7 times (x 73B)
Class com.google.common.collect.NaturalOrdering                                       : loaded 7 times (x 117B)
Class org.gradle.tooling.model.Dependency                                             : loaded 7 times (x 72B)
Class kotlin.text.MatchResult                                                         : loaded 7 times (x 72B)
Class kotlin.collections.AbstractCollection                                           : loaded 7 times (x 119B)
Class kotlin.collections.AbstractList                                                 : loaded 7 times (x 199B)
Class kotlin.sequences.SequenceScope                                                  : loaded 7 times (x 75B)
Class kotlin.sequences.Sequence                                                       : loaded 7 times (x 72B)
Class org.gradle.tooling.ToolingModelContract                                         : loaded 7 times (x 72B)
Class kotlin.comparisons.ComparisonsKt___ComparisonsJvmKt                             : loaded 7 times (x 73B)
Class org.gradle.api.JavaVersion                                                      : loaded 7 times (x 81B)
Class com.google.common.collect.ImmutableSortedAsList                                 : loaded 7 times (x 223B)
Class kotlin.text.RegexKt                                                             : loaded 7 times (x 73B)
Class kotlin.collections.CollectionsKt__IteratorsJVMKt                                : loaded 7 times (x 73B)
Class kotlin.coroutines.intrinsics.IntrinsicsKt__IntrinsicsKt                         : loaded 7 times (x 73B)
Class com.google.common.collect.ReverseOrdering                                       : loaded 7 times (x 117B)
Class org.gradle.tooling.model.build.JavaEnvironment                                  : loaded 7 times (x 72B)
Class kotlin.collections.IntIterator                                                  : loaded 7 times (x 84B)
Class kotlin.text.StringsKt__StringsJVMKt                                             : loaded 7 times (x 73B)
Class Build_gradle                                                                    : loaded 7 times (x 128B)
Class org.gradle.tooling.model.Element                                                : loaded 7 times (x 72B)
Class org.gradle.tooling.internal.adapter.ProtocolToModelAdapter$NoOpDecoration       : loaded 7 times (x 81B)
Class org.gradle.tooling.internal.adapter.TypeInspector                               : loaded 7 times (x 75B)
Class org.gradle.internal.time.Timer                                                  : loaded 7 times (x 72B)
Class kotlin.jvm.functions.Function0                                                  : loaded 7 times (x 72B)
Class org.gradle.tooling.internal.adapter.ProtocolToModelAdapter$ReflectionMethodInvoker: loaded 7 times (x 78B)
Class kotlin.jvm.internal.markers.KMappedMarker                                       : loaded 7 times (x 72B)
Class kotlin.collections.MapsKt__MapWithDefaultKt                                     : loaded 7 times (x 73B)
Class kotlin.collections.ArraysUtilJVM                                                : loaded 7 times (x 73B)
Class kotlin.coroutines.jvm.internal.RestrictedSuspendLambda                          : loaded 7 times (x 93B)
Class kotlin.sequences.SequencesKt__SequencesJVMKt                                    : loaded 7 times (x 73B)
Class com.google.common.collect.CompoundOrdering                                      : loaded 7 times (x 117B)
Class kotlin.collections.ArraysKt__ArraysKt                                           : loaded 7 times (x 73B)
Class org.gradle.tooling.internal.adapter.TargetTypeProvider                          : loaded 7 times (x 72B)
Class kotlin.io.FilePathComponents                                                    : loaded 7 times (x 74B)
Class org.gradle.tooling.model.eclipse.EclipseProject                                 : loaded 7 times (x 72B)
Class kotlin.io.FilesKt__UtilsKt                                                      : loaded 7 times (x 73B)
Class com.google.common.collect.Lists$TransformingRandomAccessList                    : loaded 7 times (x 201B)
Class org.gradle.tooling.model.idea.IdeaDependency                                    : loaded 7 times (x 72B)
Class kotlin.ranges.IntProgression$Companion                                          : loaded 7 times (x 73B)
Class kotlin.Result$Failure                                                           : loaded 7 times (x 74B)
Class kotlin.collections.ArraysKt___ArraysKt                                          : loaded 7 times (x 73B)
Class kotlin.collections.MapsKt___MapsKt                                              : loaded 7 times (x 73B)
Class org.gradle.internal.time.DefaultCountdownTimer                                  : loaded 7 times (x 90B)
Class kotlin.io.FilesKt                                                               : loaded 7 times (x 73B)
Class [Lkotlin.Pair;                                                                  : loaded 7 times (x 71B)
Class org.gradle.tooling.internal.gradle.GradleBuildIdentity                          : loaded 7 times (x 72B)
Class kotlin.collections.CollectionsKt__CollectionsJVMKt                              : loaded 7 times (x 73B)
Class kotlin.coroutines.jvm.internal.SpillingKt                                       : loaded 7 times (x 73B)
Class org.gradle.tooling.model.BuildModel                                             : loaded 7 times (x 72B)
Class org.gradle.tooling.internal.adapter.ProtocolToModelAdapter$ViewGraphDetails     : loaded 7 times (x 74B)
Class org.gradle.tooling.model.idea.IdeaProject                                       : loaded 7 times (x 72B)
Class org.gradle.tooling.model.idea.BasicIdeaProject                                  : loaded 7 times (x 72B)
Class org.gradle.tooling.model.DomainObjectSet                                        : loaded 7 times (x 72B)
Class org.gradle.internal.time.Clock                                                  : loaded 7 times (x 72B)
Class com.google.common.collect.ComparisonChain$InactiveComparisonChain               : loaded 7 times (x 82B)
Class kotlin.coroutines.jvm.internal.SuspendFunction                                  : loaded 7 times (x 72B)
Class kotlin.collections.EmptyIterator                                                : loaded 7 times (x 91B)
Class org.gradle.util.GradleVersion                                                   : loaded 7 times (x 83B)
Class org.gradle.tooling.model.eclipse.HierarchicalEclipseProject                     : loaded 7 times (x 72B)
Class kotlin.text.StringsKt__RegexExtensionsKt                                        : loaded 7 times (x 73B)
Class kotlin.ranges.ClosedRange                                                       : loaded 7 times (x 72B)
Class kotlin.collections.CollectionsKt__MutableCollectionsKt                          : loaded 7 times (x 73B)
Class org.gradle.tooling.internal.adapter.ProtocolToModelAdapter$InvocationHandlerImpl: loaded 7 times (x 79B)
Class kotlin.annotation.Retention                                                     : loaded 7 times (x 72B)
Class kotlin.reflect.KDeclarationContainer                                            : loaded 7 times (x 72B)
Class org.gradle.tooling.model.build.GradleEnvironment                                : loaded 7 times (x 72B)
Class kotlin.Result                                                                   : loaded 7 times (x 74B)
Class kotlin.jvm.internal.Ref$BooleanRef                                              : loaded 7 times (x 73B)
Class org.gradle.tooling.model.GradleProject                                          : loaded 7 times (x 72B)
Class kotlin.jvm.internal.StringCompanionObject                                       : loaded 7 times (x 73B)
Class kotlin.collections.CollectionsKt___CollectionsKt$asSequence$$inlined$Sequence$1 : loaded 7 times (x 77B)
Class kotlin.coroutines.intrinsics.IntrinsicsKt__IntrinsicsJvmKt                      : loaded 7 times (x 73B)
Class kotlin.coroutines.jvm.internal.CoroutineStackFrame                              : loaded 7 times (x 72B)
Class org.gradle.tooling.internal.adapter.ProtocolToModelAdapter$MethodInvocationCache$MethodInvocationKey: loaded 7 times (x 75B)
Class org.gradle.tooling.model.gradle.ProjectPublications                             : loaded 7 times (x 72B)
Class kotlin.enums.EnumEntries                                                        : loaded 7 times (x 72B)
Class org.gradle.tooling.internal.gradle.GradleProjectIdentity                        : loaded 7 times (x 72B)
Class kotlin.collections.AbstractMutableList                                          : loaded 7 times (x 208B)
Class kotlin.text.StringsKt___StringsJvmKt                                            : loaded 7 times (x 73B)
Class kotlin.jvm.functions.Function1                                                  : loaded 7 times (x 72B)
Class kotlin.io.NoSuchFileException                                                   : loaded 7 times (x 84B)
Class kotlin.collections.CollectionsKt                                                : loaded 7 times (x 73B)
Class kotlin.ranges.IntProgressionIterator                                            : loaded 7 times (x 84B)
Class kotlin.jvm.internal.DefaultConstructorMarker                                    : loaded 7 times (x 73B)
Class kotlin.coroutines.CoroutineContext                                              : loaded 7 times (x 72B)
Class org.gradle.internal.time.TimeSource$1                                           : loaded 7 times (x 79B)
Class kotlin.coroutines.jvm.internal.DebugProbesKt                                    : loaded 7 times (x 73B)
Class kotlin.sequences.DistinctSequence                                               : loaded 7 times (x 77B)
Class kotlin.sequences.SequencesKt                                                    : loaded 7 times (x 73B)
Class kotlin.collections.CollectionsKt__IteratorsKt                                   : loaded 7 times (x 73B)
Class kotlin.collections.SetsKt__SetsJVMKt                                            : loaded 7 times (x 73B)
Class kotlin.collections.CollectionsKt__ReversedViewsKt                               : loaded 7 times (x 73B)
Class kotlin.sequences.SequencesKt__SequenceBuilderKt                                 : loaded 7 times (x 73B)
Class kotlin.io.FilesKt__FileTreeWalkKt                                               : loaded 7 times (x 73B)
Class org.gradle.tooling.internal.adapter.ViewBuilder                                 : loaded 7 times (x 72B)
Class org.gradle.tooling.model.idea.IdeaModuleDependency                              : loaded 7 times (x 72B)
Class org.gradle.internal.exceptions.NonGradleCauseExceptionsHolder                   : loaded 7 times (x 72B)
Class kotlin.jvm.internal.CollectionToArray                                           : loaded 7 times (x 73B)
Class kotlin.sequences.FilteringSequence$iterator$1                                   : loaded 7 times (x 81B)
Class org.gradle.tooling.internal.adapter.ProtocolToModelAdapter$MixInMappingAction   : loaded 7 times (x 82B)
Class org.gradle.tooling.internal.adapter.WeakIdentityHashMap                         : loaded 7 times (x 78B)
Class kotlin.collections.CollectionsKt___CollectionsKt                                : loaded 7 times (x 73B)
Class kotlin.annotation.Target                                                        : loaded 7 times (x 72B)
Class org.gradle.tooling.GradleConnectionException                                    : loaded 7 times (x 85B)
Class kotlin.collections.EmptySet                                                     : loaded 7 times (x 124B)
Class kotlin.coroutines.jvm.internal.RestrictedContinuationImpl                       : loaded 7 times (x 89B)
Class kotlin.jvm.functions.Function4                                                  : loaded 7 times (x 72B)
Class org.gradle.util.internal.DefaultGradleVersion$Stage                             : loaded 7 times (x 77B)
Class kotlin.Function                                                                 : loaded 7 times (x 72B)
Class org.gradle.tooling.internal.adapter.ProtocolToModelAdapter$1                    : loaded 7 times (x 77B)
Class org.gradle.tooling.internal.adapter.ProtocolToModelAdapter$ViewDecoration       : loaded 7 times (x 72B)
Class org.gradle.tooling.internal.adapter.ProtocolToModelAdapter$AdaptingMethodInvoker: loaded 7 times (x 78B)
Class org.gradle.tooling.internal.gradle.DefaultBuildIdentifier                       : loaded 7 times (x 81B)
Class com.google.common.collect.ForwardingCollection                                  : loaded 7 times (x 132B)
Class com.google.common.collect.LexicographicalOrdering                               : loaded 7 times (x 117B)
Class kotlin.text.StringsKt                                                           : loaded 7 times (x 73B)
Class kotlin.KotlinNothingValueException                                              : loaded 7 times (x 84B)
Class org.gradle.internal.exceptions.ResolutionProvider                               : loaded 7 times (x 72B)
Class org.gradle.tooling.internal.adapter.MethodInvoker                               : loaded 7 times (x 72B)
Class org.gradle.tooling.internal.adapter.WeakIdentityHashMap$AbsentValueProvider     : loaded 7 times (x 72B)
Class com.google.common.collect.ComparisonChain                                       : loaded 7 times (x 82B)
Class kotlin.io.FileSystemException                                                   : loaded 7 times (x 84B)
Class kotlin.collections.MapsKt___MapsJvmKt                                           : loaded 7 times (x 73B)
Class kotlin.ranges.IntProgression                                                    : loaded 7 times (x 83B)
Class kotlin.jvm.KotlinReflectionNotSupportedError                                    : loaded 7 times (x 84B)
Class kotlin.jvm.functions.Function2                                                  : loaded 7 times (x 72B)
Class org.gradle.tooling.model.gradle.GradleScript                                    : loaded 7 times (x 72B)
Class kotlin.sequences.TransformingSequence$iterator$1                                : loaded 7 times (x 81B)
Class kotlin.sequences.DistinctIterator                                               : loaded 7 times (x 85B)
Class kotlin.Pair                                                                     : loaded 7 times (x 74B)
Class org.gradle.tooling.internal.adapter.ProtocolToModelAdapter$SupportedPropertyInvoker: loaded 7 times (x 78B)
Class org.gradle.tooling.model.UnsupportedMethodException                             : loaded 7 times (x 84B)
Class kotlin.internal.ProgressionUtilKt                                               : loaded 7 times (x 73B)
Class kotlin.io.FileAlreadyExistsException                                            : loaded 7 times (x 84B)
Class kotlin.text.MatchResult$DefaultImpls                                            : loaded 7 times (x 73B)
Class org.gradle.tooling.model.idea.IdeaCompilerOutput                                : loaded 7 times (x 72B)
Class kotlin.NotImplementedError                                                      : loaded 7 times (x 84B)
Class kotlin.sequences.FlatteningSequence                                             : loaded 7 times (x 77B)
Class kotlin.text.MatcherMatchResult                                                  : loaded 7 times (x 82B)
Class com.google.common.collect.ExplicitOrdering                                      : loaded 7 times (x 117B)
Class kotlin.text.MatchGroupCollection                                                : loaded 7 times (x 72B)
Class kotlin.text.StringsKt__StringsKt                                                : loaded 7 times (x 73B)
Class org.gradle.tooling.internal.adapter.ProtocolToModelAdapter$MethodInvocationCache: loaded 7 times (x 75B)
Class org.gradle.tooling.BuildController                                              : loaded 6 times (x 72B)
Class com.android.tools.idea.gradle.project.sync.SyncProjectActionOptions             : loaded 6 times (x 75B)
Class com.android.tools.idea.gradle.project.sync.HasBasicGradleProject                : loaded 6 times (x 72B)
Class io.opentelemetry.context.ForwardingExecutorService                              : loaded 6 times (x 106B)
Class com.android.tools.idea.gradle.model.IdeVariantHeader                            : loaded 6 times (x 72B)
Class org.gradle.tooling.internal.consumer.converters.FixedBuildIdentifierProvider    : loaded 6 times (x 77B)
Class com.android.tools.idea.gradle.project.sync.ModelFetchersKt                      : loaded 6 times (x 73B)
Class com.android.tools.idea.gradle.project.sync.ModelCacheV2ImplKt$modelCacheV2Impl$createFromDependencies$1$LibraryWithDependencies: loaded 6 times (x 74B)
Class com.android.tools.idea.gradle.project.sync.ModelVersions                        : loaded 6 times (x 74B)
Class com.android.tools.idea.gradle.model.impl.IdeViewBindingOptionsImpl              : loaded 6 times (x 76B)
Class com.google.common.collect.Cut$AboveValue                                        : loaded 6 times (x 90B)
Class com.android.tools.idea.gradle.project.upgrade.AndroidGradlePluginCompatibility  : loaded 6 times (x 81B)
Class com.android.tools.idea.gradle.project.sync.BasicModulesKt                       : loaded 6 times (x 73B)
Class com.android.tools.idea.gradle.model.impl.IdeSourceProviderContainerImpl         : loaded 6 times (x 78B)
Class com.intellij.util.containers.UtilKt                                             : loaded 6 times (x 73B)
Class com.google.common.collect.SortedLists$KeyAbsentBehavior                         : loaded 6 times (x 82B)
Class com.android.tools.idea.gradle.project.sync.ModelResult                          : loaded 6 times (x 74B)
Class com.android.tools.idea.gradle.model.IdeUnresolvedAndroidLibrary                 : loaded 6 times (x 72B)
Class org.gradle.tooling.internal.consumer.converters.BackwardsCompatibleIdeaModuleDependency: loaded 6 times (x 72B)
Class com.google.gson.Strictness                                                      : loaded 6 times (x 81B)
Class com.intellij.openapi.util.io.FileTooBigException                                : loaded 6 times (x 84B)
Class com.android.ide.common.gradle.Module                                            : loaded 6 times (x 74B)
Class com.android.tools.idea.gradle.project.sync.VariantSelectionKt                   : loaded 6 times (x 73B)
Class com.android.tools.idea.gradle.project.sync.AndroidSyncException                 : loaded 6 times (x 84B)
Class com.android.tools.idea.gradle.project.sync.AndroidProjectResult$V2Project       : loaded 6 times (x 79B)
Class com.android.tools.idea.gradle.project.sync.LibraryIdentity$LibraryIdentityProvider$special$$inlined$thenBy$1: loaded 6 times (x 92B)
Class com.android.tools.idea.gradle.project.sync.BuildId                              : loaded 6 times (x 74B)
Class com.android.tools.idea.gradle.project.sync.AndroidProjectResult                 : loaded 6 times (x 78B)
Class com.android.tools.idea.gradle.model.IdeExtraSourceProvider                      : loaded 6 times (x 72B)
Class com.android.tools.idea.gradle.model.IdeAaptOptions$Namespacing                  : loaded 6 times (x 81B)
Class com.android.tools.idea.gradle.model.IdeApiVersion                               : loaded 6 times (x 72B)
Class com.android.tools.idea.gradle.project.sync.NativeVariantAbiResult$V2            : loaded 6 times (x 74B)
Class com.android.tools.idea.gradle.project.sync.ModelProviderCachedData              : loaded 6 times (x 74B)
Class com.android.tools.idea.gradle.model.IdeAndroidProject                           : loaded 6 times (x 72B)
Class com.android.tools.idea.gradle.project.sync.SyncTestMode                         : loaded 6 times (x 81B)
Class org.jetbrains.plugins.gradle.model.ExternalSourceDirectorySet                   : loaded 6 times (x 72B)
Class com.android.tools.idea.gradle.model.IdeUnresolvedUnknownLibrary                 : loaded 6 times (x 72B)
Class com.intellij.openapi.util.io.FileUtil$2                                         : loaded 6 times (x 84B)
Class com.android.tools.idea.gradle.project.sync.ModelCacheV2ImplKt$modelCacheV2Impl$variantCoreFrom$12: loaded 6 times (x 131B)
Class com.android.tools.idea.gradle.project.sync.ModelResult$Companion                : loaded 6 times (x 73B)
Class com.android.tools.idea.gradle.project.sync.AndroidProjectResultKt               : loaded 6 times (x 73B)
Class com.android.tools.idea.gradle.project.sync.ModuleConfiguration                  : loaded 6 times (x 74B)
Class org.gradle.tooling.model.eclipse.EclipseExternalDependency                      : loaded 6 times (x 72B)
Class org.gradle.tooling.internal.adapter.ProtocolToModelAdapter$TypeSpecificMappingAction: loaded 6 times (x 83B)
Class org.gradle.tooling.internal.consumer.versioning.VersionDetails$R35VersionDetails: loaded 6 times (x 82B)
Class org.gradle.tooling.internal.consumer.versioning.ModelMapping                    : loaded 6 times (x 75B)
Class org.gradle.tooling.internal.consumer.converters.BasicGradleProjectIdentifierMixin: loaded 6 times (x 75B)
Class com.android.tools.idea.gradle.project.sync.VariantDetailsKt                     : loaded 6 times (x 73B)
Class com.android.tools.idea.gradle.project.sync.IdeModelFactoryV2Kt                  : loaded 6 times (x 73B)
Class com.google.common.collect.SortedLists$KeyPresentBehavior                        : loaded 6 times (x 82B)
Class com.android.tools.idea.gradle.model.impl.IdeBuildTypeContainerImpl              : loaded 6 times (x 81B)
Class com.android.tools.idea.gradle.model.impl.ThrowingIdeDependencies                : loaded 6 times (x 80B)
Class com.android.tools.idea.gradle.model.IdeUnresolvedArtifactLibrary                : loaded 6 times (x 72B)
Class com.intellij.gradle.toolingExtension.impl.modelSerialization.ToolingSerializer  : loaded 6 times (x 74B)
Class com.android.tools.idea.gradle.model.IdeBuildTasksAndOutputInformation           : loaded 6 times (x 72B)
Class [Lcom.android.tools.idea.gradle.model.IdeAndroidProjectType;                    : loaded 6 times (x 71B)
Class org.jetbrains.kotlin.idea.gradleTooling.KotlinDslScriptModelProvider            : loaded 6 times (x 80B)
Class com.android.tools.idea.gradle.model.IdeVariantBuildInformation                  : loaded 6 times (x 72B)
Class com.android.builder.model.v2.ide.TestSuiteTestInfo                              : loaded 6 times (x 72B)
Class com.android.tools.idea.gradle.project.sync.AndroidExtraModelProviderKt$flattenDag$2: loaded 6 times (x 97B)
Class org.jetbrains.plugins.gradle.model.ProjectImportModelProvider$GradleModelConsumer$1: loaded 6 times (x 79B)
Class com.android.builder.model.v2.ide.BasicTestSuiteArtifact                         : loaded 6 times (x 72B)
Class com.android.builder.model.AndroidProject                                        : loaded 6 times (x 72B)
Class com.google.common.collect.TreeRangeSet                                          : loaded 6 times (x 117B)
Class org.jetbrains.kotlin.idea.gradleTooling.IdeaKotlinDependenciesContainer         : loaded 6 times (x 72B)
Class com.android.tools.idea.gradle.project.sync.DefaultVariantsKt$getDefaultVariant$$inlined$thenBy$2: loaded 6 times (x 92B)
Class com.android.tools.idea.gradle.model.impl.IdeAndroidProjectImpl                  : loaded 6 times (x 109B)
Class com.android.tools.idea.gradle.project.sync.VariantDiscovery                     : loaded 6 times (x 74B)
Class com.android.tools.idea.gradle.project.sync.DependencyGraphCompat                : loaded 6 times (x 73B)
Class com.android.tools.idea.gradle.project.sync.ModelCacheV2ImplKt$modelCacheV2Impl$1: loaded 6 times (x 82B)
Class com.android.tools.idea.gradle.project.sync.Modules                              : loaded 6 times (x 73B)
Class org.jetbrains.plugins.gradle.model.DefaultGradleLightBuild                      : loaded 6 times (x 84B)
Class com.intellij.openapi.util.io.FileUtil$1                                         : loaded 6 times (x 79B)
Class Settings_gradle                                                                 : loaded 6 times (x 126B)
Class [Lcom.android.tools.idea.gradle.project.upgrade.AndroidGradlePluginCompatibility;: loaded 6 times (x 71B)
Class com.android.tools.idea.gradle.model.impl.IdeModuleSourceSet                     : loaded 6 times (x 72B)
Class org.gradle.tooling.model.Task                                                   : loaded 6 times (x 72B)
Class com.android.tools.idea.gradle.model.impl.IdeCompositeBuildMapImpl               : loaded 6 times (x 78B)
Class org.jetbrains.kotlin.idea.projectModel.ExtraFeatures                            : loaded 6 times (x 72B)
Class com.android.tools.idea.gradle.project.sync.LibraryIdentity$LibraryIdentityProvider$Companion: loaded 6 times (x 73B)
Class com.android.tools.idea.gradle.project.sync.FetchedVariantResult                 : loaded 6 times (x 73B)
Class org.gradle.tooling.internal.adapter.ProtocolToModelAdapter$MixInTypeMappingAction: loaded 6 times (x 83B)
Class com.android.tools.idea.gradle.model.impl.IdeBuildTasksAndOutputInformationImpl  : loaded 6 times (x 82B)
Class com.android.tools.idea.gradle.project.sync.AndroidExtraModelProviderImpl        : loaded 6 times (x 74B)
Class com.android.tools.idea.gradle.model.IdeMultiVariantData                         : loaded 6 times (x 72B)
Class com.android.tools.idea.gradle.project.sync.BuildTypeDef                         : loaded 6 times (x 74B)
Class com.android.tools.idea.gradle.project.sync.IdeModelFactoryV2                    : loaded 6 times (x 74B)
Class com.android.tools.idea.gradle.project.sync.SyncActionRunner$Companion           : loaded 6 times (x 73B)
Class com.intellij.gradle.toolingExtension.impl.modelAction.GradleDaemonModelHolder$1 : loaded 6 times (x 80B)
Class com.android.tools.idea.gradle.project.sync.SyncActionRunner                     : loaded 6 times (x 78B)
Class com.google.common.collect.SortedLists$KeyAbsentBehavior$3                       : loaded 6 times (x 82B)
Class com.android.builder.model.v2.ide.TestSuiteArtifact                              : loaded 6 times (x 72B)
Class com.android.tools.idea.gradle.project.sync.GradleSyncStudioFlags                : loaded 6 times (x 74B)
Class org.gradle.tooling.internal.adapter.ProtocolToModelAdapter$MixInBeanMappingAction: loaded 6 times (x 83B)
Class com.intellij.openapi.util.io.FileUtil                                           : loaded 6 times (x 73B)
Class com.android.tools.idea.gradle.project.sync.AndroidExtraModelProviderKt          : loaded 6 times (x 73B)
Class org.jetbrains.kotlin.idea.projectModel.KotlinSwiftExportModel                   : loaded 6 times (x 72B)
Class com.android.builder.model.v2.models.TestSuiteSourceDependenciesAdjacencyList    : loaded 6 times (x 72B)
Class org.gradle.tooling.internal.consumer.converters.ConsumerTargetTypeProvider      : loaded 6 times (x 78B)
Class com.google.common.collect.Cut$BelowValue                                        : loaded 6 times (x 90B)
Class com.android.tools.idea.gradle.project.sync.JavaModule                           : loaded 6 times (x 80B)
Class com.android.tools.idea.gradle.project.sync.DefaultVariantsKt$getDefaultVariant$$inlined$thenBy$1: loaded 6 times (x 92B)
Class com.android.builder.model.v2.models.TestSuiteDependenciesAdjacencyList          : loaded 6 times (x 72B)
Class [Lcom.android.tools.idea.gradle.model.impl.IdeModuleSourceSet;                  : loaded 6 times (x 71B)
Class com.intellij.gradle.toolingExtension.modelAction.GradleBuildFinishedModelFetchPhase: loaded 6 times (x 83B)
Class com.intellij.gradle.toolingExtension.modelProvider.GradleClassBuildModelProvider: loaded 6 times (x 82B)
Class org.gradle.tooling.internal.consumer.connection.FetchAwareBuildControllerAdapter: loaded 6 times (x 114B)
Class com.android.tools.idea.gradle.model.IdeProductFlavor                            : loaded 6 times (x 72B)
Class com.android.tools.idea.gradle.project.sync.AndroidArtifactRef                   : loaded 6 times (x 74B)
Class com.android.tools.idea.gradle.project.sync.MeasurementCheckpoint                : loaded 6 times (x 81B)
Class com.intellij.openapi.diagnostic.Logger$DefaultFactory                           : loaded 6 times (x 76B)
Class org.jetbrains.plugins.gradle.model.DefaultBuildController                       : loaded 6 times (x 108B)
Class com.android.tools.idea.gradle.project.sync.SyncCounters                         : loaded 6 times (x 74B)
Class com.android.tools.idea.gradle.project.sync.ModelResult$Context                  : loaded 6 times (x 72B)
Class com.android.tools.idea.gradle.project.sync.ModelCacheV2ImplKt$modelCacheV2Impl$variantCoreFrom$15: loaded 6 times (x 131B)
Class com.android.tools.idea.gradle.model.IdeAndroidProjectType                       : loaded 6 times (x 81B)
Class com.android.tools.idea.gradle.project.sync.LibraryIdentity$Companion            : loaded 6 times (x 73B)
Class com.android.tools.idea.gradle.model.impl.IdeModuleWellKnownSourceSet            : loaded 6 times (x 85B)
Class com.android.tools.idea.gradle.project.sync.InternedModels                       : loaded 6 times (x 74B)
Class com.android.tools.idea.gradle.project.sync.BasicV2AndroidModuleGradleProject    : loaded 6 times (x 75B)
Class org.gradle.tooling.internal.consumer.connection.NestedActionAwareBuildControllerAdapter: loaded 6 times (x 114B)
Class org.gradle.tooling.internal.consumer.versioning.VersionDetails$R51VersionDetails: loaded 6 times (x 82B)
Class com.intellij.openapi.util.Pair                                                  : loaded 6 times (x 74B)
Class com.android.tools.idea.gradle.project.sync.AndroidProjectResult$Companion$RuntimeClasspathBehaviour: loaded 6 times (x 73B)
Class com.intellij.gradle.toolingExtension.modelAction.GradleModelFetchPhase$BuildFinished: loaded 6 times (x 72B)
Class org.jetbrains.kotlin.idea.projectModel.KotlinTarget$Companion                   : loaded 6 times (x 73B)
Class org.gradle.tooling.internal.adapter.ProtocolToModelAdapter$ClassMixInMethodInvoker: loaded 6 times (x 78B)
Class org.jetbrains.kotlin.idea.gradleTooling.AndroidAwareGradleModelProvider$populateModels$1: loaded 6 times (x 76B)
Class com.android.tools.idea.gradle.model.IdeBaseArtifactCore                         : loaded 6 times (x 72B)
Class com.android.tools.idea.gradle.model.IdeViewBindingOptions                       : loaded 6 times (x 72B)
Class com.android.tools.idea.gradle.project.sync.SyncProjectActionWorker$populateAndroidModels$2$variantDiscovery$1: loaded 6 times (x 80B)
Class org.gradle.tooling.internal.consumer.versioning.VersionDetails                  : loaded 6 times (x 82B)
Class com.android.tools.idea.gradle.model.impl.IdeMultiVariantDataImpl                : loaded 6 times (x 79B)
Class com.android.tools.idea.gradle.model.IdeUnresolvedJavaLibrary                    : loaded 6 times (x 72B)
Class com.android.tools.idea.gradle.project.sync.NativeVariantAbiResult               : loaded 6 times (x 73B)
Class com.google.common.collect.Cut$AboveAll                                          : loaded 6 times (x 90B)
Class com.google.common.collect.SortedLists$KeyAbsentBehavior$2                       : loaded 6 times (x 82B)
Class com.android.tools.idea.gradle.model.impl.IdeBuildImpl                           : loaded 6 times (x 78B)
Class [Lcom.android.tools.idea.gradle.model.IdeArtifactName;                          : loaded 6 times (x 71B)
Class com.intellij.gradle.toolingExtension.impl.modelSerialization.ToolingSerializerConverter: loaded 6 times (x 75B)
Class [Lcom.android.builder.model.v2.models.ndk.NativeBuildSystem;                    : loaded 6 times (x 71B)
Class [Lcom.android.tools.idea.gradle.model.ClasspathType;                            : loaded 6 times (x 71B)
Class [Lcom.android.tools.idea.gradle.project.sync.SyncTestMode;                      : loaded 6 times (x 71B)
Class Settings_gradle$1$1                                                             : loaded 6 times (x 76B)
Class io.opentelemetry.context.ContextExecutorService                                 : loaded 6 times (x 106B)
Class [Lcom.android.tools.idea.gradle.project.sync.MeasurementCheckpoint;             : loaded 6 times (x 71B)
Class [Lcom.google.common.collect.SortedLists$KeyAbsentBehavior;                      : loaded 6 times (x 71B)
Class com.android.tools.idea.gradle.project.sync.DefaultVariantsKt                    : loaded 6 times (x 73B)
Class com.intellij.openapi.diagnostic.LogLevel                                        : loaded 6 times (x 81B)
Class com.android.tools.idea.gradle.model.IdeUnknownLibraryImpl                       : loaded 6 times (x 85B)
Class com.android.tools.idea.gradle.project.sync.VariantDiscoveryKt                   : loaded 6 times (x 73B)
Class com.android.tools.idea.gradle.model.impl.IdeProjectPathImpl                     : loaded 6 times (x 79B)
Class com.android.tools.idea.gradle.model.impl.IdeDependencyCoreImpl                  : loaded 6 times (x 78B)
Class org.jetbrains.kotlin.idea.gradleTooling.IdeaKpmProjectProvider                  : loaded 6 times (x 80B)
Class com.android.tools.idea.gradle.project.sync.HasAndroidVariantResolver            : loaded 6 times (x 72B)
Class com.google.common.collect.Cut                                                   : loaded 6 times (x 90B)
Class com.google.common.collect.SortedLists$KeyAbsentBehavior$1                       : loaded 6 times (x 82B)
Class com.android.builder.model.v2.ide.TestSuite                                      : loaded 6 times (x 72B)
Class com.android.tools.idea.gradle.model.IdeAaptOptions                              : loaded 6 times (x 72B)
Class com.android.tools.idea.gradle.model.LibraryReference                            : loaded 6 times (x 74B)
Class com.android.tools.idea.gradle.model.IdeJavaArtifactCore                         : loaded 6 times (x 72B)
Class com.android.tools.idea.gradle.project.sync.GradleModule                         : loaded 6 times (x 80B)
Class com.android.tools.idea.gradle.project.sync.VariantDetails                       : loaded 6 times (x 74B)
Class [Lcom.google.gson.Strictness;                                                   : loaded 6 times (x 71B)
Class com.android.tools.idea.gradle.project.sync.BasicNonAndroidIncompleteGradleModule: loaded 6 times (x 75B)
Class com.android.tools.idea.gradle.model.impl.IdeVariantCoreImpl$Companion           : loaded 6 times (x 73B)
Class org.gradle.tooling.model.cpp.CppBinary                                          : loaded 6 times (x 72B)
Class com.android.tools.idea.gradle.model.IdeCompositeBuildMap                        : loaded 6 times (x 72B)
Class com.google.common.collect.Range$RangeLexOrdering                                : loaded 6 times (x 116B)
Class com.intellij.gradle.toolingExtension.modelAction.GradleModelFetchPhase          : loaded 6 times (x 72B)
Class com.android.builder.model.v2.models.ndk.NativeBuildSystem                       : loaded 6 times (x 81B)
Class com.android.tools.idea.gradle.model.impl.IdeVariantCoreSerializable             : loaded 6 times (x 72B)
Class com.android.tools.idea.gradle.project.sync.AndroidExtraModelProviderWorker      : loaded 6 times (x 74B)
Class com.android.tools.idea.gradle.project.sync.VariantDependenciesCompat            : loaded 6 times (x 74B)
Class com.android.tools.idea.gradle.model.IdeArtifactName                             : loaded 6 times (x 81B)
Class com.android.ide.common.repository.AgpVersion$PreviewKind$WhenMappings           : loaded 6 times (x 73B)
Class org.gradle.tooling.model.idea.IdeaContentRoot                                   : loaded 6 times (x 72B)
Class kotlin.coroutines.jvm.internal.CoroutineDumpState                               : loaded 6 times (x 73B)
Class com.intellij.gradle.toolingExtension.impl.model.sourceSetDependencyModel.GradleSourceSetDependencyModelProvider: loaded 6 times (x 81B)
Class org.jetbrains.kotlin.gradle.idea.tcs.IdeaKotlinDependencyCoordinates            : loaded 6 times (x 72B)
Class com.intellij.gradle.toolingExtension.model.repositoryModel.RepositoryModel      : loaded 6 times (x 72B)
Class com.intellij.gradle.toolingExtension.impl.model.projectModel.GradleExternalProjectModelProvider: loaded 6 times (x 81B)
Class com.android.builder.model.v2.models.TestSuiteSource                             : loaded 6 times (x 72B)
Class com.android.tools.idea.gradle.model.IdeBuildTypeContainer                       : loaded 6 times (x 72B)
Class com.android.tools.idea.gradle.model.IdeJavaLibrary                              : loaded 6 times (x 72B)
Class com.android.tools.idea.gradle.model.ClasspathType                               : loaded 6 times (x 81B)
Class com.android.tools.idea.gradle.model.impl.IdeJavaArtifactCoreImpl                : loaded 6 times (x 93B)
Class com.android.tools.idea.gradle.project.sync.AndroidVariantResolver               : loaded 6 times (x 72B)
Class com.android.tools.idea.gradle.model.impl.IdeDependenciesInfoImpl                : loaded 6 times (x 77B)
Class com.android.tools.idea.gradle.model.IdeDependenciesInfo                         : loaded 6 times (x 72B)
Class com.android.tools.idea.gradle.model.impl.IdeTestOptionsImpl                     : loaded 6 times (x 79B)
Class com.android.tools.idea.gradle.project.sync.VariantSelectionChange               : loaded 6 times (x 74B)
Class com.android.tools.idea.gradle.project.sync.ArtifactRef                          : loaded 6 times (x 73B)
Class org.gradle.tooling.internal.consumer.versioning.VersionDetails$R26VersionDetails: loaded 6 times (x 82B)
Class com.android.tools.idea.gradle.model.IdeBuildType                                : loaded 6 times (x 72B)
Class com.android.tools.idea.gradle.project.sync.ModuleId                             : loaded 6 times (x 74B)
Class [Lcom.android.tools.idea.gradle.model.ResolverType;                             : loaded 6 times (x 71B)
Class com.android.tools.idea.gradle.project.sync.LibraryIdentity                      : loaded 6 times (x 74B)
Class com.android.tools.idea.gradle.model.IdeVariantCore                              : loaded 6 times (x 72B)
Class com.android.tools.idea.gradle.project.upgrade.AndroidGradlePluginCompatibilityKt: loaded 6 times (x 73B)
Class com.android.tools.idea.gradle.project.sync.BasicIncompleteAndroidModule         : loaded 6 times (x 75B)
Class com.android.tools.idea.gradle.project.sync.ActionToRun$toSafeController$1       : loaded 6 times (x 92B)
Class org.gradle.tooling.model.GradleTask                                             : loaded 6 times (x 72B)
Class com.android.tools.idea.gradle.model.impl.IdeAaptOptionsImpl                     : loaded 6 times (x 77B)
Class com.android.tools.idea.gradle.model.impl.IdeAndroidProjectImpl$Companion        : loaded 6 times (x 73B)
Class [Lcom.android.tools.idea.gradle.project.sync.AndroidModule$NativeModelVersion;  : loaded 6 times (x 71B)
Class com.google.gson.stream.JsonReader                                               : loaded 6 times (x 99B)
Class com.android.tools.idea.gradle.model.IdeAndroidLibrary                           : loaded 6 times (x 72B)
Class org.gradle.tooling.internal.consumer.converters.EclipseProjectHasAutoBuildMixin : loaded 6 times (x 74B)
Class org.gradle.tooling.UnknownModelException                                        : loaded 6 times (x 85B)
Class org.gradle.tooling.model.eclipse.EclipseClasspathEntry                          : loaded 6 times (x 72B)
Class org.gradle.internal.impldep.com.google.common.base.Optional                     : loaded 6 times (x 82B)
Class com.android.tools.idea.gradle.project.sync.ActionToRun                          : loaded 6 times (x 74B)
Class com.android.tools.idea.gradle.model.IdeSourceProviderKt                         : loaded 6 times (x 73B)
Class org.gradle.tooling.model.kotlin.dsl.EditorPosition                              : loaded 6 times (x 72B)
Class com.android.tools.idea.gradle.model.IdePreResolvedModuleLibrary                 : loaded 6 times (x 72B)
Class com.android.tools.idea.gradle.model.impl.IdeAndroidGradlePluginProjectFlagsImpl : loaded 6 times (x 89B)
Class com.android.tools.idea.gradle.project.sync.ModelFetchersKt$findKotlinModelsForAndroidProject$kotlinModel$1: loaded 6 times (x 77B)
Class [Lcom.intellij.openapi.diagnostic.LogLevel;                                     : loaded 6 times (x 71B)
Class com.intellij.gradle.toolingExtension.impl.model.taskModel.GradleTaskModelProvider: loaded 6 times (x 80B)
Class com.android.tools.idea.gradle.project.sync.VariantNameResolutionKt$buildVariantNameResolver$1: loaded 6 times (x 77B)
Class com.android.tools.idea.gradle.model.impl.IdeVariantBuildInformationImpl         : loaded 6 times (x 78B)
Class com.intellij.gradle.toolingExtension.impl.util.GradleModelProviderUtil          : loaded 6 times (x 73B)
Class org.jetbrains.plugins.gradle.tooling.serialization.internal.adapter.kotlin.dsl.InternalKotlinDslScriptModel: loaded 6 times (x 86B)
Class com.android.builder.model.v2.ide.TestSuiteVariantTarget                         : loaded 6 times (x 72B)
Class com.android.tools.idea.gradle.model.IdeTestOptions$Execution                    : loaded 6 times (x 81B)
Class com.android.builder.model.v2.ide.UnresolvedDependency                           : loaded 6 times (x 72B)
Class com.android.tools.idea.gradle.project.sync.SwitchVariantRequest                 : loaded 6 times (x 74B)
Class com.android.tools.idea.gradle.project.sync.SyncVariantResult                    : loaded 6 times (x 74B)
Class com.android.tools.idea.gradle.model.impl.IdeVectorDrawablesOptionsImpl          : loaded 6 times (x 77B)
Class com.android.tools.idea.gradle.model.IdeArtifactName$Companion$WhenMappings      : loaded 6 times (x 73B)
Class com.android.tools.idea.gradle.project.sync.VariantDiscovery$prepareRequestedOrDefaultModuleConfigurations$$inlined$sortedBy$1: loaded 6 times (x 91B)
Class com.android.tools.idea.gradle.project.sync.AndroidProjectPathResolver           : loaded 6 times (x 72B)
Class com.android.tools.idea.gradle.model.impl.IdeDependenciesCoreImpl                : loaded 6 times (x 72B)
Class com.android.tools.idea.gradle.project.sync.ModelCache                           : loaded 6 times (x 72B)
Class org.jetbrains.kotlin.idea.gradleTooling.model.kapt.KaptSourceSetModel           : loaded 6 times (x 72B)
Class org.gradle.tooling.internal.consumer.versioning.VersionDetails$R28VersionDetails: loaded 6 times (x 82B)
Class org.gradle.tooling.internal.consumer.connection.StreamingAwareBuildControllerAdapter: loaded 6 times (x 114B)
Class com.android.tools.idea.projectsystem.gradle.sync.PerformanceMeasurementUtilKt   : loaded 6 times (x 73B)
Class com.android.tools.idea.gradle.model.IdeBuild                                    : loaded 6 times (x 72B)
Class com.intellij.gradle.toolingExtension.impl.modelAction.GradleDaemonModelHolder   : loaded 6 times (x 78B)
Class org.gradle.tooling.model.kotlin.dsl.EditorReport                                : loaded 6 times (x 72B)
Class com.intellij.gradle.toolingExtension.impl.modelSerialization.ToolingSerializer$1: loaded 6 times (x 78B)
Class com.android.tools.idea.gradle.model.IdeBaseConfig                               : loaded 6 times (x 72B)
Class com.android.tools.idea.gradle.project.sync.SelectedVariants                     : loaded 6 times (x 74B)
Class com.android.tools.idea.gradle.model.impl.FileImplKt                             : loaded 6 times (x 73B)
Class com.android.ide.common.gradle.Component$Companion                               : loaded 6 times (x 73B)
Class com.android.tools.idea.gradle.model.IdeLintOptions                              : loaded 6 times (x 72B)
Class com.android.tools.idea.gradle.project.sync.VariantAssetSourceProviderContext    : loaded 6 times (x 74B)
Class com.android.tools.idea.gradle.project.sync.DefaultVariantsKt$getDefaultVariant$$inlined$compareBy$1: loaded 6 times (x 92B)
Class com.android.tools.idea.gradle.model.impl.IdeProductFlavorImpl                   : loaded 6 times (x 103B)
Class com.android.tools.idea.gradle.project.sync.AllVariantsSyncActionOptions         : loaded 6 times (x 75B)
Class com.android.builder.model.v2.dsl.ClassField                                     : loaded 6 times (x 72B)
Class com.google.common.collect.Cut$BelowAll                                          : loaded 6 times (x 90B)
Class com.android.tools.idea.gradle.model.IdeBasicVariant                             : loaded 6 times (x 72B)
Class com.android.tools.idea.gradle.model.impl.IdeJavaCompileOptionsImpl              : loaded 6 times (x 80B)
Class com.android.ide.common.gradle.Component                                         : loaded 6 times (x 74B)
Class com.android.tools.idea.gradle.project.sync.DependencyGraphCompat$AdjacencyList  : loaded 6 times (x 74B)
Class com.android.tools.idea.gradle.model.IdeProjectPath                              : loaded 6 times (x 72B)
Class com.android.tools.idea.gradle.project.sync.AndroidExtraModelProviderWorkerKt    : loaded 6 times (x 73B)
Class org.jetbrains.plugins.gradle.tooling.util.ClassMap                              : loaded 6 times (x 74B)
Class com.intellij.gradle.toolingExtension.impl.util.GradleTreeTraverserUtil          : loaded 6 times (x 73B)
Class com.android.tools.idea.gradle.project.sync.ModelConsumerVersion                 : loaded 6 times (x 77B)
Class org.gradle.tooling.model.ExternalDependency                                     : loaded 6 times (x 72B)
Class org.gradle.tooling.model.idea.IdeaSingleEntryLibraryDependency                  : loaded 6 times (x 72B)
Class org.gradle.internal.impldep.com.google.common.base.Preconditions                : loaded 6 times (x 73B)
Class org.gradle.tooling.internal.consumer.connection.InternalPhasedActionAdapter     : loaded 6 times (x 80B)
Class com.android.tools.idea.gradle.project.sync.AgpVersionTooNew                     : loaded 6 times (x 84B)
Class com.intellij.openapi.util.io.FileUtilRt                                         : loaded 6 times (x 73B)
Class org.gradle.tooling.model.SourceDirectory                                        : loaded 6 times (x 72B)
Class com.android.tools.idea.gradle.project.sync.LibraryIdentity$LibraryIdentityProvider: loaded 6 times (x 74B)
Class com.android.tools.idea.gradle.model.impl.IdeDependenciesCoreDirect              : loaded 6 times (x 81B)
Class org.gradle.tooling.model.idea.IdeaModule                                        : loaded 6 times (x 72B)
Class com.android.tools.idea.gradle.model.IdeAndroidLibraryImpl$Companion             : loaded 6 times (x 73B)
Class com.android.tools.idea.gradle.model.IdeAndroidArtifactCore                      : loaded 6 times (x 72B)
Class com.android.tools.idea.gradle.model.impl.IdeApiVersionImpl                      : loaded 6 times (x 79B)
Class com.android.tools.idea.gradle.project.sync.AndroidProjectResult$Companion       : loaded 6 times (x 73B)
Class com.google.common.collect.SortedLists$KeyPresentBehavior$1                      : loaded 6 times (x 82B)
Class org.gradle.tooling.model.kotlin.dsl.EditorReportSeverity                        : loaded 6 times (x 81B)
Class com.intellij.gradle.toolingExtension.impl.modelAction.GradleDaemonModelHolder$ConvertedModel: loaded 6 times (x 74B)
Class org.gradle.tooling.internal.consumer.converters.EclipseExternalDependencyUnresolvedMixin: loaded 6 times (x 75B)
Class org.gradle.tooling.internal.consumer.versioning.VersionDetails$R44VersionDetails: loaded 6 times (x 82B)
Class org.jetbrains.kotlin.idea.projectModel.KotlinPlatform                           : loaded 6 times (x 81B)
Class org.gradle.tooling.internal.consumer.versioning.ModelMapping$DefaultModelIdentifier: loaded 6 times (x 78B)
Class com.intellij.openapi.util.io.FileUtilRt$RepeatableIOOperation                   : loaded 6 times (x 72B)
Class com.android.tools.idea.gradle.project.sync.BasicIncompleteGradleModule          : loaded 6 times (x 75B)
Class com.android.tools.idea.gradle.model.IdeArtifactName$Companion                   : loaded 6 times (x 73B)
Class com.android.builder.model.v2.models.HostJarTestSuiteSource                      : loaded 6 times (x 72B)
Class com.android.tools.idea.gradle.project.sync.ModelCacheV2ImplKt$modelCacheV2Impl$variantCoreFrom$9: loaded 6 times (x 131B)
Class com.android.tools.idea.gradle.model.IdeJavaCompileOptions                       : loaded 6 times (x 72B)
Class com.android.tools.idea.gradle.model.IdeJavaLibraryImpl                          : loaded 6 times (x 94B)
Class com.intellij.openapi.util.io.FileUtilRt$SymlinkResolver                         : loaded 6 times (x 72B)
Class org.gradle.tooling.internal.consumer.converters.IdeaModuleDependencyTargetNameMixin: loaded 6 times (x 75B)
Class com.android.tools.idea.gradle.project.sync.AgpVersionsMismatch                  : loaded 6 times (x 84B)
Class [Lcom.android.tools.idea.gradle.project.sync.ModelFeature;                      : loaded 6 times (x 71B)
Class com.android.tools.idea.gradle.project.sync.ModelCache$V2                        : loaded 6 times (x 72B)
Class kotlin.jvm.internal.FunctionAdapter                                             : loaded 6 times (x 72B)
Class com.android.ide.common.gradle.Module$Companion                                  : loaded 6 times (x 73B)
Class [Lcom.android.tools.idea.gradle.model.impl.IdeModuleWellKnownSourceSet;         : loaded 6 times (x 71B)
Class Settings_gradle$1                                                               : loaded 6 times (x 76B)
Class com.intellij.gradle.toolingExtension.modelAction.GradleProjectLoadedModelFetchPhase: loaded 6 times (x 83B)
Class com.android.tools.idea.gradle.model.IdeAndroidLibraryImplKt                     : loaded 6 times (x 73B)
Class com.android.tools.idea.gradle.model.IdeArtifactLibrary                          : loaded 6 times (x 72B)
Class com.android.tools.idea.gradle.model.IdeLibrary                                  : loaded 6 times (x 72B)
Class com.android.tools.idea.gradle.model.IdeSigningConfig                            : loaded 6 times (x 72B)
Class com.android.tools.idea.gradle.model.impl.IdeLintOptionsImpl                     : loaded 6 times (x 105B)
Class com.android.tools.idea.gradle.project.sync.ModelCacheV2ImplKt                   : loaded 6 times (x 73B)
Class com.android.builder.model.v2.models.TestApkTestSuiteSource                      : loaded 6 times (x 72B)
Class com.android.tools.idea.gradle.model.IdeSourceProviderContainer                  : loaded 6 times (x 72B)
Class com.android.tools.idea.gradle.project.sync.BuildInfo                            : loaded 6 times (x 74B)
Class com.google.common.collect.SortedLists$KeyPresentBehavior$2                      : loaded 6 times (x 82B)
Class org.gradle.tooling.internal.consumer.converters.IdeaProjectJavaLanguageSettingsMixin: loaded 6 times (x 75B)
Class org.gradle.tooling.model.build.BuildEnvironment                                 : loaded 6 times (x 72B)
Class com.intellij.gradle.toolingExtension.impl.model.sourceSetModel.GradleSourceSetModelProvider: loaded 6 times (x 81B)
Class [Lorg.gradle.api.JavaVersion;                                                   : loaded 6 times (x 71B)
Class org.gradle.tooling.model.cpp.CppComponent                                       : loaded 6 times (x 72B)
Class org.gradle.tooling.model.Launchable                                             : loaded 6 times (x 72B)
Class com.android.tools.idea.gradle.project.sync.FetchedVariantResult$Finished        : loaded 6 times (x 74B)
Class com.android.tools.idea.gradle.model.IdePreResolvedModuleLibraryImpl             : loaded 6 times (x 83B)
Class [Lcom.android.tools.idea.gradle.model.IdeTestOptions$Execution;                 : loaded 6 times (x 71B)
Class com.android.builder.model.v2.models.AssetsTestSuiteSource                       : loaded 6 times (x 72B)
Class com.android.tools.idea.gradle.model.IdeAndroidLibraryImpl                       : loaded 6 times (x 108B)
Class com.android.tools.idea.gradle.project.sync.ModelCacheV2ImplKt$WhenMappings      : loaded 6 times (x 73B)
Class com.google.common.collect.SortedLists$KeyPresentBehavior$3                      : loaded 6 times (x 82B)
Class org.gradle.internal.impldep.com.google.common.base.Present                      : loaded 6 times (x 83B)
Class org.gradle.tooling.internal.consumer.connection.HasCompatibilityMapping         : loaded 6 times (x 75B)
Class org.gradle.tooling.internal.consumer.connection.InternalBuildActionAdapter      : loaded 6 times (x 82B)
Class com.android.tools.idea.gradle.model.impl.IdeBasicVariantImpl                    : loaded 6 times (x 81B)
Class com.android.tools.idea.gradle.project.sync.ModelVersion                         : loaded 6 times (x 77B)
Class com.android.tools.idea.gradle.model.ResolverType                                : loaded 6 times (x 81B)
Class com.android.tools.idea.gradle.project.sync.AgpVersionIncompatible               : loaded 6 times (x 84B)
Class com.google.gson.stream.MalformedJsonException                                   : loaded 6 times (x 84B)
Class org.gradle.tooling.internal.consumer.connection.ToolingParameterProxy           : loaded 6 times (x 78B)
Class com.android.tools.idea.gradle.project.sync.VariantDef                           : loaded 6 times (x 74B)
Class com.android.tools.idea.gradle.model.impl.IdeDependenciesImplKt                  : loaded 6 times (x 73B)
Class com.android.tools.idea.gradle.model.IdeDependenciesCore                         : loaded 6 times (x 72B)
Class com.android.tools.idea.gradle.project.sync.ResolvedAndroidProjectPath           : loaded 6 times (x 72B)
Class com.android.tools.idea.gradle.project.sync.ClasspathIdentifier                  : loaded 6 times (x 74B)
Class com.android.tools.idea.gradle.project.sync.VariantDiscovery$toTraverseAction$1$1$moduleDependencies$1: loaded 6 times (x 131B)
Class org.gradle.tooling.model.idea.IdeaSourceDirectory                               : loaded 6 times (x 72B)
Class org.jetbrains.kotlin.idea.projectModel.KotlinTarget                             : loaded 6 times (x 72B)
Class com.google.common.collect.SortedLists                                           : loaded 6 times (x 73B)
Class [Lcom.google.common.collect.SortedLists$KeyPresentBehavior;                     : loaded 6 times (x 71B)
Class com.google.common.collect.SortedLists$KeyPresentBehavior$4                      : loaded 6 times (x 82B)
Class org.gradle.tooling.model.idea.IdeaJavaLanguageSettings                          : loaded 6 times (x 72B)
Class org.jetbrains.plugins.gradle.tooling.serialization.internal.adapter.kotlin.dsl.InternalKotlinDslScriptsModel: loaded 6 times (x 78B)
Class org.gradle.tooling.internal.adapter.ProtocolToModelAdapter$ChainedMethodInvoker : loaded 6 times (x 78B)
Class com.android.tools.idea.gradle.project.sync.VariantNameResolutionKt              : loaded 6 times (x 73B)
Class org.gradle.tooling.FetchModelResult                                             : loaded 6 times (x 72B)
Class com.google.common.collect.SortedLists$KeyPresentBehavior$5                      : loaded 6 times (x 82B)
Class org.jetbrains.plugins.gradle.model.FilePatternSet                               : loaded 6 times (x 72B)
Class org.jetbrains.plugins.gradle.model.GradleLightProject                           : loaded 6 times (x 72B)
Class com.intellij.gradle.toolingExtension.impl.modelSerialization.DefaultSerializationService: loaded 6 times (x 78B)
Class com.android.tools.idea.gradle.project.sync.AdditionalClassifierArtifactsActionOptions: loaded 6 times (x 74B)
Class com.google.common.collect.Multimap                                              : loaded 6 times (x 72B)
Class org.gradle.tooling.internal.consumer.connection.UnparameterizedBuildController  : loaded 6 times (x 114B)
Class com.intellij.gradle.toolingExtension.impl.modelSerialization.SerializationServiceNotFoundException: loaded 6 times (x 84B)
Class com.android.tools.idea.projectsystem.gradle.sync.Counter                        : loaded 6 times (x 74B)
Class com.android.builder.model.ProjectSyncIssues                                     : loaded 6 times (x 72B)
Class com.android.tools.idea.gradle.project.sync.ArtifactDependenciesCompat$AdjacencyList: loaded 6 times (x 74B)
Class com.android.tools.idea.gradle.project.sync.ModelCacheV2ImplKt$modelCacheV2Impl$createFromDependencies$1$LibrariesByType: loaded 6 times (x 74B)
Class com.intellij.gradle.toolingExtension.modelAction.GradleModelFetchPhase$ProjectLoaded: loaded 6 times (x 72B)
Class com.intellij.gradle.toolingExtension.impl.modelAction.GradleModelHolderState    : loaded 6 times (x 79B)
Class com.intellij.gradle.toolingExtension.modelProvider.GradleClassProjectModelProvider: loaded 6 times (x 82B)
Class com.android.tools.idea.gradle.model.impl.BuildFolderPaths                       : loaded 6 times (x 74B)
Class com.android.tools.idea.gradle.project.sync.ModelCacheV2ImplKt$modelCacheV2Impl$variantCoreFrom$6: loaded 6 times (x 131B)
Class com.android.tools.idea.gradle.model.IdeUnresolvedLibrary                        : loaded 6 times (x 72B)
Class com.android.tools.idea.gradle.project.sync.VariantSelectionChange$Companion     : loaded 6 times (x 73B)
Class com.android.tools.idea.gradle.project.sync.NativeVariantAbiResult$None          : loaded 6 times (x 73B)
Class com.android.tools.idea.gradle.model.impl.IdeModuleWellKnownSourceSet$Companion  : loaded 6 times (x 73B)
Class com.android.tools.idea.gradle.project.sync.IdeModelWithPostProcessor            : loaded 6 times (x 74B)
Class com.android.tools.idea.gradle.project.sync.AndroidModule$NativeModelVersion     : loaded 6 times (x 81B)
Class com.android.tools.idea.gradle.model.impl.FileImpl                               : loaded 6 times (x 123B)
Class com.google.common.collect.TreeRangeSet$AsRanges                                 : loaded 6 times (x 151B)
Class com.android.tools.idea.gradle.model.IdeVectorDrawablesOptions                   : loaded 6 times (x 72B)
Class com.android.tools.idea.gradle.project.sync.SyncActionRunnerKt$toMeasuringController$1: loaded 6 times (x 92B)
Class com.android.tools.idea.gradle.project.sync.ModelConverter                       : loaded 6 times (x 73B)
Class com.android.tools.idea.gradle.model.IdeSourceProvider                           : loaded 6 times (x 74B)
Class com.android.tools.idea.gradle.model.IdeTestOptions                              : loaded 6 times (x 72B)
Class com.intellij.openapi.diagnostic.DefaultLogger                                   : loaded 6 times (x 103B)
Class org.gradle.tooling.internal.consumer.connection.ParameterAwareBuildControllerAdapter: loaded 6 times (x 114B)
Class com.intellij.openapi.diagnostic.Attachment                                      : loaded 6 times (x 74B)
Class com.android.tools.idea.gradle.model.IdeUnknownLibrary                           : loaded 6 times (x 72B)
Class com.android.tools.idea.gradle.project.sync.LibraryIdentity$LibraryIdentityProvider$special$$inlined$compareBy$1: loaded 6 times (x 92B)
Class com.android.tools.idea.gradle.project.sync.GradleInjectedSyncActionRunner       : loaded 6 times (x 72B)
Class org.jetbrains.kotlin.idea.projectModel.KotlinTargetJar                          : loaded 6 times (x 72B)
Class com.android.tools.idea.gradle.project.sync.SyncActionRunnerKt                   : loaded 6 times (x 73B)
Class com.android.builder.model.Variant                                               : loaded 6 times (x 72B)
Class com.android.tools.idea.gradle.project.sync.AndroidSdkBootClasspathUtilKt        : loaded 6 times (x 73B)
Class com.android.tools.idea.gradle.model.impl.IdeVariantCoreImpl                     : loaded 6 times (x 110B)
Class com.android.tools.idea.gradle.model.impl.IdeExtraSourceProviderImpl             : loaded 6 times (x 78B)
Class com.android.tools.idea.gradle.project.sync.AgpVersionTooOld                     : loaded 6 times (x 84B)
Class com.android.tools.idea.gradle.project.sync.SyncVariantResultSuccess             : loaded 6 times (x 74B)
Class com.android.tools.idea.gradle.project.sync.FetchedVariant                       : loaded 6 times (x 74B)
Class com.android.tools.idea.gradle.model.impl.IdeSigningConfigImpl                   : loaded 6 times (x 80B)
Class com.android.tools.idea.gradle.project.sync.ModelCacheKt                         : loaded 6 times (x 73B)
Class org.gradle.tooling.internal.adapter.ProtocolToModelAdapter$BeanMixInMethodInvoker: loaded 6 times (x 78B)
Class com.intellij.gradle.toolingExtension.impl.modelAction.GradleModelId             : loaded 6 times (x 74B)
Class com.android.builder.model.v2.ide.JUnitEngineInfo                                : loaded 6 times (x 72B)
Class com.android.tools.idea.gradle.project.sync.SyncActionOptions                    : loaded 6 times (x 74B)
Class com.android.builder.model.v2.ide.TestSuiteTarget                                : loaded 6 times (x 72B)
Class com.android.tools.idea.gradle.project.sync.AndroidModule$V2                     : loaded 6 times (x 90B)
Class org.gradle.tooling.internal.consumer.converters.IncludedBuildsMixin             : loaded 6 times (x 76B)
Class [Lorg.gradle.tooling.internal.adapter.MethodInvoker;                            : loaded 6 times (x 71B)
Class com.intellij.openapi.diagnostic.Logger$Factory                                  : loaded 6 times (x 72B)
Class com.android.tools.idea.gradle.project.sync.FetchedVariantResult$InProgress      : loaded 6 times (x 73B)
Class com.android.tools.idea.gradle.project.sync.ModelFetchersKt$findVariantDependenciesV2Model$findModel$1: loaded 6 times (x 77B)
Class org.gradle.tooling.model.java.InstalledJdk                                      : loaded 6 times (x 72B)
Class org.gradle.tooling.model.gradle.BasicGradleProject                              : loaded 6 times (x 72B)
Class com.android.builder.model.v2.models.SourceType                                  : loaded 6 times (x 81B)
Class com.android.tools.idea.gradle.project.sync.SyncProjectActionWorker              : loaded 6 times (x 74B)
Class com.android.tools.idea.gradle.project.sync.HasLintJar                           : loaded 6 times (x 72B)
Class org.jetbrains.plugins.gradle.model.ExternalFilter                               : loaded 6 times (x 72B)
Class com.android.tools.idea.gradle.project.sync.ModelFetchersKt$findNativeModuleModel$1: loaded 6 times (x 76B)
Class com.android.tools.idea.gradle.project.sync.VariantDiscovery$toProjectGraphAction$1$projectGraph$1: loaded 6 times (x 77B)
Class org.jetbrains.kotlin.idea.gradleTooling.KotlinMPPGradleModel$Companion          : loaded 6 times (x 73B)
Class com.android.tools.idea.gradle.project.sync.VariantSelectionKt$getModuleDependencyConfigurations$generateDirectModuleDependencies$allDependencies$1: loaded 6 times (x 97B)
Class com.intellij.util.ReflectionUtilRt                                              : loaded 6 times (x 73B)
Class org.gradle.tooling.internal.consumer.converters.GradleProjectIdentifierMixin    : loaded 6 times (x 75B)
Class com.android.tools.idea.gradle.project.sync.AgpCompatibilityKt                   : loaded 6 times (x 73B)
Class org.gradle.tooling.internal.adapter.ProtocolToModelAdapter$2                    : loaded 6 times (x 80B)
Class com.android.tools.idea.projectsystem.gradle.sync.Counter$time$2                 : loaded 6 times (x 80B)
Class com.android.tools.idea.gradle.project.sync.SingleVariantSyncActionOptions       : loaded 6 times (x 75B)
Class org.jetbrains.plugins.gradle.model.GradleLightBuild                             : loaded 6 times (x 72B)
Class com.android.tools.idea.gradle.project.sync.AgpCompatibilityKt$WhenMappings      : loaded 6 times (x 73B)
Class org.jetbrains.plugins.gradle.model.DefaultGradleLightProject                    : loaded 6 times (x 86B)
Class com.android.tools.idea.gradle.project.sync.AndroidModule$V1                     : loaded 6 times (x 90B)
Class com.android.tools.idea.gradle.model.IdeAndroidGradlePluginProjectFlags          : loaded 6 times (x 72B)
Class com.intellij.openapi.util.SystemInfoRt                                          : loaded 6 times (x 73B)
Class com.intellij.openapi.diagnostic.Logger                                          : loaded 6 times (x 101B)
Class org.gradle.tooling.model.internal.Exceptions                                    : loaded 6 times (x 73B)
Class org.gradle.tooling.UnsupportedVersionException                                  : loaded 6 times (x 85B)
Class com.android.tools.idea.gradle.model.IdeDependencyCore                           : loaded 6 times (x 72B)
Class com.android.tools.idea.gradle.project.sync.VariantDependenciesCompat$AdjacencyList: loaded 6 times (x 74B)
Class com.intellij.gradle.toolingExtension.impl.model.buildScriptClasspathModel.GradleBuildScriptClasspathModelProvider: loaded 6 times (x 81B)
Class com.intellij.gradle.toolingExtension.impl.modelAction.GradleModelFetchAction    : loaded 6 times (x 88B)
Class org.gradle.tooling.BuildAction                                                  : loaded 6 times (x 72B)
Class com.android.tools.idea.gradle.project.sync.AndroidExtraModelProvider            : loaded 6 times (x 81B)
Class org.gradle.tooling.internal.consumer.versioning.VersionDetails$R48VersionDetails: loaded 6 times (x 82B)
Class com.android.tools.idea.gradle.project.sync.BuildModelsAndMap                    : loaded 6 times (x 74B)
Class com.android.builder.model.v2.models.BasicTestSuite                              : loaded 6 times (x 72B)
Class com.intellij.gradle.toolingExtension.impl.util.GradleExecutorServiceUtil        : loaded 6 times (x 73B)
Class com.android.builder.model.v2.models.BaseTestSuiteSourceIdentity                 : loaded 6 times (x 72B)
Class com.android.tools.idea.gradle.project.sync.AndroidModule                        : loaded 6 times (x 90B)
Class [Lcom.android.tools.idea.gradle.model.IdeAaptOptions$Namespacing;               : loaded 6 times (x 71B)
Class org.jetbrains.plugins.gradle.model.ProjectImportModelProvider$GradleModelConsumer: loaded 6 times (x 72B)
Class com.android.tools.idea.gradle.project.sync.ModelFeature                         : loaded 6 times (x 81B)
Class com.android.tools.idea.gradle.model.impl.IdeBuildTypeImpl                       : loaded 6 times (x 95B)
Class com.android.tools.idea.gradle.model.impl.IdeAndroidArtifactCoreImpl             : loaded 6 times (x 105B)
Class com.android.tools.idea.projectsystem.gradle.sync.Counter$time$1                 : loaded 6 times (x 80B)
Class org.jetbrains.plugins.gradle.model.MavenRepositoryModel                         : loaded 6 times (x 72B)
Class org.jetbrains.kotlin.gradle.idea.tcs.IdeaKotlinDependency                       : loaded 6 times (x 72B)
Class com.android.tools.idea.gradle.project.sync.ArtifactDependenciesCompat           : loaded 6 times (x 74B)
Class com.google.gson.internal.sql.SqlTimestampTypeAdapter$1                          : loaded 5 times (x 77B)
Class com.google.gson.internal.bind.ObjectTypeAdapter$1                               : loaded 5 times (x 78B)
Class org.jetbrains.plugins.gradle.tooling.serialization.internal.IdeaProjectSerializationService$10: loaded 5 times (x 78B)
Class com.google.gson.internal.bind.TypeAdapterRuntimeTypeWrapper                     : loaded 5 times (x 76B)
Class com.google.gson.Gson$5                                                          : loaded 5 times (x 78B)
Class com.google.gson.ReflectionAccessFilter$FilterResult                             : loaded 5 times (x 81B)
Class com.intellij.openapi.util.Comparing                                             : loaded 5 times (x 73B)
Class com.android.tools.idea.gradle.project.sync.StandaloneDeliverableModel$Companion : loaded 5 times (x 73B)
Class com.google.gson.internal.ConstructorConstructor                                 : loaded 5 times (x 74B)
Class com.android.tools.idea.gradle.model.CodeShrinker                                : loaded 5 times (x 81B)
Class com.google.gson.Gson$4                                                          : loaded 5 times (x 78B)
Class com.google.gson.internal.bind.DefaultDateTypeAdapter$1                          : loaded 5 times (x 77B)
Class com.google.gson.Gson$3                                                          : loaded 5 times (x 77B)
Class com.google.gson.internal.ObjectConstructor                                      : loaded 5 times (x 72B)
Class com.google.gson.JsonParseException                                              : loaded 5 times (x 84B)
Class com.google.gson.internal.bind.ReflectiveTypeAdapterFactory$BoundField           : loaded 5 times (x 77B)
Class org.jetbrains.plugins.gradle.tooling.serialization.internal.IdeaProjectSerializationService$11: loaded 5 times (x 78B)
Class com.android.tools.idea.gradle.project.sync.DeliverableAndroidModule             : loaded 5 times (x 78B)
Class com.google.gson.Gson$2                                                          : loaded 5 times (x 78B)
Class com.google.gson.Gson$1                                                          : loaded 5 times (x 78B)
Class [Lcom.google.gson.ToNumberPolicy;                                               : loaded 5 times (x 71B)
Class com.google.gson.ToNumberPolicy                                                  : loaded 5 times (x 85B)
Class com.google.gson.JsonObject                                                      : loaded 5 times (x 95B)
Class com.android.tools.idea.gradle.project.sync.GradleProject$ModelConsumer          : loaded 5 times (x 74B)
Class com.google.gson.Gson                                                            : loaded 5 times (x 74B)
Class com.google.gson.internal.sql.SqlTypesSupport                                    : loaded 5 times (x 73B)
Class org.jetbrains.plugins.gradle.tooling.serialization.internal.IdeaProjectSerializationService$JavaHomePathGetter: loaded 5 times (x 77B)
Class com.android.tools.idea.gradle.project.sync.AllKotlinModels                      : loaded 5 times (x 74B)
Class com.google.gson.ToNumberPolicy$4                                                : loaded 5 times (x 85B)
Class org.jetbrains.plugins.gradle.tooling.serialization.internal.IdeaProjectSerializationService$TargetBytecodeVersionGetter: loaded 5 times (x 77B)
Class com.google.gson.ToNumberPolicy$3                                                : loaded 5 times (x 85B)
Class com.google.gson.internal.bind.ReflectiveTypeAdapterFactory$FieldsData           : loaded 5 times (x 74B)
Class com.google.gson.ToNumberPolicy$2                                                : loaded 5 times (x 85B)
Class com.google.common.base.ExtraObjectsMethodsForWeb                                : loaded 5 times (x 73B)
Class com.google.gson.internal.reflect.ReflectionHelper$RecordHelper                  : loaded 5 times (x 77B)
Class com.google.gson.internal.ReflectionAccessFilterHelper                           : loaded 5 times (x 73B)
Class com.android.tools.idea.gradle.project.sync.IdeSyncExecutionReport               : loaded 5 times (x 73B)
Class com.google.gson.internal.bind.TypeAdapters$30                                   : loaded 5 times (x 78B)
Class com.google.gson.internal.bind.JsonTreeReader                                    : loaded 5 times (x 99B)
Class com.google.gson.internal.sql.SqlDateTypeAdapter                                 : loaded 5 times (x 76B)
Class com.google.gson.TypeAdapterFactory                                              : loaded 5 times (x 72B)
Class com.google.gson.internal.bind.TypeAdapters$9                                    : loaded 5 times (x 77B)
Class com.google.gson.internal.Excluder                                               : loaded 5 times (x 77B)
Class com.google.gson.stream.JsonWriter                                               : loaded 5 times (x 100B)
Class com.google.gson.internal.Primitives                                             : loaded 5 times (x 73B)
Class [Lcom.google.gson.FieldNamingStrategy;                                          : loaded 5 times (x 71B)
Class com.google.gson.ToNumberPolicy$1                                                : loaded 5 times (x 85B)
Class com.google.gson.internal.bind.ArrayTypeAdapter$1                                : loaded 5 times (x 77B)
Class com.google.gson.internal.bind.JsonTreeWriter                                    : loaded 5 times (x 100B)
Class com.android.tools.idea.gradle.model.ndk.v2.IdeNativeModule                      : loaded 5 times (x 72B)
Class com.android.tools.idea.gradle.project.sync.ModelCacheV1ImplKt                   : loaded 5 times (x 73B)
Class com.google.gson.internal.bind.NumberTypeAdapter                                 : loaded 5 times (x 76B)
Class com.google.gson.internal.bind.JsonAdapterAnnotationTypeAdapterFactory$DummyTypeAdapterFactory: loaded 5 times (x 77B)
Class com.google.gson.internal.bind.ReflectiveTypeAdapterFactory$RecordAdapter        : loaded 5 times (x 79B)
Class com.google.gson.internal.bind.TypeAdapters$31                                   : loaded 5 times (x 78B)
Class com.google.gson.JsonSyntaxException                                             : loaded 5 times (x 84B)
Class com.android.tools.idea.gradle.project.sync.GradleModelCollection                : loaded 5 times (x 72B)
Class com.google.gson.internal.bind.JsonAdapterAnnotationTypeAdapterFactory           : loaded 5 times (x 77B)
Class com.google.gson.internal.reflect.ReflectionHelper$RecordSupportedHelper         : loaded 5 times (x 80B)
Class com.google.gson.internal.bind.TypeAdapters$32                                   : loaded 5 times (x 78B)
Class com.google.gson.internal.bind.ReflectiveTypeAdapterFactory                      : loaded 5 times (x 77B)
Class com.google.gson.internal.sql.SqlTimestampTypeAdapter                            : loaded 5 times (x 78B)
Class com.android.tools.idea.gradle.project.sync.InternedModels$nameLibraries$IdeModelAndReferenceAndIdentity: loaded 5 times (x 77B)
Class com.android.tools.idea.gradle.project.sync.GradleModulesKt                      : loaded 5 times (x 73B)
Class org.jetbrains.plugins.gradle.tooling.serialization.internal.IdeaProjectSerializationService$WriteContext$FilePathComparator: loaded 5 times (x 93B)
Class com.google.common.base.Objects                                                  : loaded 5 times (x 73B)
Class com.google.gson.GsonBuilder                                                     : loaded 5 times (x 74B)
Class com.google.gson.internal.bind.DefaultDateTypeAdapter                            : loaded 5 times (x 76B)
Class com.google.gson.TypeAdapter                                                     : loaded 5 times (x 75B)
Class com.google.gson.ToNumberStrategy                                                : loaded 5 times (x 72B)
Class com.google.gson.internal.bind.TypeAdapters$8                                    : loaded 5 times (x 77B)
Class org.jetbrains.plugins.gradle.model.tests.ExternalTestSourceMapping              : loaded 5 times (x 72B)
Class com.google.gson.internal.bind.CollectionTypeAdapterFactory$Adapter              : loaded 5 times (x 76B)
Class com.google.gson.internal.LazilyParsedNumber                                     : loaded 5 times (x 80B)
Class com.google.gson.internal.reflect.ReflectionHelper$RecordNotSupportedHelper      : loaded 5 times (x 80B)
Class com.google.gson.JsonIOException                                                 : loaded 5 times (x 84B)
Class com.google.gson.internal.bind.ObjectTypeAdapter                                 : loaded 5 times (x 76B)
Class com.google.gson.internal.sql.SqlDateTypeAdapter$1                               : loaded 5 times (x 77B)
Class com.google.gson.internal.bind.DefaultDateTypeAdapter$DateType$1                 : loaded 5 times (x 75B)
Class com.android.tools.idea.gradle.project.sync.DeliverableGradleModule              : loaded 5 times (x 78B)
Class com.android.tools.idea.gradle.project.sync.ModelFetchersKt$findKotlinModelsForAndroidProject$kaptModel$1: loaded 5 times (x 77B)
Class com.google.gson.JsonNull                                                        : loaded 5 times (x 94B)
Class com.google.gson.internal.bind.TypeAdapters$29                                   : loaded 5 times (x 78B)
Class com.google.gson.internal.bind.MapTypeAdapterFactory                             : loaded 5 times (x 77B)
Class com.google.gson.internal.bind.TypeAdapters$7                                    : loaded 5 times (x 77B)
Class com.google.gson.internal.bind.ReflectiveTypeAdapterFactory$2                    : loaded 5 times (x 80B)
Class com.google.gson.annotations.SerializedName                                      : loaded 5 times (x 72B)
Class com.android.tools.idea.gradle.model.impl.IdeUnresolvedLibraryTable              : loaded 5 times (x 72B)
Class [Lcom.google.gson.LongSerializationPolicy;                                      : loaded 5 times (x 71B)
Class com.google.gson.FieldNamingPolicy$7                                             : loaded 5 times (x 87B)
Class com.google.gson.internal.bind.TypeAdapters$27                                   : loaded 5 times (x 77B)
Class com.google.gson.internal.bind.ReflectiveTypeAdapterFactory$Adapter              : loaded 5 times (x 79B)
Class com.google.gson.internal.bind.TypeAdapters$10                                   : loaded 5 times (x 77B)
Class com.google.gson.LongSerializationPolicy$1                                       : loaded 5 times (x 82B)
Class com.android.tools.idea.gradle.project.sync.StandaloneDeliverableModel           : loaded 5 times (x 77B)
Class com.google.gson.internal.reflect.ReflectionHelper                               : loaded 5 times (x 73B)
Class org.jetbrains.plugins.gradle.tooling.serialization.internal.IdeaProjectSerializationService$1: loaded 5 times (x 78B)
Class org.jetbrains.plugins.gradle.model.GradleConvention                             : loaded 5 times (x 72B)
Class com.google.gson.internal.bind.TypeAdapters                                      : loaded 5 times (x 73B)
Class com.google.gson.FormattingStyle                                                 : loaded 5 times (x 80B)
Class com.google.gson.FieldNamingPolicy                                               : loaded 5 times (x 87B)
Class com.google.gson.internal.bind.TypeAdapters$11                                   : loaded 5 times (x 77B)
Class [Lcom.google.gson.FieldNamingPolicy;                                            : loaded 5 times (x 71B)
Class com.android.tools.idea.gradle.project.sync.AdditionalClassifierArtifactsModelCollectorKt: loaded 5 times (x 73B)
Class com.google.gson.FieldNamingPolicy$6                                             : loaded 5 times (x 87B)
Class com.google.gson.internal.bind.TypeAdapters$26                                   : loaded 5 times (x 77B)
Class com.google.gson.internal.bind.ArrayTypeAdapter                                  : loaded 5 times (x 76B)
Class com.android.tools.idea.gradle.model.impl.IdeUnresolvedLibraryTableImpl          : loaded 5 times (x 77B)
Class com.google.gson.Gson$FutureTypeAdapter                                          : loaded 5 times (x 78B)
Class com.google.gson.LongSerializationPolicy$2                                       : loaded 5 times (x 82B)
Class com.google.gson.internal.bind.ReflectiveTypeAdapterFactory$1                    : loaded 5 times (x 76B)
Class com.google.gson.internal.bind.MapTypeAdapterFactory$Adapter                     : loaded 5 times (x 76B)
Class com.google.gson.internal.sql.SqlTimeTypeAdapter$1                               : loaded 5 times (x 77B)
Class com.android.tools.idea.gradle.project.sync.SyncProjectActionWorker$populateAndroidModels$3$1: loaded 5 times (x 131B)
Class com.android.tools.idea.gradle.project.sync.IdeAndroidModels                     : loaded 5 times (x 74B)
Class com.google.gson.JsonArray                                                       : loaded 5 times (x 102B)
Class org.jetbrains.plugins.gradle.tooling.serialization.internal.IdeaProjectSerializationService$2: loaded 5 times (x 79B)
Class com.google.gson.FieldNamingStrategy                                             : loaded 5 times (x 72B)
Class org.jetbrains.plugins.gradle.tooling.serialization.internal.IdeaProjectSerializationService$TestResourceDirectoriesGetter: loaded 5 times (x 77B)
Class com.google.gson.FieldNamingPolicy$5                                             : loaded 5 times (x 87B)
Class com.google.gson.internal.bind.TypeAdapters$12                                   : loaded 5 times (x 77B)
Class [Lcom.google.gson.ToNumberStrategy;                                             : loaded 5 times (x 71B)
Class com.google.gson.internal.bind.TypeAdapters$25                                   : loaded 5 times (x 77B)
Class com.google.gson.FieldNamingPolicy$4                                             : loaded 5 times (x 87B)
Class com.google.gson.internal.bind.TypeAdapters$24                                   : loaded 5 times (x 77B)
Class com.google.gson.internal.bind.TypeAdapters$6                                    : loaded 5 times (x 77B)
Class com.google.gson.internal.bind.TypeAdapters$19                                   : loaded 5 times (x 77B)
Class com.google.gson.internal.bind.ReflectiveTypeAdapterFactory$FieldReflectionAdapter: loaded 5 times (x 79B)
Class com.google.gson.internal.bind.TypeAdapters$13                                   : loaded 5 times (x 77B)
Class com.google.gson.FieldNamingPolicy$3                                             : loaded 5 times (x 87B)
Class com.google.gson.internal.bind.TypeAdapters$23                                   : loaded 5 times (x 77B)
Class com.google.gson.internal.Excluder$1                                             : loaded 5 times (x 76B)
Class com.google.gson.internal.bind.NumberTypeAdapter$1                               : loaded 5 times (x 78B)
Class com.google.gson.internal.bind.TypeAdapters$1                                    : loaded 5 times (x 77B)
Class com.google.gson.internal.bind.TypeAdapters$14                                   : loaded 5 times (x 77B)
Class org.jetbrains.plugins.gradle.tooling.serialization.internal.IdeaProjectSerializationService$3: loaded 5 times (x 79B)
Class com.google.gson.FieldNamingPolicy$2                                             : loaded 5 times (x 87B)
Class org.jetbrains.plugins.gradle.tooling.serialization.internal.IdeaProjectSerializationService$JdkGetter: loaded 5 times (x 77B)
Class org.jetbrains.plugins.gradle.tooling.serialization.internal.IdeaProjectSerializationService$ResourceDirectoriesGetter: loaded 5 times (x 77B)
Class com.google.gson.internal.bind.TypeAdapters$22                                   : loaded 5 times (x 77B)
Class org.jetbrains.plugins.gradle.tooling.util.GradleVersionComparator               : loaded 5 times (x 77B)
Class com.google.gson.FieldNamingPolicy$1                                             : loaded 5 times (x 87B)
Class com.google.gson.LongSerializationPolicy                                         : loaded 5 times (x 82B)
Class com.google.gson.internal.bind.TypeAdapters$5                                    : loaded 5 times (x 77B)
Class com.google.gson.internal.bind.TypeAdapters$18                                   : loaded 5 times (x 77B)
Class com.google.gson.internal.bind.SerializationDelegatingTypeAdapter                : loaded 5 times (x 76B)
Class com.google.gson.annotations.JsonAdapter                                         : loaded 5 times (x 72B)
Class com.google.gson.internal.bind.TypeAdapters$21                                   : loaded 5 times (x 77B)
Class com.google.gson.internal.bind.DefaultDateTypeAdapter$DateType                   : loaded 5 times (x 75B)
Class org.jetbrains.kotlin.tooling.core.KotlinToolingVersion                          : loaded 5 times (x 77B)
Class com.google.gson.internal.bind.TypeAdapters$20                                   : loaded 5 times (x 77B)
Class com.google.gson.internal.bind.TypeAdapters$2                                    : loaded 5 times (x 77B)
Class com.google.gson.internal.bind.TypeAdapters$15                                   : loaded 5 times (x 77B)
Class com.google.gson.reflect.TypeToken                                               : loaded 5 times (x 77B)
Class com.google.gson.internal.sql.SqlTypesSupport$1                                  : loaded 5 times (x 76B)
Class com.android.tools.idea.gradle.project.sync.GradleProject                        : loaded 5 times (x 77B)
Class com.android.tools.idea.gradle.project.sync.IndexedModels                        : loaded 5 times (x 74B)
Class com.google.gson.JsonPrimitive                                                   : loaded 5 times (x 95B)
Class org.jetbrains.kotlin.gradle.idea.kpm.IdeaKpmProjectContainer                    : loaded 5 times (x 72B)
Class com.google.gson.internal.sql.SqlTimeTypeAdapter                                 : loaded 5 times (x 76B)
Class com.google.gson.internal.bind.TreeTypeAdapter                                   : loaded 5 times (x 77B)
Class com.google.gson.internal.bind.TypeAdapters$16                                   : loaded 5 times (x 77B)
Class com.google.gson.internal.bind.TypeAdapters$3                                    : loaded 5 times (x 77B)
Class com.google.gson.internal.sql.SqlTypesSupport$2                                  : loaded 5 times (x 76B)
Class com.android.tools.idea.gradle.project.sync.DeliverableGradleModule$ModelConsumer: loaded 5 times (x 74B)
Class org.jetbrains.plugins.gradle.tooling.serialization.internal.IdeaProjectSerializationService$8: loaded 5 times (x 78B)
Class com.android.tools.idea.gradle.project.sync.DeliverableJavaModule                : loaded 5 times (x 78B)
Class org.jetbrains.plugins.gradle.tooling.serialization.internal.IdeaProjectSerializationService$7: loaded 5 times (x 78B)
Class com.google.gson.internal.bind.CollectionTypeAdapterFactory                      : loaded 5 times (x 77B)
Class com.google.gson.internal.bind.TypeAdapters$17                                   : loaded 5 times (x 77B)
Class [Lcom.google.gson.ReflectionAccessFilter$FilterResult;                          : loaded 5 times (x 71B)
Class com.google.gson.JsonElement                                                     : loaded 5 times (x 94B)
Class com.google.gson.internal.bind.TypeAdapters$4                                    : loaded 5 times (x 77B)
Class org.jetbrains.plugins.gradle.tooling.serialization.internal.IdeaProjectSerializationService$6: loaded 5 times (x 78B)
Class com.google.gson.internal.Streams                                                : loaded 4 times (x 73B)
Class com.google.gson.internal.Streams$AppendableWriter                               : loaded 4 times (x 101B)
Class org.gradle.kotlin.dsl.VersionCatalogAccessorsKt                                 : loaded 4 times (x 73B)
Class com.google.common.io.LineProcessor                                              : loaded 3 times (x 72B)
Class com.google.common.collect.Maps$EntryTransformer                                 : loaded 3 times (x 72B)
Class ijInit1_bayoswf9suq4y52t02fczunr8$_run_closure1                                 : loaded 3 times (x 141B)
Class com.intellij.gradle.toolingExtension.impl.model.resourceFilterModel.GradleResourceFilterModelBuilder: loaded 3 times (x 73B)
Class com.google.common.util.concurrent.SettableFuture                                : loaded 3 times (x 116B)
Class org.jetbrains.kotlin.idea.gradleTooling.GetAdditionalVisibleSourceSetsKt        : loaded 3 times (x 73B)
Class org.jetbrains.plugins.gradle.model.DefaultGradleProperty                        : loaded 3 times (x 80B)
Class org.objectweb.asm.RecordComponentWriter                                         : loaded 3 times (x 79B)
Class com.google.common.util.concurrent.AbstractFuture$Listener                       : loaded 3 times (x 74B)
Class com.android.ide.gradle.model.composites.BuildMapModelBuilder                    : loaded 3 times (x 77B)
Class org.jetbrains.kotlin.idea.gradleTooling.reflect.KotlinSourceSetReflectionKt     : loaded 3 times (x 73B)
Class com.google.common.cache.LocalCache$Strength$2                                   : loaded 3 times (x 83B)
Class com.intellij.gradle.toolingExtension.impl.model.warmUp.GradleTaskWarmUpService  : loaded 3 times (x 88B)
Class com.intellij.gradle.toolingExtension.impl.modelBuilder.DefaultModelBuilderContext: loaded 3 times (x 79B)
Class org.jetbrains.plugins.gradle.tooling.serialization.GradleExtensionsSerializationService$1: loaded 3 times (x 78B)
Class org.jetbrains.kotlin.idea.gradleTooling.reflect.ReflectionReceiver              : loaded 3 times (x 72B)
Class org.objectweb.asm.Attribute                                                     : loaded 3 times (x 79B)
Class com.google.common.base.Supplier                                                 : loaded 3 times (x 72B)
Class org.jetbrains.plugins.gradle.tooling.builder.DependencyAccessorsModelBuilder    : loaded 3 times (x 83B)
Class com.intellij.gradle.toolingExtension.impl.util.GradleIdeaPluginUtil             : loaded 3 times (x 73B)
Class com.android.ide.gradle.model.impl.GradlePluginModelImpl$Companion               : loaded 3 times (x 73B)
Class com.android.ide.gradle.model.dependencies.DeclaredDependenciesModelBuilderKt    : loaded 3 times (x 73B)
Class org.jetbrains.kotlin.idea.gradleTooling.GeneratedSourceRootsKt                  : loaded 3 times (x 73B)
Class com.google.common.cache.CacheLoader$SupplierToCacheLoader                       : loaded 3 times (x 77B)
Class org.objectweb.asm.RecordComponentVisitor                                        : loaded 3 times (x 79B)
Class com.google.common.collect.ImmutableMultiset                                     : loaded 3 times (x 165B)
Class com.google.common.cache.LocalCache$Strength$1                                   : loaded 3 times (x 83B)
Class org.jetbrains.kotlin.idea.gradleTooling.model.allopen.AllOpenModelBuilderService: loaded 3 times (x 87B)
Class com.intellij.gradle.toolingExtension.impl.util.GradleProjectUtil                : loaded 3 times (x 73B)
Class kotlinx.coroutines.flow.FlowCollector                                           : loaded 3 times (x 72B)
Class com.google.common.io.ByteStreams                                                : loaded 3 times (x 73B)
Class com.google.common.cache.CacheStats                                              : loaded 3 times (x 73B)
Class org.objectweb.asm.AnnotationWriter                                              : loaded 3 times (x 80B)
Class org.objectweb.asm.ModuleVisitor                                                 : loaded 3 times (x 83B)
Class com.google.common.collect.Sets$4                                                : loaded 3 times (x 143B)
Class org.jetbrains.plugins.gradle.tooling.builder.IntelliJProjectSettingsBuilder     : loaded 3 times (x 80B)
Class org.jetbrains.plugins.gradle.model.DefaultExternalProjectDependency             : loaded 3 times (x 122B)
Class com.intellij.gradle.toolingExtension.impl.model.dependencyModel.GradleDependencyResolver$1: loaded 3 times (x 79B)
Class com.google.common.util.concurrent.AbstractFuture$Trusted                        : loaded 3 times (x 72B)
Class org.jetbrains.kotlin.idea.gradleTooling.PrepareKotlinIdeaImportTaskModelBuilder : loaded 3 times (x 88B)
Class ijInit1_bayoswf9suq4y52t02fczunr8                                               : loaded 3 times (x 173B)
Class org.jetbrains.kotlin.tooling.core.InternerKt                                    : loaded 3 times (x 73B)
Class com.google.common.collect.RegularImmutableMap$Values                            : loaded 3 times (x 209B)
Class com.google.common.base.FunctionalEquivalence                                    : loaded 3 times (x 85B)
Class com.google.common.util.concurrent.AbstractFuture                                : loaded 3 times (x 108B)
Class com.google.common.collect.AbstractMapBasedMultimap                              : loaded 3 times (x 140B)
Class org.jetbrains.kotlin.idea.gradleTooling.KotlinDslScriptTaskModelBuilder         : loaded 3 times (x 88B)
Class com.intellij.gradle.toolingExtension.impl.model.taskModel.GradleTaskModelBuilder: loaded 3 times (x 88B)
Class org.jetbrains.kotlin.idea.gradleTooling.model.annotation.AnnotationBasedPluginModelBuilderService: loaded 3 times (x 87B)
Class com.google.common.base.Strings                                                  : loaded 3 times (x 73B)
Class com.intellij.gradle.toolingExtension.impl.model.repositoryModel.DefaultProjectRepositoriesModel: loaded 3 times (x 78B)
Class org.jetbrains.kotlin.idea.gradleTooling.UtilsKt                                 : loaded 3 times (x 73B)
Class com.google.common.cache.LocalCache$Strength$3                                   : loaded 3 times (x 83B)
Class com.google.common.collect.MapDifference                                         : loaded 3 times (x 72B)
Class com.google.common.collect.Sets                                                  : loaded 3 times (x 73B)
Class com.android.ide.gradle.model.builder.AndroidStudioToolingPlugin                 : loaded 3 times (x 77B)
Class org.objectweb.asm.Handler                                                       : loaded 3 times (x 74B)
Class com.google.common.base.Ticker                                                   : loaded 3 times (x 74B)
Class org.jetbrains.plugins.gradle.tooling.builder.ProjectExtensionsDataBuilderImpl   : loaded 3 times (x 80B)
Class com.google.common.io.ByteArrayDataInput                                         : loaded 3 times (x 72B)
Class org.jetbrains.plugins.gradle.model.DefaultExternalTask                          : loaded 3 times (x 85B)
Class com.android.ide.gradle.model.artifacts.builder.AdditionalClassifierArtifactsModelBuilder: loaded 3 times (x 81B)
Class com.intellij.openapi.externalSystem.model.project.dependencies.UnknownDependencyNode: loaded 3 times (x 89B)
Class com.intellij.gradle.toolingExtension.impl.model.sourceSetModel.GradleSourceSetResolutionContext: loaded 3 times (x 75B)
Class com.intellij.compose.ide.plugin.gradleTooling.rt.ComposeResourcesExtension$Companion: loaded 3 times (x 73B)
Class org.jetbrains.plugins.gradle.tooling.builder.WarModelBuilderImplKt              : loaded 3 times (x 73B)
Class [Lcom.google.common.cache.LocalCache$Segment;                                   : loaded 3 times (x 71B)
Class org.jetbrains.kotlin.idea.gradleTooling.reflect.ParameterList$Companion         : loaded 3 times (x 73B)
Class org.jetbrains.plugins.gradle.tooling.serialization.GradleExtensionsSerializationService$2: loaded 3 times (x 78B)
Class com.google.gson.TypeAdapter$NullSafeTypeAdapter                                 : loaded 3 times (x 76B)
Class org.jetbrains.kotlin.idea.gradleTooling.reflect.ParameterList                   : loaded 3 times (x 171B)
Class [Lcom.google.common.cache.LocalCache$Strength;                                  : loaded 3 times (x 71B)
Class com.google.common.cache.CacheBuilder$1                                          : loaded 3 times (x 87B)
Class com.google.common.collect.ImmutableMap                                          : loaded 3 times (x 122B)
Class com.google.common.io.ByteSink$AsCharSink                                        : loaded 3 times (x 82B)
Class com.google.common.cache.LocalCache$LocalLoadingCache                            : loaded 3 times (x 136B)
Class [Lorg.jetbrains.kotlin.tooling.core.KotlinToolingVersion$Maturity;              : loaded 3 times (x 71B)
Class com.google.common.collect.Sets$3                                                : loaded 3 times (x 143B)
Class org.jetbrains.plugins.gradle.tooling.builder.ProjectExtensionsDataBuilderImpl$Companion: loaded 3 times (x 73B)
Class org.jetbrains.plugins.gradle.tooling.internal.ClasspathEntryModelImpl           : loaded 3 times (x 82B)
Class [Lorg.objectweb.asm.AnnotationVisitor;                                          : loaded 3 times (x 71B)
Class com.google.gson.stream.JsonToken                                                : loaded 3 times (x 81B)
Class com.google.common.cache.LocalCache                                              : loaded 3 times (x 188B)
Class com.google.common.cache.CacheBuilder$2                                          : loaded 3 times (x 81B)
Class com.google.common.base.Converter                                                : loaded 3 times (x 92B)
Class com.google.common.cache.ReferenceEntry                                          : loaded 3 times (x 72B)
Class com.google.common.util.concurrent.ListenableFuture                              : loaded 3 times (x 72B)
Class org.jetbrains.kotlin.idea.gradleTooling.AbstractKotlinGradleModelBuilder        : loaded 3 times (x 83B)
Class [Lcom.google.common.cache.LocalCache$EntryFactory;                              : loaded 3 times (x 71B)
Class org.objectweb.asm.Symbol                                                        : loaded 3 times (x 75B)
Class org.jetbrains.plugins.gradle.model.DefaultExternalLibraryDependency             : loaded 3 times (x 113B)
Class com.intellij.openapi.externalSystem.model.project.dependencies.ArtifactDependencyNode: loaded 3 times (x 72B)
Class org.jetbrains.kotlin.idea.gradleTooling.KotlinMPPGradleModelBinary              : loaded 3 times (x 72B)
Class com.intellij.gradle.toolingExtension.impl.model.sourceSetArtifactIndex.GradleSourceSetArtifactIndex: loaded 3 times (x 80B)
Class com.android.ide.gradle.model.dependencies.DeclaredDependenciesModelBuilder$Companion: loaded 3 times (x 73B)
Class com.android.ide.gradle.model.dependencies.CoordinatesImpl                       : loaded 3 times (x 79B)
Class org.jetbrains.plugins.gradle.tooling.util.BooleanBiFunction                     : loaded 3 times (x 72B)
Class com.intellij.openapi.externalSystem.model.project.dependencies.ProjectDependenciesImpl: loaded 3 times (x 79B)
Class org.jetbrains.kotlin.idea.gradleTooling.model.samWithReceiver.SamWithReceiverModel: loaded 3 times (x 72B)
Class com.intellij.gradle.toolingExtension.impl.model.buildScriptClasspathModel.GradleBuildScriptClasspathCache: loaded 3 times (x 77B)
Class com.google.common.collect.ImmutableMultisetGwtSerializationDependencies         : loaded 3 times (x 127B)
Class com.google.common.collect.ArrayListMultimap                                     : loaded 3 times (x 173B)
Class com.google.common.cache.CacheBuilder$3                                          : loaded 3 times (x 74B)
Class [Lcom.google.common.collect.AbstractMapEntry;                                   : loaded 3 times (x 71B)
Class com.google.common.collect.ImmutableEntry                                        : loaded 3 times (x 84B)
Class org.jetbrains.kotlin.idea.gradleTooling.reflect.KotlinMultiplatformImportReflection: loaded 3 times (x 72B)
Class com.android.ide.gradle.model.builder.LegacyV1AgpVersionModelBuilder             : loaded 3 times (x 77B)
Class [Lcom.google.common.cache.CacheBuilder$NullListener;                            : loaded 3 times (x 71B)
Class org.objectweb.asm.ByteVector                                                    : loaded 3 times (x 81B)
Class com.google.common.collect.Sets$2                                                : loaded 3 times (x 143B)
Class com.android.ide.gradle.model.builder.LegacyAndroidGradlePluginPropertiesModelBuilder$PluginType: loaded 3 times (x 81B)
Class org.jetbrains.kotlin.idea.gradleTooling.model.kapt.KaptGradleModelImpl          : loaded 3 times (x 79B)
Class org.jetbrains.plugins.gradle.tooling.util.BiFunction                            : loaded 3 times (x 72B)
Class org.jetbrains.plugins.gradle.model.AbstractExternalDependency                   : loaded 3 times (x 108B)
Class org.jetbrains.kotlin.idea.gradleTooling.PrepareKotlinIdeaImportTaskModelBuilder$Messages: loaded 3 times (x 73B)
Class com.intellij.gradle.toolingExtension.impl.model.dependencyGraphModel.GradleDependencyReportGenerator: loaded 3 times (x 75B)
Class com.google.common.collect.CollectPreconditions                                  : loaded 3 times (x 73B)
Class com.intellij.gradle.toolingExtension.impl.model.dependencyModel.auxiliary.AuxiliaryArtifactResolverImpl: loaded 3 times (x 78B)
Class com.google.common.math.IntMath$1                                                : loaded 3 times (x 73B)
Class org.jetbrains.plugins.gradle.model.ModelFactory                                 : loaded 3 times (x 73B)
Class org.jetbrains.plugins.gradle.tooling.serialization.ToolingStreamApiUtilsKt      : loaded 3 times (x 73B)
Class org.jetbrains.plugins.gradle.tooling.ModelBuilderContext$DataProvider           : loaded 3 times (x 72B)
Class [Lcom.google.common.io.FileWriteMode;                                           : loaded 3 times (x 71B)
Class com.google.common.collect.SortedMapDifference                                   : loaded 3 times (x 72B)
Class com.google.common.cache.LocalCache$LocalManualCache$1                           : loaded 3 times (x 77B)
Class com.google.common.collect.ImmutableMultimap$Values                              : loaded 3 times (x 128B)
Class org.jetbrains.kotlin.tooling.core.KotlinToolingVersion$Maturity                 : loaded 3 times (x 81B)
Class com.google.common.io.Files$FileByteSink                                         : loaded 3 times (x 79B)
Class org.objectweb.asm.FieldWriter                                                   : loaded 3 times (x 79B)
Class com.google.common.util.concurrent.UncheckedExecutionException                   : loaded 3 times (x 84B)
Class com.google.common.base.CommonPattern                                            : loaded 3 times (x 76B)
Class com.google.common.cache.LocalCache$LocalManualCache                             : loaded 3 times (x 101B)
Class com.intellij.gradle.toolingExtension.impl.model.utilTurnOffDefaultTasksModel.TurnOffDefaultTasksModelBuilder: loaded 3 times (x 88B)
Class org.jetbrains.kotlin.idea.gradleTooling.KotlinMPPGradleModelBuilder             : loaded 3 times (x 88B)
Class org.jetbrains.plugins.gradle.tooling.serialization.internal.adapter.InternalProjectIdentifier: loaded 3 times (x 78B)
Class com.intellij.gradle.toolingExtension.impl.model.dependencyModel.GradleDependencyTraverser$Itr: loaded 3 times (x 85B)
Class com.intellij.util.ExceptionUtilRt$1                                             : loaded 3 times (x 131B)
Class com.intellij.gradle.toolingExtension.impl.util.javaPluginUtil.JavaPluginAccessor: loaded 3 times (x 72B)
Class org.jetbrains.kotlin.idea.gradleTooling.reflect.KotlinSwiftExportReflection     : loaded 3 times (x 72B)
Class [Lcom.intellij.openapi.externalSystem.model.project.IExternalSystemSourceType;  : loaded 3 times (x 71B)
Class org.jetbrains.kotlin.idea.gradleTooling.reflect.KotlinExtensionReflection       : loaded 3 times (x 74B)
Class org.jetbrains.kotlin.idea.gradleTooling.reflect.KotlinExtensionReflection$Companion: loaded 3 times (x 73B)
Class com.google.common.io.Files                                                      : loaded 3 times (x 73B)
Class org.jetbrains.kotlin.cli.common.arguments.CommonCompilerArguments               : loaded 3 times (x 76B)
Class com.google.common.cache.LocalCache$EntryFactory                                 : loaded 3 times (x 85B)
Class org.jetbrains.kotlin.idea.gradleTooling.reflect.ReflectionReceiver$Static       : loaded 3 times (x 79B)
Class com.intellij.util.ExceptionUtilRt                                               : loaded 3 times (x 73B)
Class com.google.common.cache.CacheBuilder$NullListener                               : loaded 3 times (x 84B)
Class com.google.common.collect.Sets$1                                                : loaded 3 times (x 143B)
Class com.android.ide.gradle.model.composites.BuildMapImpl                            : loaded 3 times (x 77B)
Class [Lorg.jetbrains.kotlin.idea.gradleTooling.reflect.Parameter;                    : loaded 3 times (x 71B)
Class com.android.ide.gradle.model.dependencies.DeclaredDependenciesImpl              : loaded 3 times (x 78B)
Class org.jetbrains.plugins.gradle.tooling.serialization.GradleExtensionsSerializationService$3: loaded 3 times (x 78B)
Class org.jetbrains.kotlin.idea.gradleTooling.KotlinTaskPropertiesImpl                : loaded 3 times (x 80B)
Class com.google.common.util.concurrent.internal.InternalFutureFailureAccess          : loaded 3 times (x 74B)
Class com.google.common.collect.ImmutableSet$JdkBackedSetBuilderImpl                  : loaded 3 times (x 78B)
Class org.gradle.kotlin.dsl.AndroidTestImplementationConfigurationAccessorsKt         : loaded 3 times (x 73B)
Class org.jetbrains.kotlin.idea.gradleTooling.model.assignment.AssignmentModel        : loaded 3 times (x 72B)
Class com.intellij.openapi.externalSystem.model.project.dependencies.ComponentDependencies: loaded 3 times (x 72B)
Class org.jetbrains.plugins.gradle.tooling.ModelBuilderService$Ex                     : loaded 3 times (x 72B)
Class org.jetbrains.plugins.gradle.tooling.MessageBuilder                             : loaded 3 times (x 72B)
Class com.google.common.collect.ImmutableListMultimap                                 : loaded 3 times (x 178B)
Class org.objectweb.asm.Type                                                          : loaded 3 times (x 74B)
Class org.jetbrains.kotlin.cli.common.arguments.CommonCompilerArgumentsConfigurator   : loaded 3 times (x 76B)
Class com.google.common.cache.LocalCache$AbstractReferenceEntry                       : loaded 3 times (x 109B)
Class org.jetbrains.kotlin.idea.gradleTooling.model.allopen.AllOpenModel              : loaded 3 times (x 72B)
Class org.jetbrains.plugins.gradle.tooling.Message$FilePosition                       : loaded 3 times (x 77B)
Class [Lcom.google.gson.stream.JsonToken;                                             : loaded 3 times (x 71B)
Class com.google.common.graph.SuccessorsFunction                                      : loaded 3 times (x 72B)
Class kotlinx.coroutines.flow.internal.FusibleFlow                                    : loaded 3 times (x 72B)
Class org.jetbrains.plugins.gradle.model.DefaultUnresolvedExternalDependency          : loaded 3 times (x 113B)
Class com.google.common.collect.ImmutableEnumMap                                      : loaded 3 times (x 128B)
Class com.google.common.collect.ImmutableBiMap                                        : loaded 3 times (x 145B)
Class com.google.common.cache.CacheLoader                                             : loaded 3 times (x 76B)
Class [Lorg.objectweb.asm.SymbolTable$Entry;                                          : loaded 3 times (x 71B)
Class com.google.common.collect.AbstractListMultimap                                  : loaded 3 times (x 173B)
Class [Lorg.jetbrains.plugins.gradle.tooling.Message$Kind;                            : loaded 3 times (x 71B)
Class com.intellij.gradle.toolingExtension.impl.model.utilDummyModel.DummyModelBuilder: loaded 3 times (x 88B)
Class com.intellij.openapi.externalSystem.model.project.dependencies.AbstractDependencyNode: loaded 3 times (x 89B)
Class org.jetbrains.plugins.gradle.tooling.builder.VersionCatalogsModelBuilder        : loaded 3 times (x 88B)
Class com.google.common.cache.LocalCache$StrongValueReference                         : loaded 3 times (x 92B)
Class com.google.gson.internal.bind.EnumTypeAdapter$1                                 : loaded 3 times (x 77B)
Class com.google.common.cache.LocalCache$2                                            : loaded 3 times (x 144B)
Class com.android.ide.gradle.model.builder.LegacyAndroidGradlePluginPropertiesModelBuilder: loaded 3 times (x 82B)
Class com.google.common.collect.Sets$SetView                                          : loaded 3 times (x 141B)
Class org.jetbrains.kotlin.idea.gradleTooling.reflect.KotlinMultiplatformImportReflectionImpl$Companion: loaded 3 times (x 73B)
Class org.jetbrains.plugins.gradle.model.web.WebConfiguration                         : loaded 3 times (x 72B)
Class org.objectweb.asm.SymbolTable                                                   : loaded 3 times (x 74B)
Class com.google.common.collect.ListMultimap                                          : loaded 3 times (x 72B)
Class com.google.common.cache.CacheLoader$InvalidCacheLoadException                   : loaded 3 times (x 84B)
Class org.jetbrains.plugins.gradle.tooling.internal.VersionCatalogsModelImpl          : loaded 3 times (x 78B)
Class com.android.ide.gradle.model.builder.GradlePropertiesModelBuilder               : loaded 3 times (x 77B)
Class com.intellij.gradle.toolingExtension.impl.model.taskModel.DefaultGradleTaskModel: loaded 3 times (x 77B)
Class com.google.common.cache.LocalCache$StrongEntry                                  : loaded 3 times (x 110B)
Class com.google.common.util.concurrent.AbstractFuture$TrustedFuture                  : loaded 3 times (x 116B)
Class com.google.common.cache.LoadingCache                                            : loaded 3 times (x 72B)
Class org.gradle.kotlin.dsl.ImplementationConfigurationAccessorsKt                    : loaded 3 times (x 73B)
Class org.jetbrains.kotlin.tooling.core.KotlinToolingVersionKt                        : loaded 3 times (x 73B)
Class org.jetbrains.plugins.gradle.model.DefaultDependencyAccessorsModel              : loaded 3 times (x 78B)
Class com.google.common.collect.AbstractMultimap                                      : loaded 3 times (x 125B)
Class com.intellij.openapi.externalSystem.model.project.dependencies.DependencyNode   : loaded 3 times (x 72B)
Class [Lcom.google.common.collect.ImmutableMapEntry;                                  : loaded 3 times (x 71B)
Class org.jetbrains.kotlin.cli.common.arguments.K2JVMCompilerArguments                : loaded 3 times (x 77B)
Class org.jetbrains.kotlin.tooling.core.InternerImpl$Store                            : loaded 3 times (x 72B)
Class kotlinx.coroutines.flow.MutableSharedFlow                                       : loaded 3 times (x 72B)
Class com.google.common.cache.LocalCache$Segment                                      : loaded 3 times (x 155B)
Class org.jetbrains.kotlin.idea.gradleTooling.model.assignment.AssignmentModelBuilderService: loaded 3 times (x 87B)
Class com.intellij.compose.ide.plugin.gradleTooling.rt.ComposeResourcesModelBuilder   : loaded 3 times (x 80B)
Class com.google.common.collect.AbstractMapBasedMultimap$KeySet$1                     : loaded 3 times (x 84B)
Class org.jetbrains.plugins.gradle.tooling.MessageReporter                            : loaded 3 times (x 72B)
Class com.intellij.gradle.toolingExtension.impl.model.dependencyDownloadPolicyModel.GradleDependencyDownloadPolicyCache: loaded 3 times (x 77B)
Class org.jetbrains.kotlin.idea.gradleTooling.model.annotation.AnnotationBasedPluginModel: loaded 3 times (x 72B)
Class com.android.ide.gradle.model.impl.GradlePropertiesModelImpl                     : loaded 3 times (x 82B)
Class com.google.common.collect.Maps$8                                                : loaded 3 times (x 84B)
Class com.google.common.collect.Streams                                               : loaded 3 times (x 73B)
Class org.jetbrains.kotlin.idea.gradleTooling.model.parcelize.ParcelizeGradleModel    : loaded 3 times (x 72B)
Class com.intellij.gradle.toolingExtension.impl.model.sourceSetModel.GradleSourceSetModelBuilder$1: loaded 3 times (x 85B)
Class org.jetbrains.plugins.gradle.tooling.builder.AnnotationProcessingModelBuilder   : loaded 3 times (x 88B)
Class com.google.common.collect.AbstractMapBasedMultimap$KeySet                       : loaded 3 times (x 139B)
Class com.google.common.io.ByteStreams$LimitedInputStream                             : loaded 3 times (x 94B)
Class org.objectweb.asm.MethodWriter                                                  : loaded 3 times (x 107B)
Class [Lcom.google.common.cache.Weigher;                                              : loaded 3 times (x 71B)
Class com.google.common.collect.RegularImmutableMap$BucketOverflowException           : loaded 3 times (x 84B)
Class com.intellij.gradle.toolingExtension.impl.model.sourceSetModel.GradleSourceSetModelBuilder$2: loaded 3 times (x 85B)
Class org.objectweb.asm.ClassWriter                                                   : loaded 3 times (x 107B)
Class org.jetbrains.plugins.gradle.tooling.MessageReportBuilder                       : loaded 3 times (x 72B)
Class com.google.common.math.IntMath                                                  : loaded 3 times (x 73B)
Class com.google.common.collect.ImmutableMap$IteratorBasedImmutableMap                : loaded 3 times (x 128B)
Class com.google.common.cache.LocalCache$ComputingValueReference                      : loaded 3 times (x 98B)
Class com.google.common.collect.ImmutableMultimap$1                                   : loaded 3 times (x 84B)
Class [Lorg.objectweb.asm.AnnotationWriter;                                           : loaded 3 times (x 71B)
Class com.google.common.cache.CacheLoader$FunctionToCacheLoader                       : loaded 3 times (x 77B)
Class org.jetbrains.plugins.gradle.tooling.Message$Kind                               : loaded 3 times (x 81B)
Class com.intellij.gradle.toolingExtension.impl.model.sourceSetModel.GradleSourceSetModelBuilder$3: loaded 3 times (x 85B)
Class com.google.common.collect.ImmutableMultimap$2                                   : loaded 3 times (x 83B)
Class com.google.common.collect.RegularImmutableBiMap                                 : loaded 3 times (x 150B)
Class com.google.common.cache.LocalCache$ValueReference                               : loaded 3 times (x 72B)
Class com.google.common.cache.CacheLoader$UnsupportedLoadingOperationException        : loaded 3 times (x 84B)
Class org.jetbrains.kotlin.tooling.core.Interner                                      : loaded 3 times (x 72B)
Class org.jetbrains.plugins.gradle.tooling.serialization.RepositoriesModelSerializationService$1: loaded 3 times (x 78B)
Class com.android.ide.gradle.model.builder.GradlePluginModelBuilder                   : loaded 3 times (x 77B)
Class org.jetbrains.kotlin.idea.gradleTooling.KotlinGradleModelBuilder                : loaded 3 times (x 88B)
Class com.google.common.base.Suppliers$SupplierOfInstance                             : loaded 3 times (x 81B)
Class org.jetbrains.kotlin.idea.gradleTooling.KotlinGradlePluginVersionImpl           : loaded 3 times (x 80B)
Class com.google.gson.internal.bind.EnumTypeAdapter                                   : loaded 3 times (x 78B)
Class org.jetbrains.kotlin.cli.common.arguments.CommonToolArguments                   : loaded 3 times (x 75B)
Class com.google.common.base.PatternCompiler                                          : loaded 3 times (x 72B)
Class com.google.common.util.concurrent.AbstractFuture$Failure                        : loaded 3 times (x 74B)
Class com.google.common.base.Equivalence$Equals                                       : loaded 3 times (x 84B)
Class org.jetbrains.kotlin.idea.gradleTooling.reflect.KotlinAndroidSourceSetInfoReflection: loaded 3 times (x 72B)
Class com.google.common.collect.Sets$ImprovedAbstractSet                              : loaded 3 times (x 137B)
Class com.intellij.gradle.toolingExtension.impl.model.buildScriptClasspathModel.GradleBuildScriptClasspathSerializationService$1: loaded 3 times (x 78B)
Class com.intellij.gradle.toolingExtension.impl.modelBuilder.DefaultMessageReporter   : loaded 3 times (x 77B)
Class com.google.common.collect.Hashing                                               : loaded 3 times (x 73B)
Class com.android.ide.gradle.model.builder.LegacyAndroidGradlePluginPropertiesModelBuilder$Companion$maybeRegister$1: loaded 3 times (x 77B)
Class org.jetbrains.kotlin.idea.gradleTooling.KotlinMPPGradleModelBuilder$Companion   : loaded 3 times (x 73B)
Class com.intellij.gradle.toolingExtension.impl.model.projectModel.GradleExternalProjectModelBuilder: loaded 3 times (x 88B)
Class org.jetbrains.kotlin.idea.gradleTooling.ModelBuilderUtilsKt                     : loaded 3 times (x 73B)
Class org.objectweb.asm.commons.InstructionAdapter                                    : loaded 3 times (x 190B)
Class com.google.common.collect.ImmutableMapEntry                                     : loaded 3 times (x 87B)
Class org.objectweb.asm.Edge                                                          : loaded 3 times (x 74B)
Class org.jetbrains.kotlin.idea.gradleTooling.model.noarg.NoArgModelBuilderService    : loaded 3 times (x 87B)
Class com.android.ide.gradle.model.builder.LegacyAndroidGradlePluginPropertiesModelBuilder$Companion: loaded 3 times (x 73B)
Class org.jetbrains.plugins.gradle.model.DefaultGradleConfiguration                   : loaded 3 times (x 81B)
Class org.jetbrains.plugins.gradle.DefaultExternalDependencyId                        : loaded 3 times (x 82B)
Class org.jetbrains.kotlin.idea.gradleTooling.model.samWithReceiver.SamWithReceiverModelBuilderService: loaded 3 times (x 87B)
Class com.intellij.gradle.toolingExtension.impl.model.sourceSetModel.GradleSourceSetModelBuilder: loaded 3 times (x 88B)
Class org.jetbrains.kotlin.idea.gradleTooling.reflect.KotlinLanguageSettingsReflection: loaded 3 times (x 72B)
Class com.intellij.gradle.toolingExtension.impl.model.dependencyModel.auxiliary.AuxiliaryConfigurationArtifacts: loaded 3 times (x 76B)
Class com.google.common.io.CharSink                                                   : loaded 3 times (x 81B)
Class org.objectweb.asm.Label                                                         : loaded 3 times (x 75B)
Class org.objectweb.asm.CurrentFrame                                                  : loaded 3 times (x 75B)
Class org.objectweb.asm.ClassTooLargeException                                        : loaded 3 times (x 84B)
Class org.jetbrains.plugins.gradle.tooling.builder.ExternalTestsModelBuilderImpl      : loaded 3 times (x 80B)
Class org.jetbrains.plugins.gradle.tooling.DefaultMessageBuilder                      : loaded 3 times (x 86B)
Class com.google.common.collect.EmptyImmutableListMultimap                            : loaded 3 times (x 178B)
Class org.gradle.kotlin.dsl.Accessors7cddnu26duc8nxp06w1clhaoeKt                      : loaded 3 times (x 73B)
Class com.google.common.base.Suppliers                                                : loaded 3 times (x 73B)
Class com.google.gson.internal.JsonReaderInternalAccess                               : loaded 3 times (x 74B)
Class org.objectweb.asm.SymbolTable$Entry                                             : loaded 3 times (x 75B)
Class org.jetbrains.kotlin.cli.common.arguments.Freezable                             : loaded 3 times (x 74B)
Class [Lcom.google.common.cache.CacheBuilder$OneWeigher;                              : loaded 3 times (x 71B)
Class com.android.ide.gradle.model.builder.LegacyAndroidGradlePluginPropertiesModelBuilder$Companion$maybeRegister$2: loaded 3 times (x 77B)
Class org.objectweb.asm.MethodTooLargeException                                       : loaded 3 times (x 84B)
Class org.jetbrains.plugins.gradle.model.tests.DefaultExternalTestsModel              : loaded 3 times (x 79B)
Class org.jetbrains.kotlin.idea.gradleTooling.KotlinGradlePluginVersionKt             : loaded 3 times (x 73B)
Class org.jetbrains.kotlin.idea.gradleTooling.reflect.TypeToken$Companion             : loaded 3 times (x 73B)
Class com.google.common.collect.BaseImmutableMultimap                                 : loaded 3 times (x 125B)
Class org.jetbrains.kotlin.idea.gradleTooling.model.parcelize.ParcelizeModelBuilderService: loaded 3 times (x 83B)
Class org.objectweb.asm.Frame                                                         : loaded 3 times (x 75B)
Class org.objectweb.asm.FieldVisitor                                                  : loaded 3 times (x 79B)
Class org.objectweb.asm.MethodVisitor                                                 : loaded 3 times (x 107B)
Class com.google.common.cache.LocalCache$EntryFactory$1                               : loaded 3 times (x 85B)
Class [Lcom.google.common.cache.RemovalListener;                                      : loaded 3 times (x 71B)
Class com.google.common.base.JdkPattern                                               : loaded 3 times (x 77B)
Class com.google.common.io.Files$FileByteSource                                       : loaded 3 times (x 87B)
Class com.intellij.gradle.toolingExtension.impl.model.sourceSetArtifactIndex.GradleSourceSetArtifactIndexBuilder: loaded 3 times (x 88B)
Class org.jetbrains.kotlin.idea.gradleTooling.model.kapt.KaptModelBuilderService      : loaded 3 times (x 88B)
Class com.intellij.openapi.externalSystem.model.project.ExternalSystemSourceType      : loaded 3 times (x 87B)
Class com.intellij.gradle.toolingExtension.impl.javaModel.manifestModel.DefaultJavaGradleManifestModel: loaded 3 times (x 78B)
Class org.jetbrains.kotlin.idea.gradleTooling.reflect.KotlinSourceSetReflection       : loaded 3 times (x 72B)
Class kotlinx.coroutines.flow.SharedFlow                                              : loaded 3 times (x 72B)
Class com.google.common.base.Platform$JdkPatternCompiler                              : loaded 3 times (x 77B)
Class com.android.ide.gradle.model.builder.LegacyAndroidGradlePluginPropertiesModelBuilder$Companion$maybeRegister$3: loaded 3 times (x 77B)
Class com.google.common.collect.IndexedImmutableSet                                   : loaded 3 times (x 154B)
Class com.google.common.collect.ImmutableMap$1                                        : loaded 3 times (x 83B)
Class com.google.common.collect.BiMap                                                 : loaded 3 times (x 72B)
Class kotlinx.coroutines.internal.Symbol                                              : loaded 3 times (x 74B)
Class com.google.common.base.Platform                                                 : loaded 3 times (x 73B)
Class org.jetbrains.kotlin.idea.gradleTooling.KotlinMPPGradleModelBinaryBuilder       : loaded 3 times (x 88B)
Class [Lcom.intellij.openapi.externalSystem.model.project.ExternalSystemSourceType;   : loaded 3 times (x 71B)
Class org.jetbrains.kotlin.idea.gradleTooling.model.noarg.NoArgModel                  : loaded 3 times (x 72B)
Class com.intellij.gradle.toolingExtension.impl.model.buildScriptClasspathModel.GradleBuildScriptClasspathModelBuilder: loaded 3 times (x 88B)
Class org.jetbrains.kotlin.idea.gradleTooling.PrepareKotlinIdeaImportTaskModelBuilder$KotlinNativePlatformDependenciesKt: loaded 3 times (x 73B)
Class org.jetbrains.kotlin.idea.gradleTooling.reflect.Parameter                       : loaded 3 times (x 74B)
Class org.jetbrains.kotlin.idea.gradleTooling.OrphanSourceSetImportingChecker         : loaded 3 times (x 76B)
Class com.google.common.cache.LocalCache$EntryFactory$2                               : loaded 3 times (x 85B)
Class org.objectweb.asm.ClassVisitor                                                  : loaded 3 times (x 90B)
Class [Lorg.objectweb.asm.Symbol;                                                     : loaded 3 times (x 71B)
Class com.android.ide.gradle.model.builder.LegacyAndroidGradlePluginPropertiesModelBuilder$Companion$maybeRegister$4: loaded 3 times (x 77B)
Class Build_gradle$1                                                                  : loaded 3 times (x 76B)
Class org.jetbrains.kotlin.idea.gradleTooling.model.lombok.LombokModelBuilderService  : loaded 3 times (x 89B)
Class org.jetbrains.kotlin.idea.gradleTooling.reflect.ReflectionReceiver$Instance     : loaded 3 times (x 79B)
Class org.jetbrains.kotlin.idea.gradleTooling.reflect.KotlinMultiplatformImportReflectionImpl: loaded 3 times (x 78B)
Class org.jetbrains.kotlin.idea.gradleTooling.ResolveCompilerArgumentsKt              : loaded 3 times (x 73B)
Class org.jetbrains.plugins.gradle.tooling.internal.DefaultRepositoryModels           : loaded 3 times (x 78B)
Class org.jetbrains.kotlin.idea.gradleTooling.model.lombok.LombokModel                : loaded 3 times (x 72B)
Class org.jetbrains.kotlin.idea.gradleTooling.reflect.ReflectionLogger                : loaded 3 times (x 72B)
Class org.objectweb.asm.ModuleWriter                                                  : loaded 3 times (x 83B)
Class com.google.common.cache.LocalCache$EntryFactory$3                               : loaded 3 times (x 85B)
Class com.google.common.base.Ticker$1                                                 : loaded 3 times (x 74B)
Class com.google.common.collect.Maps$BiMapConverter                                   : loaded 3 times (x 92B)
Class com.google.common.cache.CacheBuilder                                            : loaded 3 times (x 74B)
Class com.google.common.io.ByteSink                                                   : loaded 3 times (x 78B)
Class org.jetbrains.kotlin.cli.common.arguments.K2JVMCompilerArgumentsConfigurator    : loaded 3 times (x 76B)
Class com.intellij.gradle.toolingExtension.impl.util.javaPluginUtil.JavaPluginUtil    : loaded 3 times (x 73B)
Class com.google.common.cache.LocalCache$LoadingValueReference                        : loaded 3 times (x 98B)
Class org.jetbrains.plugins.gradle.tooling.ModelBuilderService                        : loaded 3 times (x 72B)
Class org.jetbrains.kotlin.idea.gradleTooling.PrepareKotlinIdeaImportTaskModelBuilder$Companion: loaded 3 times (x 73B)
Class com.google.common.collect.ImmutableMapEntrySet$RegularEntrySet                  : loaded 3 times (x 154B)
Class com.intellij.gradle.toolingExtension.impl.modelBuilder.ExtraModelBuilder        : loaded 3 times (x 87B)
Class org.jetbrains.plugins.gradle.tooling.builder.WarModelBuilderImpl                : loaded 3 times (x 88B)
Class com.google.gson.internal.Streams$AppendableWriter$CurrentWrite                  : loaded 3 times (x 92B)
Class Settings_gradle$1$1$1                                                           : loaded 3 times (x 76B)
Class com.android.ide.gradle.model.builder.LegacyAndroidGradlePluginPropertiesModelBuilder$Companion$maybeRegister$5: loaded 3 times (x 77B)
Class com.intellij.compose.ide.plugin.gradleTooling.rt.ComposeResourcesExtension      : loaded 3 times (x 74B)
Class com.google.common.base.MoreObjects                                              : loaded 3 times (x 73B)
Class [Lcom.google.common.collect.ImmutableEntry;                                     : loaded 3 times (x 71B)
Class org.jetbrains.kotlin.idea.gradleTooling.reflect.GradleReflectionLogger          : loaded 3 times (x 77B)
Class org.jetbrains.plugins.gradle.model.ear.EarConfiguration                         : loaded 3 times (x 72B)
Class org.jetbrains.kotlin.tooling.core.InternerImpl                                  : loaded 3 times (x 78B)
Class org.jetbrains.plugins.gradle.tooling.ModelBuilderService$ParameterizedModelBuilderService: loaded 3 times (x 72B)
Class org.jetbrains.plugins.gradle.tooling.builder.EarModelBuilderImpl                : loaded 3 times (x 88B)
Class org.jetbrains.kotlin.idea.gradleTooling.reflect.KotlinCompilerArgumentsResolverReflectionKt: loaded 3 times (x 73B)
Class com.google.common.collect.ImmutableSet$Builder                                  : loaded 3 times (x 87B)
Class com.google.common.cache.LocalCache$EntryFactory$4                               : loaded 3 times (x 85B)
Class com.google.common.collect.ImmutableMap$MapViewOfValuesAsSingletonSets           : loaded 3 times (x 128B)
Class org.jetbrains.plugins.gradle.tooling.builder.MavenRepositoriesModelBuilder      : loaded 3 times (x 83B)
Class com.google.common.primitives.Ints                                               : loaded 3 times (x 73B)
Class org.jetbrains.plugins.gradle.tooling.builder.EarModelBuilderImplKt              : loaded 3 times (x 73B)
Class com.google.common.collect.RegularImmutableMap                                   : loaded 3 times (x 122B)
Class com.google.common.collect.AbstractMapEntry                                      : loaded 3 times (x 83B)
Class org.jetbrains.plugins.gradle.tooling.serialization.internal.adapter.InternalBuildIdentifier: loaded 3 times (x 77B)
Class com.google.common.collect.ImmutableMultimap                                     : loaded 3 times (x 148B)
Class com.intellij.gradle.toolingExtension.impl.model.dependencyModel.auxiliary.AuxiliaryArtifactResolver: loaded 3 times (x 72B)
Class com.google.common.base.Equivalence                                              : loaded 3 times (x 84B)
Class com.google.common.cache.LocalCache$1                                            : loaded 3 times (x 91B)
Class com.intellij.gradle.toolingExtension.impl.model.dependencyModel.GradleDependencyTraverser: loaded 3 times (x 82B)
Class com.intellij.gradle.toolingExtension.impl.model.sourceSetDependencyModel.DefaultGradleSourceSetDependencyModel: loaded 3 times (x 79B)
Class org.jetbrains.kotlin.idea.gradleTooling.AbstractKotlinGradleModelBuilder$Companion: loaded 3 times (x 73B)
Class com.google.common.io.ByteStreams$1                                              : loaded 3 times (x 87B)
Class com.google.common.cache.LocalCache$EntryFactory$5                               : loaded 3 times (x 85B)
Class com.google.common.io.ByteArrayDataOutput                                        : loaded 3 times (x 72B)
Class com.google.common.primitives.IntsMethodsForWeb                                  : loaded 3 times (x 73B)
Class com.google.common.collect.SingletonImmutableBiMap                               : loaded 3 times (x 145B)
Class com.intellij.openapi.externalSystem.model.project.dependencies.ProjectDependencyNode: loaded 3 times (x 72B)
Class com.intellij.gradle.toolingExtension.impl.model.dependencyModel.GradleDependencyResolver: loaded 3 times (x 74B)
Class com.intellij.gradle.toolingExtension.impl.modelBuilder.DefaultMessageReportBuilder: loaded 3 times (x 96B)
Class com.google.common.collect.ImmutableMapEntry$NonTerminalImmutableMapEntry        : loaded 3 times (x 87B)
Class com.google.common.collect.Maps                                                  : loaded 3 times (x 73B)
Class kotlinx.coroutines.flow.CancellableFlow                                         : loaded 3 times (x 72B)
Class kotlinx.coroutines.flow.internal.AbstractSharedFlow                             : loaded 3 times (x 76B)
Class com.google.common.util.concurrent.ExecutionError                                : loaded 3 times (x 84B)
Class com.google.common.cache.LocalCache$EntryFactory$6                               : loaded 3 times (x 85B)
Class com.google.common.collect.ImmutableEnumSet                                      : loaded 3 times (x 148B)
Class com.android.ide.gradle.model.impl.GradlePluginModelImpl                         : loaded 3 times (x 81B)
Class com.google.common.util.concurrent.LazyLogger                                    : loaded 3 times (x 74B)
Class org.jetbrains.plugins.gradle.tooling.AbstractModelBuilderService                : loaded 3 times (x 88B)
Class com.google.common.collect.ImmutableMultimap$Builder                             : loaded 3 times (x 88B)
Class com.google.common.collect.Maps$KeySet                                           : loaded 3 times (x 139B)
Class com.google.common.collect.ImmutableSet$EmptySetBuilderImpl                      : loaded 3 times (x 78B)
Class org.jetbrains.kotlin.idea.gradleTooling.MultiplatformModelImportingChecker      : loaded 3 times (x 72B)
Class com.google.common.collect.ImmutableMultimap$Keys                                : loaded 3 times (x 168B)
Class com.google.common.util.concurrent.Uninterruptibles                              : loaded 3 times (x 73B)
Class com.intellij.gradle.toolingExtension.impl.model.dependencyDownloadPolicyModel.GradleDependencyDownloadPolicyBuilder: loaded 3 times (x 88B)
Class com.google.common.cache.LocalCache$EntryFactory$7                               : loaded 3 times (x 85B)
Class com.android.ide.gradle.model.dependencies.DeclaredDependenciesModelBuilder      : loaded 3 times (x 77B)
Class org.jetbrains.kotlin.idea.gradleTooling.KotlinGradlePluginVersion$Companion     : loaded 3 times (x 73B)
Class com.intellij.gradle.toolingExtension.impl.model.sourceSetDependencyModel.GradleSourceSetDependencyModelBuilder: loaded 3 times (x 88B)
Class com.google.common.base.Ascii                                                    : loaded 3 times (x 73B)
Class org.jetbrains.plugins.gradle.tooling.builder.ScalaModelBuilderImpl              : loaded 3 times (x 83B)
Class org.jetbrains.plugins.gradle.tooling.ModelBuilderContext                        : loaded 3 times (x 72B)
Class com.google.common.collect.ImmutableMultimap$EntryCollection                     : loaded 3 times (x 130B)
Class org.jetbrains.kotlin.util.capitalizeDecapitalize.CapitalizeDecapitalizeKt       : loaded 3 times (x 73B)
Class com.google.common.cache.LocalCache$EntryFactory$8                               : loaded 3 times (x 85B)
Class org.jetbrains.plugins.gradle.model.DefaultExternalProject                       : loaded 3 times (x 97B)
Class com.intellij.gradle.toolingExtension.impl.model.utilDummyModel.DefaultDummyModel: loaded 3 times (x 75B)
Class com.google.common.cache.RemovalListener                                         : loaded 3 times (x 72B)
Class com.intellij.gradle.toolingExtension.impl.model.sourceSetDependencyModel.GradleSourceSetDependencyResolver: loaded 3 times (x 74B)
Class org.jetbrains.kotlin.idea.gradleTooling.KotlinTasksPropertyUtilsKt              : loaded 3 times (x 73B)
Class com.intellij.gradle.toolingExtension.impl.model.buildScriptClasspathModel.DefaultGradleBuildScriptClasspathModel: loaded 3 times (x 85B)
Class org.jetbrains.kotlin.idea.gradleTooling.reflect.KotlinSourceSetReflectionImpl$Companion: loaded 3 times (x 73B)
Class [Lcom.android.ide.gradle.model.builder.LegacyAndroidGradlePluginPropertiesModelBuilder$PluginType;: loaded 3 times (x 71B)
Class org.jetbrains.plugins.gradle.model.scala.ScalaModel                             : loaded 3 times (x 72B)
Class com.intellij.openapi.externalSystem.model.project.dependencies.ProjectDependencyNodeImpl: loaded 3 times (x 95B)
Class com.google.common.cache.CacheLoader$1                                           : loaded 3 times (x 77B)
Class org.jetbrains.plugins.gradle.model.DefaultGradleExtensions                      : loaded 3 times (x 90B)
Class com.google.common.collect.Platform                                              : loaded 3 times (x 73B)
Class com.google.common.collect.ImmutableMap$Builder                                  : loaded 3 times (x 84B)
Class com.google.common.util.concurrent.AbstractFuture$Cancellation                   : loaded 3 times (x 74B)
Class com.google.common.collect.ObjectArrays                                          : loaded 3 times (x 73B)
Class com.intellij.gradle.toolingExtension.impl.model.dependencyDownloadPolicyModel.DefaultGradleDependencyDownloadPolicy: loaded 3 times (x 79B)
Class com.google.common.io.ByteSource                                                 : loaded 3 times (x 86B)
Class com.google.common.math.MathPreconditions                                        : loaded 3 times (x 73B)
Class com.google.common.cache.AbstractCache$StatsCounter                              : loaded 3 times (x 72B)
Class com.google.common.io.FileWriteMode                                              : loaded 3 times (x 81B)
Class com.google.common.collect.Multiset                                              : loaded 3 times (x 72B)
Class com.google.common.collect.ArrayListMultimapGwtSerializationDependencies         : loaded 3 times (x 173B)
Class com.google.gson.stream.JsonReader$1                                             : loaded 3 times (x 74B)
Class com.google.common.cache.Cache                                                   : loaded 3 times (x 72B)
Class com.google.common.cache.LocalCache$Strength                                     : loaded 3 times (x 83B)
Class com.google.common.base.Stopwatch                                                : loaded 3 times (x 74B)
Class [Lorg.objectweb.asm.Type;                                                       : loaded 3 times (x 71B)
Class org.jetbrains.plugins.gradle.tooling.builder.IntelliJSettingsBuilder            : loaded 3 times (x 80B)
Class org.jetbrains.kotlin.idea.gradleTooling.reflect.TypeToken                       : loaded 3 times (x 74B)
Class com.intellij.gradle.toolingExtension.impl.util.collectionUtil.GradleCollectionVisitor: loaded 3 times (x 72B)
Class com.intellij.gradle.toolingExtension.impl.model.dependencyGraphModel.GradleDependencyGraphModelBuilder: loaded 3 times (x 84B)
Class com.intellij.gradle.toolingExtension.impl.model.utilTurnOffDefaultTasksModel.DefaultTurnOffDefaultTasks: loaded 3 times (x 73B)
Class com.google.common.collect.RegularImmutableMap$KeySet                            : loaded 3 times (x 154B)
Class com.google.common.base.Equivalence$Identity                                     : loaded 3 times (x 84B)
Class com.google.common.base.PairwiseEquivalence                                      : loaded 3 times (x 85B)
Class org.jetbrains.kotlin.idea.gradleTooling.reflect.KotlinSourceSetReflectionImpl   : loaded 3 times (x 85B)
Class com.google.gson.internal.bind.TypeAdapters$32$1                                 : loaded 3 times (x 76B)
Class org.jetbrains.plugins.gradle.tooling.util.StringUtils                           : loaded 3 times (x 73B)
Class com.intellij.gradle.toolingExtension.impl.model.sourceSetArtifactIndex.GradleSourceSetArtifactModel: loaded 3 times (x 78B)
Class org.jetbrains.kotlin.idea.gradleTooling.reflect.ReflectionKt                    : loaded 3 times (x 73B)
Class com.intellij.gradle.toolingExtension.impl.model.sourceSetModel.DefaultGradleSourceSetModel: loaded 3 times (x 83B)
Class org.jetbrains.kotlin.idea.gradleTooling.KotlinDslScriptTaskModelBuilder$Companion: loaded 3 times (x 73B)
Class org.jetbrains.plugins.gradle.tooling.builder.ProjectRepositoriesModelBuilder    : loaded 3 times (x 80B)
Class com.intellij.gradle.toolingExtension.impl.javaModel.manifestModel.JavaGradleManifestModelBuilder: loaded 3 times (x 88B)
Class com.google.common.cache.CacheBuilder$OneWeigher                                 : loaded 3 times (x 84B)
Class com.intellij.util.ExceptionUtilRt$RethrownStack                                 : loaded 3 times (x 84B)
Class org.jetbrains.plugins.gradle.model.DefaultFileCollectionDependency              : loaded 3 times (x 112B)
Class com.intellij.gradle.toolingExtension.impl.util.javaPluginUtil.ExtensionJavaPluginAccessor: loaded 3 times (x 84B)
Class org.gradle.kotlin.dsl.TestImplementationConfigurationAccessorsKt                : loaded 3 times (x 73B)
Class com.google.common.collect.Iterables                                             : loaded 3 times (x 73B)
Class org.jetbrains.plugins.gradle.model.DefaultGradleExtension                       : loaded 3 times (x 82B)
Class kotlinx.coroutines.flow.Flow                                                    : loaded 3 times (x 72B)
Class com.google.common.cache.Weigher                                                 : loaded 3 times (x 72B)
Class Settings_gradle$1$1$1$1                                                         : loaded 3 times (x 76B)
Class com.intellij.openapi.externalSystem.model.project.dependencies.ArtifactDependencyNodeImpl: loaded 3 times (x 97B)
Class com.intellij.gradle.toolingExtension.impl.util.GradleObjectUtil                 : loaded 3 times (x 73B)
Class org.jetbrains.kotlin.idea.gradleTooling.reflect.KotlinCompilerArgumentsResolverReflectionImpl: loaded 3 times (x 77B)
Class org.jetbrains.plugins.gradle.tooling.serialization.ExternalTestsSerializationService$1: loaded 3 times (x 78B)
Class org.jetbrains.kotlin.idea.gradleTooling.KotlinGradleModelImpl                   : loaded 3 times (x 87B)
Class org.jetbrains.kotlin.idea.gradleTooling.reflect.KotlinCompilerArgumentsResolverReflection: loaded 3 times (x 72B)
Class org.jetbrains.plugins.gradle.tooling.util.GradleContainerUtil                   : loaded 3 times (x 73B)
Class org.jetbrains.kotlin.tooling.core.InternerImpl$Store$Strong                     : loaded 3 times (x 78B)
Class org.jetbrains.plugins.gradle.tooling.Message                                    : loaded 3 times (x 74B)
Class com.google.gson.internal.bind.JsonElementTypeAdapter                            : loaded 3 times (x 77B)
Class org.jetbrains.kotlin.idea.gradleTooling.AndroidAwareGradleModelProvider$Result  : loaded 3 times (x 74B)
Class org.objectweb.asm.AnnotationVisitor                                             : loaded 3 times (x 80B)
Class com.android.ide.gradle.model.builder.AndroidStudioToolingPluginKt               : loaded 3 times (x 73B)
Class com.google.gson.internal.GsonTypes                                              : loaded 3 times (x 73B)
Class com.google.common.collect.ImmutableMapEntrySet                                  : loaded 3 times (x 154B)
Class org.jetbrains.kotlin.gradle.dsl.KotlinJvmCompilerOptionsDefault_Decorated       : loaded 2 times (x 168B)
Class org.jetbrains.kotlin.gradle.internal.ClassLoadersCachingBuildService$Parameters_Decorated: loaded 2 times (x 132B)
Class org.jetbrains.kotlin.gradle.targets.native.toolchain.KotlinNativeBundleBuildService$Companion: loaded 2 times (x 73B)
Class org.jetbrains.kotlin.gradle.plugin.VariantImplementationFactoriesConfigurator   : loaded 2 times (x 78B)
Class org.jetbrains.kotlin.gradle.plugin.HasKotlinDependencies                        : loaded 2 times (x 72B)
Class org.jetbrains.kotlin.gradle.internal.Kapt3GradleSubplugin$Kapt3SubpluginContext : loaded 2 times (x 74B)
Class com.android.build.gradle.internal.services.Aapt2ThreadPoolBuildService$Params   : loaded 2 times (x 72B)
Class com.google.protobuf.Internal$ProtobufList                                       : loaded 2 times (x 72B)
Class com.android.build.gradle.internal.DependencyResolutionChecksKt                  : loaded 2 times (x 73B)
Class [Lcom.android.tools.analytics.AnalyticsLevel;                                   : loaded 2 times (x 71B)
Class com.android.build.gradle.internal.lint.LintFromMaven$Companion                  : loaded 2 times (x 73B)
Class com.android.ide.common.blame.SourceFile                                         : loaded 2 times (x 74B)
Class com.android.build.api.dsl.LibraryBaseFlavor                                     : loaded 2 times (x 72B)
Class com.android.build.gradle.internal.services.VersionedSdkLoaderService            : loaded 2 times (x 74B)
Class com.android.build.gradle.internal.plugins.AppPlugin$Binding                     : loaded 2 times (x 77B)
Class org.gradle.accessors.dm.LibrariesForLibs$PluginAccessors                        : loaded 2 times (x 76B)
Class org.gradle.api.internal.classpath.Module                                        : loaded 2 times (x 72B)
Class com.android.build.api.dsl.AaptOptions                                           : loaded 2 times (x 72B)
Class com.android.build.gradle.internal.api.artifact.SourceArtifactType$BASELINE_PROFILES: loaded 2 times (x 76B)
Class com.android.build.api.dsl.ApplicationAndroidResources                           : loaded 2 times (x 72B)
Class com.android.build.gradle.internal.core.MergedOptions                            : loaded 2 times (x 72B)
Class com.android.build.gradle.internal.dependency.VariantDependencies$Companion      : loaded 2 times (x 73B)
Class com.android.build.gradle.internal.variant.VariantPathHelper                     : loaded 2 times (x 76B)
Class com.android.build.api.variant.VariantOutput                                     : loaded 2 times (x 72B)
Class com.android.build.gradle.internal.component.LibraryCreationConfig               : loaded 2 times (x 72B)
Class com.android.build.api.variant.impl.LayeredSourceDirectoriesImpl                 : loaded 2 times (x 94B)
Class org.jetbrains.kotlin.gradle.plugin.sources.InternalKotlinSourceSetKt            : loaded 2 times (x 73B)
Class org.jetbrains.kotlin.tooling.core.Extras$Entry                                  : loaded 2 times (x 74B)
Class com.android.build.gradle.internal.tasks.InstallVariantTask                      : loaded 2 times (x 342B)
Class com.android.build.gradle.internal.scope.InternalArtifactType$APP_INTEGRITY_CONFIG: loaded 2 times (x 76B)
Class com.android.build.api.component.impl.DefaultSourcesProviderImpl                 : loaded 2 times (x 108B)
Class com.android.build.gradle.internal.SdkLibDataFactory$getSettingsController$1     : loaded 2 times (x 80B)
Class com.android.build.gradle.internal.ide.v2.AndroidLibraryDataImpl                 : loaded 2 times (x 89B)
Class com.android.build.gradle.internal.ide.v2.InstallationImpl$Companion             : loaded 2 times (x 73B)
Class org.jetbrains.kotlin.gradle.tasks.KotlinCompile$ClasspathSnapshotProperties_Decorated: loaded 2 times (x 135B)
Class com.android.build.gradle.tasks.JdkImageInput$jrtFsJar$1                         : loaded 2 times (x 76B)
Class com.android.build.gradle.internal.dependency.JdkImageTransformKt                : loaded 2 times (x 73B)
Class com.android.build.gradle.internal.ide.v2.ModelBuilder$BuildTypeSourceSetBuilder : loaded 2 times (x 85B)
Class com.sun.xml.bind.v2.runtime.reflect.AdaptedLister                               : loaded 2 times (x 79B)
Class com.android.repository.impl.generated.v1.TypeDetails                            : loaded 2 times (x 77B)
Class com.sun.xml.bind.v2.model.nav.ReflectionNavigator$10                            : loaded 2 times (x 79B)
Class com.sun.xml.bind.v2.model.impl.RuntimeBuiltinLeafInfoImpl$UUIDImpl              : loaded 2 times (x 138B)
Class com.sun.xml.bind.v2.model.impl.RuntimeBuiltinLeafInfoImpl$14                    : loaded 2 times (x 138B)
Class com.sun.xml.bind.v2.model.core.RegistryInfo                                     : loaded 2 times (x 72B)
Class com.android.repository.impl.generated.v2.ChecksumType                           : loaded 2 times (x 84B)
Class com.android.sdklib.repository.generated.addon.v1.ObjectFactory                  : loaded 2 times (x 82B)
Class com.android.build.gradle.internal.scope.InternalArtifactType$LIBRARY_ART_PROFILE: loaded 2 times (x 76B)
Class com.android.build.gradle.internal.dependency.DexingRegistration$ComponentAgnosticParameters: loaded 2 times (x 74B)
Class com.android.build.gradle.internal.utils.DesugarLibUtils$getDesugarLibConfigFromTransform$1$1: loaded 2 times (x 76B)
Class com.android.build.gradle.internal.services.Aapt2Input_Decorated                 : loaded 2 times (x 157B)
Class com.android.build.gradle.internal.scope.InternalArtifactType$APK_FROM_BUNDLE_IDE_MODEL: loaded 2 times (x 76B)
Class com.android.build.gradle.internal.tasks.ValidateSigningTask                     : loaded 2 times (x 338B)
Class com.android.build.gradle.tasks.PackageApplication$CreationAction$handleProvider$5: loaded 2 times (x 133B)
Class com.android.build.gradle.internal.tasks.ExtractNativeDebugMetadataTask$SymbolTableCreationAction$handleProvider$1: loaded 2 times (x 133B)
Class com.android.tools.r8.internal.w14                                               : loaded 2 times (x 75B)
Class com.android.builder.dexing.R8Version                                            : loaded 2 times (x 73B)
Class org.jetbrains.kotlin.gradle.plugin.mpp.compilationImpl.KotlinCompilationSourceSetInclusion$Companion$includedSourceSets$2: loaded 2 times (x 80B)
Class com.android.build.gradle.tasks.KotlinCompileCreationAction$handleProvider$1     : loaded 2 times (x 76B)
Class org.jetbrains.kotlin.gradle.internal.transforms.BuildToolsApiClasspathEntrySnapshotTransform$Parameters_Decorated: loaded 2 times (x 155B)
Class com.android.build.gradle.internal.dependency.VariantDependencies$Companion$computeLocalFileDependencies$dependencies$1: loaded 2 times (x 77B)
Class com.android.build.api.variant.VariantOutputConfiguration$OutputType             : loaded 2 times (x 81B)
Class com.android.build.api.variant.TestComponent                                     : loaded 2 times (x 72B)
Class com.android.build.api.attributes.BuildTypeAttr$Companion                        : loaded 2 times (x 73B)
Class com.android.build.api.variant.TestSuiteBuilder                                  : loaded 2 times (x 72B)
Class com.android.build.gradle.internal.core.dsl.features.AndroidResourcesDslInfo     : loaded 2 times (x 72B)
Class com.android.build.gradle.internal.crash.CrashReporting$afterEvaluate$1          : loaded 2 times (x 77B)
Class com.android.build.gradle.internal.dsl.MinSdkSpecImpl                            : loaded 2 times (x 83B)
Class com.android.build.api.dsl.Packaging                                             : loaded 2 times (x 72B)
Class com.android.build.gradle.internal.dsl.ProductFlavor                             : loaded 2 times (x 471B)
Class org.jetbrains.kotlin.gradle.plugin.KotlinGradleFinishBuildHandler$Companion     : loaded 2 times (x 73B)
Class org.jetbrains.kotlin.gradle.internal.IsInIdeaSyncValueSource                    : loaded 2 times (x 80B)
Class com.android.build.gradle.internal.SdkComponentsBuildService$RegistrationAction  : loaded 2 times (x 76B)
Class com.android.build.gradle.internal.ide.dependencies.LibraryDependencyCacheBuildService: loaded 2 times (x 82B)
Class com.google.wireless.android.sdk.stats.GarbageCollectionStats                    : loaded 2 times (x 202B)
Class com.sun.xml.bind.v2.runtime.LeafBeanInfoImpl                                    : loaded 2 times (x 91B)
Class com.google.protobuf.ExtensionRegistry$ExtensionInfo                             : loaded 2 times (x 74B)
Class com.sun.xml.bind.v2.model.impl.ModelBuilderI                                    : loaded 2 times (x 72B)
Class com.android.build.gradle.options.Option$Status$Removed                          : loaded 2 times (x 74B)
Class com.android.build.api.variant.CanMinifyCode                                     : loaded 2 times (x 72B)
Class com.android.build.gradle.options.ProjectOptionService                           : loaded 2 times (x 79B)
Class org.gradle.accessors.dm.LibrariesForLibsInPluginsBlock$VersionAccessors         : loaded 2 times (x 84B)
Class org.gradle.api.internal.classpath.UnknownModuleException                        : loaded 2 times (x 84B)
Class com.sun.xml.bind.v2.model.impl.RuntimeBuiltinLeafInfoImpl$13                    : loaded 2 times (x 139B)
Class com.sun.xml.bind.v2.model.annotation.XmlElementQuick                            : loaded 2 times (x 98B)
Class com.sun.xml.bind.v2.model.impl.ClassInfoImpl$ConflictException                  : loaded 2 times (x 84B)
Class javax.xml.bind.annotation.XmlElements                                           : loaded 2 times (x 72B)
Class [Lcom.sun.xml.bind.v2.runtime.property.AttributeProperty;                       : loaded 2 times (x 71B)
Class com.sun.xml.bind.v2.runtime.property.ArrayReferenceNodeProperty                 : loaded 2 times (x 106B)
Class com.sun.xml.bind.v2.runtime.unmarshaller.LeafPropertyXsiLoader                  : loaded 2 times (x 80B)
Class org.apache.commons.io.output.NullOutputStream                                   : loaded 2 times (x 87B)
Class com.android.build.gradle.internal.core.ExecutionProfileOptions                  : loaded 2 times (x 74B)
Class com.android.build.gradle.internal.res.Aapt2FromMaven$Companion$Aapt2Extractor$Inject_1: loaded 2 times (x 111B)
Class org.jetbrains.kotlin.gradle.plugin.KotlinPluginWrapperKt$kotlinPluginVersionFromResources$1$1: loaded 2 times (x 73B)
Class org.apache.commons.io.Charsets                                                  : loaded 2 times (x 73B)
Class org.jetbrains.kotlin.gradle.tasks.KotlinCompile$createCompilerArguments$1$1     : loaded 2 times (x 81B)
Class org.jetbrains.kotlin.gradle.plugin.statistics.BuildFusService$Parameters        : loaded 2 times (x 72B)
Class com.sun.xml.bind.v2.model.impl.ClassInfoImpl$SecondaryAnnotation                : loaded 2 times (x 81B)
Class com.sun.xml.bind.v2.model.impl.RuntimeBuiltinLeafInfoImpl$15                    : loaded 2 times (x 138B)
Class com.sun.xml.bind.v2.runtime.AnyTypeBeanInfo                                     : loaded 2 times (x 94B)
Class com.sun.xml.bind.v2.model.core.MaybeElement                                     : loaded 2 times (x 72B)
Class javax.xml.bind.ContextFinder                                                    : loaded 2 times (x 73B)
Class com.android.sdklib.repository.meta.DetailsTypes                                 : loaded 2 times (x 73B)
Class org.jetbrains.kotlin.gradle.plugin.KotlinTargetsContainer                       : loaded 2 times (x 72B)
Class com.android.build.gradle.internal.services.UsesAapt2DaemonBuildService          : loaded 2 times (x 72B)
Class com.android.build.gradle.internal.SdkComponentsBuildService$Inject_             : loaded 2 times (x 102B)
Class com.android.build.gradle.internal.tasks.ExtractApksTask                         : loaded 2 times (x 344B)
Class com.android.build.gradle.internal.scope.InternalArtifactType$SIGNING_CONFIG_VERSIONS: loaded 2 times (x 76B)
Class com.android.build.gradle.internal.scope.InternalArtifactType$PACKAGED_DEPENDENCIES: loaded 2 times (x 76B)
Class com.android.build.gradle.internal.TaskManager$createPackagingTask$1             : loaded 2 times (x 77B)
Class com.android.build.gradle.tasks.PackageAndroidArtifact$CreationAction$Companion  : loaded 2 times (x 73B)
Class com.android.build.gradle.internal.tasks.DexFileDependenciesTask                 : loaded 2 times (x 345B)
Class com.android.build.gradle.internal.tasks.DexArchiveBuilderTask                   : loaded 2 times (x 354B)
Class org.jetbrains.kotlin.gradle.plugin.mpp.compilationImpl.KotlinCompilationRegisterInSourceSetsConfigurator$configure$1: loaded 2 times (x 81B)
Class com.android.build.gradle.internal.tasks.creationconfig.JavaCompileCreationConfig: loaded 2 times (x 72B)
Class com.android.build.api.artifact.impl.InAndOutDirectoryOperationRequestImpl       : loaded 2 times (x 83B)
Class com.android.build.gradle.internal.core.dsl.impl.features.OptimizationDslInfoImpl$postProcessingOptions$2$1: loaded 2 times (x 82B)
Class com.android.build.gradle.internal.dsl.LintImpl$SeverityOverrideSet              : loaded 2 times (x 145B)
Class com.android.builder.model.AdbOptions                                            : loaded 2 times (x 72B)
Class com.android.build.api.dsl.MinSdkVersion                                         : loaded 2 times (x 72B)
Class org.jetbrains.kotlin.gradle.targets.native.KonanPropertiesBuildService$Parameters_Decorated: loaded 2 times (x 132B)
Class com.android.builder.model.DataBindingOptions                                    : loaded 2 times (x 72B)
Class org.jetbrains.kotlin.gradle.plugin.mpp.KotlinUsageContext                       : loaded 2 times (x 72B)
Class org.jetbrains.kotlin.gradle.utils.ConfigurationsKt                              : loaded 2 times (x 73B)
Class org.jetbrains.kotlin.gradle.plugin.diagnostics.DefaultProblemsReporter$Factory  : loaded 2 times (x 78B)
Class com.android.prefs.VariableValue                                                 : loaded 2 times (x 84B)
Class com.android.prefs.AbstractAndroidLocations$Companion                            : loaded 2 times (x 73B)
Class com.android.builder.model.DimensionAware                                        : loaded 2 times (x 72B)
Class com.android.build.api.dsl.AndroidTest                                           : loaded 2 times (x 72B)
Class com.android.build.gradle.internal.dsl.decorator.DslDecorator                    : loaded 2 times (x 74B)
Class com.android.ide.common.blame.SourcePositionJsonTypeAdapter                      : loaded 2 times (x 77B)
Class com.android.build.gradle.options.FeatureStage$Removed                           : loaded 2 times (x 74B)
Class com.android.build.gradle.options.Stage                                          : loaded 2 times (x 74B)
Class com.android.build.api.dsl.CompileSdkSpec                                        : loaded 2 times (x 72B)
Class jdk.internal.jimage.ImageHeader                                                 : loaded 2 times (x 73B)
Class com.android.build.gradle.internal.dsl.decorator.ApplicationInstallationImpl     : loaded 2 times (x 96B)
Class com.android.build.gradle.internal.dsl.BundleOptionsDeviceTier$AgpDecorated_Decorated: loaded 2 times (x 132B)
Class com.android.build.gradle.internal.tasks.factory.TaskCreationAction              : loaded 2 times (x 91B)
Class com.android.build.gradle.internal.manifest.ManifestValueSource                  : loaded 2 times (x 81B)
Class com.google.common.io.AppendableWriter                                           : loaded 2 times (x 101B)
Class org.apache.commons.io.filefilter.IOFileFilter                                   : loaded 2 times (x 72B)
Class com.google.common.base.NullnessCasts                                            : loaded 2 times (x 73B)
Class org.jetbrains.kotlin.gradle.tasks.KotlinCompile$createCompilerArguments$1$2     : loaded 2 times (x 81B)
Class com.google.common.io.Files$2                                                    : loaded 2 times (x 78B)
Class com.android.build.gradle.internal.ide.v2.TestInfoImpl                           : loaded 2 times (x 80B)
Class org.jetbrains.kotlin.build.report.metrics.BuildMetricsReporter                  : loaded 2 times (x 72B)
Class com.android.sdklib.repository.generated.addon.v1.MavenType                      : loaded 2 times (x 82B)
Class com.sun.xml.bind.v2.model.impl.ReferencePropertyInfoImpl                        : loaded 2 times (x 128B)
Class javax.xml.bind.annotation.XmlTransient                                          : loaded 2 times (x 72B)
Class com.sun.xml.bind.v2.model.impl.AnyTypeImpl                                      : loaded 2 times (x 91B)
Class com.sun.xml.bind.v2.model.impl.RuntimeBuiltinLeafInfoImpl$16                    : loaded 2 times (x 138B)
Class com.sun.xml.bind.v2.runtime.IllegalAnnotationsException                         : loaded 2 times (x 88B)
Class com.android.build.gradle.internal.SdkLocator$PropertyLocation                   : loaded 2 times (x 81B)
Class com.android.build.gradle.internal.scope.InternalArtifactType$METADATA_FEATURE_DECLARATION: loaded 2 times (x 76B)
Class com.android.build.gradle.internal.VariantTaskManager$createReportTasks$1        : loaded 2 times (x 77B)
Class com.android.build.gradle.internal.lint.AndroidLintTextOutputTask                : loaded 2 times (x 343B)
Class com.android.build.gradle.internal.tasks.SigningConfigWriterTask$CreationAction  : loaded 2 times (x 92B)
Class com.android.build.gradle.internal.tasks.MergeJavaResourcesInputsOutputs         : loaded 2 times (x 72B)
Class org.jetbrains.kotlin.gradle.targets.js.dsl.KotlinTargetWithNodeJsDsl            : loaded 2 times (x 72B)
Class org.jetbrains.kotlin.gradle.plugin.sources.DefaultKotlinSourceSetKt$defaultSourceSetLanguageSettingsChecker$1: loaded 2 times (x 80B)
Class org.jetbrains.kotlin.gradle.plugin.sources.InternalKotlinSourceSet              : loaded 2 times (x 72B)
Class com.android.build.gradle.internal.scope.InternalArtifactType$AAR_METADATA_CHECK : loaded 2 times (x 76B)
Class com.android.build.gradle.tasks.CompileNavigationXmlTask                         : loaded 2 times (x 344B)
Class com.android.build.api.artifact.impl.OutOperationRequestImpl                     : loaded 2 times (x 95B)
Class com.android.build.api.artifact.impl.ArtifactOperationRequest                    : loaded 2 times (x 72B)
Class com.android.build.gradle.internal.tasks.ValidateResourcesTask$CreateAction      : loaded 2 times (x 92B)
Class com.android.build.gradle.internal.dependency.ConstraintHandler                  : loaded 2 times (x 73B)
Class com.android.build.api.variant.impl.GlobalVariantBuilderConfig                   : loaded 2 times (x 72B)
Class com.android.build.gradle.internal.lint.LintTaskManager                          : loaded 2 times (x 74B)
Class com.android.build.gradle.internal.tasks.ExtractProguardFiles                    : loaded 2 times (x 331B)
Class com.android.build.api.variant.ScopedArtifacts                                   : loaded 2 times (x 72B)
Class com.android.build.gradle.internal.services.FakeDependencyJarBuildService$Params$Inject_: loaded 2 times (x 108B)
Class com.android.build.gradle.internal.dsl.TestOptions$suites$1$1                    : loaded 2 times (x 77B)
Class com.google.common.base.Converter$ConverterComposition                           : loaded 2 times (x 92B)
Class com.android.build.api.attributes.AgpVersionAttr$ImplFactory                     : loaded 2 times (x 77B)
Class com.android.build.gradle.internal.dsl.decorator.SupportedPropertyType$Block     : loaded 2 times (x 76B)
Class com.android.build.api.dsl.CompileSdkVersion                                     : loaded 2 times (x 72B)
Class com.android.build.api.dsl.ApplicationDefaultConfig                              : loaded 2 times (x 72B)
Class org.jetbrains.kotlin.gradle.dsl.KotlinGradlePluginPublicDsl                     : loaded 2 times (x 72B)
Class org.jetbrains.kotlin.gradle.internal.properties.NativeProperties                : loaded 2 times (x 72B)
Class org.jetbrains.kotlin.gradle.plugin.internal.ConfigurationCacheStartParameterAccessor: loaded 2 times (x 72B)
Class org.jetbrains.kotlin.gradle.internal.diagnostics.GradleCompatibilityCheck$DefaultCurrentGradleVersionProvider: loaded 2 times (x 76B)
Class org.jetbrains.kotlin.gradle.dsl.KotlinBaseExtension                             : loaded 2 times (x 72B)
Class com.android.build.gradle.internal.plugins.AndroidPluginBaseServices$applyBaseServices$2: loaded 2 times (x 77B)
Class com.android.build.gradle.internal.profile.ProjectData                           : loaded 2 times (x 74B)
Class com.android.build.gradle.internal.core.ProductFlavor                            : loaded 2 times (x 74B)
Class com.android.build.gradle.internal.core.dsl.MultiVariantComponentDslInfo         : loaded 2 times (x 72B)
Class com.android.build.gradle.internal.tasks.factory.TaskManagerConfigImpl           : loaded 2 times (x 78B)
Class org.gradle.accessors.dm.LibrariesForLibsInPluginsBlock$AndroidPluginAccessors   : loaded 2 times (x 76B)
Class com.android.build.gradle.internal.variant.ComponentInfo                         : loaded 2 times (x 74B)
Class com.android.build.api.artifact.impl.MultiplePropertyAdapter                     : loaded 2 times (x 80B)
Class org.jetbrains.kotlin.gradle.tasks.AbstractKotlinCompile                         : loaded 2 times (x 465B)
Class org.jetbrains.kotlin.gradle.plugin.KotlinCompilationOutput                      : loaded 2 times (x 72B)
Class org.jetbrains.kotlin.gradle.plugin.mpp.compilationImpl.KotlinCompilationSourceSetInclusion$DefaultAddSourcesToCompileTask$addSources$2: loaded 2 times (x 81B)
Class com.android.build.gradle.tasks.PackageApplication$CreationAction$handleProvider$3: loaded 2 times (x 131B)
Class [Lcom.android.build.gradle.internal.cxx.gradle.generator.NativeProjectPath;     : loaded 2 times (x 71B)
Class com.android.build.gradle.internal.dependency.AarTransform$Inject_1              : loaded 2 times (x 111B)
Class com.android.build.gradle.internal.dependency.AsmClassesTransform$Companion      : loaded 2 times (x 73B)
Class com.android.build.gradle.internal.errors.SyncIssueReporterImpl$GlobalSyncIssueService$Parameters$Inject_: loaded 2 times (x 114B)
Class com.google.common.collect.Maps$EntryFunction$1                                  : loaded 2 times (x 93B)
Class com.google.common.collect.AbstractMapBasedMultimap$WrappedCollection$WrappedIterator: loaded 2 times (x 86B)
Class com.google.common.collect.AbstractMapBasedMultimap$AsMap$AsMapIterator          : loaded 2 times (x 85B)
Class com.google.common.base.Present                                                  : loaded 2 times (x 83B)
Class org.jetbrains.kotlin.gradle.tasks.KotlinCompile$createCompilerArguments$1$3     : loaded 2 times (x 81B)
Class com.android.build.gradle.tasks.PackageApplication_Decorated                     : loaded 2 times (x 467B)
Class com.android.build.gradle.internal.tasks.featuresplit.PackagedDependenciesWriterTaskKt$aarOrJarType$1: loaded 2 times (x 76B)
Class com.android.build.gradle.internal.res.LinkApplicationAndroidResourcesTask$Companion: loaded 2 times (x 73B)
Class com.android.build.gradle.internal.ide.v2.AndroidArtifactImpl                    : loaded 2 times (x 104B)
Class com.android.build.gradle.tasks.KotlinCompileCreationActionKt                    : loaded 2 times (x 73B)
Class com.android.build.gradle.tasks.CommandLineArgumentProviderAdapter               : loaded 2 times (x 77B)
Class com.sun.xml.bind.v2.runtime.reflect.Lister$ArrayLister                          : loaded 2 times (x 79B)
Class com.sun.xml.bind.v2.runtime.property.PropertyImpl                               : loaded 2 times (x 104B)
Class com.sun.xml.bind.v2.model.impl.RuntimeBuiltinLeafInfoImpl$17                    : loaded 2 times (x 138B)
Class com.sun.xml.bind.v2.runtime.BridgeContextImpl                                   : loaded 2 times (x 79B)
Class com.sun.xml.bind.v2.runtime.ElementBeanInfoImpl                                 : loaded 2 times (x 91B)
Class com.sun.xml.bind.v2.runtime.BridgeAdapter                                       : loaded 2 times (x 89B)
Class com.android.repository.impl.meta.Archive$ArchiveFile                            : loaded 2 times (x 81B)
Class com.android.sdklib.repository.generated.repository.v4.LayoutlibType             : loaded 2 times (x 76B)
Class org.jetbrains.kotlin.gradle.dsl.KotlinMultiplatformExtension                    : loaded 2 times (x 605B)
Class com.android.build.gradle.internal.PropertiesValueSource$Params$Inject_          : loaded 2 times (x 108B)
Class com.android.build.gradle.internal.TaskManager$createPackagingTask$3             : loaded 2 times (x 77B)
Class com.android.build.gradle.internal.scope.InternalArtifactType$GLOBAL_SYNTHETICS_SUBPROJECT: loaded 2 times (x 76B)
Class org.jetbrains.kotlin.gradle.plugin.mpp.KotlinJvmAndroidCompilationKt            : loaded 2 times (x 73B)
Class org.jetbrains.kotlin.gradle.targets.js.dsl.KotlinWasmTargetDsl                  : loaded 2 times (x 72B)
Class org.jetbrains.kotlin.gradle.plugin.sources.ConsistencyCheck                     : loaded 2 times (x 74B)
Class org.jetbrains.kotlin.gradle.plugin.sources.DefaultKotlinSourceSetKt$defaultSourceSetLanguageSettingsChecker$2: loaded 2 times (x 80B)
Class org.jetbrains.kotlin.gradle.plugin.diagnostics.KotlinToolingDiagnosticsCollectorKt$kotlinToolingDiagnosticsCollectorProvider$1$execute$$inlined$variantImplementationFactoryProvider$1: loaded 2 times (x 76B)
Class org.jetbrains.kotlin.gradle.plugin.internal.BuildIdService$Companion$registerIfAbsent$1$1: loaded 2 times (x 77B)
Class com.android.build.gradle.internal.res.LinkApplicationAndroidResourcesTask$BaseCreationAction: loaded 2 times (x 98B)
Class com.android.build.gradle.internal.publishing.AndroidArtifacts$ConsumedConfigType: loaded 2 times (x 81B)
Class com.android.build.api.component.impl.features.BuildConfigCreationConfigImpl     : loaded 2 times (x 80B)
Class com.android.build.api.variant.impl.ApplicationAndroidResourcesImpl              : loaded 2 times (x 90B)
Class com.android.build.gradle.options.OptionKt                                       : loaded 2 times (x 73B)
Class com.android.build.gradle.internal.tasks.factory.PreConfigAction                 : loaded 2 times (x 72B)
Class com.android.build.gradle.api.VersionedVariant                                   : loaded 2 times (x 72B)
Class com.android.build.gradle.internal.dsl.ManagedDevices$allDevices$1$1             : loaded 2 times (x 77B)
Class com.android.build.OutputFile                                                    : loaded 2 times (x 72B)
Class com.android.build.gradle.internal.dsl.OptimizationImpl$AgpDecorated             : loaded 2 times (x 91B)
Class org.objectweb.asm.commons.Method                                                : loaded 2 times (x 78B)
Class org.bouncycastle.operator.OperatorException                                     : loaded 2 times (x 84B)
Class com.android.build.gradle.internal.plugins.AndroidPluginBaseServices$applyBaseServices$3: loaded 2 times (x 77B)
Class org.jetbrains.kotlin.gradle.tasks.DefaultKotlinJavaToolchain$Companion$wireJvmTargetToJvm$1: loaded 2 times (x 77B)
Class org.jetbrains.kotlin.gradle.plugin.PropertiesProvider$booleanProvider$1         : loaded 2 times (x 76B)
Class org.jetbrains.kotlin.gradle.dsl.KotlinCommonToolOptions                         : loaded 2 times (x 72B)
Class com.android.build.gradle.internal.services.BuildServicesKt$getBuildService$1    : loaded 2 times (x 77B)
Class com.google.wireless.android.sdk.stats.GarbageCollectionStats$Builder            : loaded 2 times (x 302B)
Class com.android.sdklib.repository.meta.RepoFactory                                  : loaded 2 times (x 76B)
Class com.android.build.gradle.internal.services.R8D8ThreadPoolBuildService           : loaded 2 times (x 82B)
Class [Lcom.android.build.gradle.options.Version;                                     : loaded 2 times (x 71B)
Class com.android.build.api.variant.HasTestSuitesBuilder                              : loaded 2 times (x 72B)
Class com.google.wireless.android.sdk.stats.GradleBuildProject$PluginType             : loaded 2 times (x 89B)
Class com.android.build.api.dsl.TestedExtension                                       : loaded 2 times (x 72B)
Class com.android.build.gradle.internal.services.BaseServices                         : loaded 2 times (x 72B)
Class com.android.build.gradle.internal.BadPluginException                            : loaded 2 times (x 84B)
Class org.gradle.api.internal.DefaultClassPathRegistry                                : loaded 2 times (x 78B)
Class sync_studio_tooling4791_a5mcsyp2ybfj410kplrq1jfcq                               : loaded 2 times (x 173B)
Class com.sun.xml.bind.v2.model.annotation.AbstractInlineAnnotationReaderImpl         : loaded 2 times (x 106B)
Class com.sun.xml.bind.v2.model.impl.ElementInfoImpl                                  : loaded 2 times (x 110B)
Class com.sun.xml.bind.v2.model.impl.RuntimeBuiltinLeafInfoImpl$PcdataImpl            : loaded 2 times (x 136B)
Class com.sun.xml.bind.v2.model.impl.RuntimeBuiltinLeafInfoImpl$12                    : loaded 2 times (x 138B)
Class com.sun.xml.bind.v2.util.ByteArrayOutputStreamEx                                : loaded 2 times (x 96B)
Class com.sun.xml.bind.api.impl.NameUtil                                              : loaded 2 times (x 82B)
Class com.sun.xml.bind.v2.runtime.property.ArrayElementProperty                       : loaded 2 times (x 107B)
Class com.android.build.gradle.internal.ide.v2.SourceProviderImpl                     : loaded 2 times (x 92B)
Class com.android.build.gradle.internal.ide.v2.BasicAndroidProjectImpl$Companion      : loaded 2 times (x 73B)
Class com.android.build.gradle.internal.tasks.factory.BootClasspathConfigImpl$androidJar$2$1: loaded 2 times (x 77B)
Class org.jetbrains.kotlin.build.report.metrics.BuildAttributeKind$Companion          : loaded 2 times (x 73B)
Class org.jetbrains.kotlin.gradle.tasks.UsesKotlinJavaToolchain$DefaultImpls          : loaded 2 times (x 73B)
Class com.android.build.api.variant.BuiltArtifacts                                    : loaded 2 times (x 72B)
Class com.android.build.gradle.internal.ide.dependencies.LibraryCacheImpl$getProjectInfo$1: loaded 2 times (x 81B)
Class com.google.common.collect.Maps$EntryFunction$2                                  : loaded 2 times (x 93B)
Class com.google.common.reflect.Invokable$ConstructorInvokable                        : loaded 2 times (x 109B)
Class org.apache.commons.io.file.DeleteOption                                         : loaded 2 times (x 72B)
Class org.jetbrains.kotlin.gradle.tasks.KotlinCompile$createCompilerArguments$1$4     : loaded 2 times (x 81B)
Class com.google.common.collect.FluentIterable$3                                      : loaded 2 times (x 83B)
Class com.android.build.gradle.internal.scope.ArtifactTypeUtil                        : loaded 2 times (x 73B)
Class com.sun.xml.bind.v2.model.impl.AttributePropertyInfoImpl$1                      : loaded 2 times (x 73B)
Class com.sun.xml.bind.v2.model.core.PropertyInfo                                     : loaded 2 times (x 72B)
Class com.sun.xml.bind.v2.model.impl.RuntimeBuiltinLeafInfoImpl$18                    : loaded 2 times (x 138B)
Class javax.activation.MimeTypeParseException                                         : loaded 2 times (x 84B)
Class com.sun.xml.bind.WhiteSpaceProcessor                                            : loaded 2 times (x 73B)
Class com.sun.xml.bind.v2.runtime.AttributeAccessor                                   : loaded 2 times (x 72B)
Class com.sun.xml.bind.v2.model.annotation.Locatable                                  : loaded 2 times (x 72B)
Class com.android.sdklib.repository.generated.repository.v3.ObjectFactory             : loaded 2 times (x 81B)
Class com.android.build.gradle.internal.SdkLocator                                    : loaded 2 times (x 73B)
Class com.android.build.gradle.internal.publishing.ProcessedArtifactUtils             : loaded 2 times (x 73B)
Class com.android.build.gradle.internal.cxx.gradle.generator.CxxConfigurationModelKt  : loaded 2 times (x 73B)
Class com.android.build.gradle.internal.lint.AndroidLintTextOutputTask$VariantCreationAction: loaded 2 times (x 94B)
Class com.android.build.gradle.internal.TaskManager$createPackagingTask$4             : loaded 2 times (x 77B)
Class org.jetbrains.kotlin.gradle.plugin.sources.FragmentConsistencyChecks$unstableFeaturesCheck$1: loaded 2 times (x 81B)
Class org.jetbrains.kotlin.gradle.plugin.sources.DefaultKotlinSourceSet               : loaded 2 times (x 143B)
Class org.jetbrains.kotlin.gradle.plugin.diagnostics.KotlinToolingDiagnosticsCollector$Parameter_Decorated: loaded 2 times (x 132B)
Class com.android.build.gradle.internal.publishing.AndroidArtifactsUtilKt             : loaded 2 times (x 73B)
Class com.android.build.gradle.internal.core.dsl.impl.InstrumentedTestDslInfoImpl$testLabel$1: loaded 2 times (x 76B)
Class com.android.build.gradle.internal.core.dsl.TestComponentDslInfo                 : loaded 2 times (x 72B)
Class com.android.build.api.variant.CodeTransparency                                  : loaded 2 times (x 72B)
Class com.android.build.gradle.internal.plugins.AndroidPluginBaseServices$applyBaseServices$4: loaded 2 times (x 77B)
Class com.android.build.gradle.internal.dsl.DexPackagingImpl$AgpDecorated_Decorated   : loaded 2 times (x 129B)
Class com.android.build.gradle.internal.dsl.ManagedDevices$allDevices$1$2             : loaded 2 times (x 77B)
Class com.android.build.gradle.internal.dsl.ApplicationAndroidResourcesImpl$AgpDecorated_Decorated: loaded 2 times (x 181B)
Class com.android.build.gradle.internal.dependency.SourceSetManager$createConfigurationsForSourceSet$2: loaded 2 times (x 77B)
Class com.android.build.gradle.internal.services.BuildServicesKt                      : loaded 2 times (x 73B)
Class com.android.build.gradle.internal.dsl.LibraryKeepRulesImpl                      : loaded 2 times (x 90B)
Class com.android.build.gradle.internal.dsl.BundleOptionsCodeTransparency             : loaded 2 times (x 79B)
Class org.jetbrains.kotlin.gradle.plugin.diagnostics.ProblemsReporter                 : loaded 2 times (x 72B)
Class org.jetbrains.kotlin.gradle.plugin.VariantImplementationFactories$Parameters    : loaded 2 times (x 72B)
Class org.jetbrains.kotlin.gradle.utils.ConfigurationsKt$sam$org_gradle_api_Action$0  : loaded 2 times (x 77B)
Class org.jetbrains.kotlin.gradle.plugin.internal.JavaExecTaskParametersCompatibility$Factory: loaded 2 times (x 72B)
Class com.android.sdklib.AndroidApiLevel                                              : loaded 2 times (x 76B)
Class com.android.build.gradle.options.Option$Status$EXPERIMENTAL                     : loaded 2 times (x 73B)
Class com.android.build.gradle.internal.services.ServiceRegistrationAction            : loaded 2 times (x 76B)
Class com.android.build.gradle.internal.component.TargetSdkAwareConfig                : loaded 2 times (x 72B)
Class com.android.build.api.dsl.ExecutionProfile                                      : loaded 2 times (x 72B)
Class com.android.build.gradle.internal.plugins.AppPlugin$AppProjectTypeApplyAction   : loaded 2 times (x 79B)
Class org.gradle.internal.classpath.DefaultClassPath$ImmutableUniqueList              : loaded 2 times (x 201B)
Class org.gradle.api.internal.ClassPathRegistry                                       : loaded 2 times (x 72B)
Class com.android.build.gradle.LibraryPlugin                                          : loaded 2 times (x 78B)
Class com.android.build.gradle.internal.dsl.TestedExtensionImpl                       : loaded 2 times (x 224B)
Class com.android.build.api.variant.GeneratesApk                                      : loaded 2 times (x 72B)
Class com.google.protobuf.Internal$DoubleList                                         : loaded 2 times (x 72B)
Class com.google.protobuf.CodedInputStream$IterableDirectByteBufferDecoder            : loaded 2 times (x 121B)
Class com.android.build.gradle.internal.services.AndroidLocationsBuildService$AndroidLocations: loaded 2 times (x 84B)
Class com.android.build.gradle.internal.services.ClassesHierarchyBuildService$RegistrationAction: loaded 2 times (x 76B)
Class org.jetbrains.kotlin.gradle.plugin.KotlinPluginWrapperKt$kotlinPluginVersionFromResources$1: loaded 2 times (x 80B)
Class org.jetbrains.kotlin.gradle.utils.ResourceUtilsKt                               : loaded 2 times (x 73B)
Class org.jetbrains.kotlin.gradle.targets.native.KonanPropertiesBuildService$Companion$registerIfAbsent$2$1$1: loaded 2 times (x 77B)
Class org.jetbrains.kotlin.buildtools.api.ExperimentalBuildToolsApi                   : loaded 2 times (x 72B)
Class org.jetbrains.kotlin.tooling.core.ExtrasUtilsKt                                 : loaded 2 times (x 73B)
Class com.android.build.gradle.internal.dsl.BundleOptionsAbi                          : loaded 2 times (x 79B)
Class com.android.build.gradle.internal.dsl.AgpTestSuiteImpl                          : loaded 2 times (x 108B)
Class com.android.build.gradle.internal.api.artifact.SourceArtifactType$ML_MODELS     : loaded 2 times (x 76B)
Class com.google.common.collect.MapMakerInternalMap$Segment                           : loaded 2 times (x 143B)
Class com.google.common.reflect.TypeToken                                             : loaded 2 times (x 75B)
Class org.apache.commons.io.IOUtils                                                   : loaded 2 times (x 73B)
Class org.jetbrains.kotlin.gradle.plugin.internal.state.TaskLoggers                   : loaded 2 times (x 73B)
Class com.android.build.gradle.tasks.PackageAndroidArtifact$SplitterParams            : loaded 2 times (x 114B)
Class com.android.build.api.variant.BuiltArtifact                                     : loaded 2 times (x 72B)
Class com.android.build.gradle.internal.tasks.ListingFileRedirectTask_Decorated       : loaded 2 times (x 385B)
Class org.jetbrains.kotlin.gradle.utils.ProviderApiUtilsKt$providerWithLazyConvention$1: loaded 2 times (x 76B)
Class com.google.gson.internal.ConstructorConstructor$9                               : loaded 2 times (x 78B)
Class com.sun.xml.bind.v2.runtime.unmarshaller.XmlVisitor$TextPredictor               : loaded 2 times (x 72B)
Class com.sun.xml.bind.v2.runtime.SchemaTypeTransducer                                : loaded 2 times (x 90B)
Class com.android.sdklib.repository.generated.sysimg.v5.SysImgDetailsType             : loaded 2 times (x 149B)
Class com.android.repository.impl.meta.Archive$HostConfig                             : loaded 2 times (x 74B)
Class javax.xml.bind.annotation.XmlRegistry                                           : loaded 2 times (x 72B)
Class com.sun.xml.bind.v2.model.impl.RuntimeBuiltinLeafInfoImpl$19                    : loaded 2 times (x 138B)
Class com.android.repository.api.RepoManager$Companion                                : loaded 2 times (x 73B)
Class com.android.sdklib.repository.generated.common.v3.IdDisplayType                 : loaded 2 times (x 85B)
Class com.android.build.gradle.internal.scope.InternalArtifactType$LINT_PARTIAL_RESULTS: loaded 2 times (x 76B)
Class com.android.build.gradle.internal.utils.KgpUtils$configureKotlinCompileTasks$1  : loaded 2 times (x 77B)
Class com.android.build.gradle.internal.dependency.DexingOutputSplitTransformKt$registerTransformWithOutputType$1: loaded 2 times (x 77B)
Class com.android.build.gradle.internal.DependencyConfigurator$configureGeneralTransforms$7$1: loaded 2 times (x 76B)
Class com.android.build.gradle.internal.dependency.AarTransform$Parameters_Decorated  : loaded 2 times (x 143B)
Class com.android.build.gradle.internal.dependency.PlatformAttrTransform              : loaded 2 times (x 80B)
Class com.android.build.gradle.internal.tasks.DeviceProviderInstrumentTestTask        : loaded 2 times (x 365B)
Class com.android.build.api.variant.impl.LayeredSourceDirectoriesImpl$all$1           : loaded 2 times (x 76B)
Class com.android.build.gradle.internal.tasks.PackageBundleTask                       : loaded 2 times (x 358B)
Class com.android.build.gradle.tasks.PackageAndroidArtifact$CreationAction            : loaded 2 times (x 94B)
Class com.android.build.api.variant.impl.SigningConfigImpl$storePassword$1            : loaded 2 times (x 133B)
Class com.android.build.gradle.internal.tasks.MergeGeneratedProguardFilesCreationAction: loaded 2 times (x 92B)
Class org.jetbrains.kotlin.gradle.plugin.KotlinCompilation$DefaultImpls               : loaded 2 times (x 73B)
Class org.jetbrains.kotlin.gradle.plugin.sources.FragmentConsistencyChecks$unstableFeaturesCheck$2: loaded 2 times (x 80B)
Class com.android.build.gradle.internal.component.DynamicFeatureCreationConfig        : loaded 2 times (x 72B)
Class com.android.build.api.variant.Sources                                           : loaded 2 times (x 72B)
Class com.android.build.gradle.internal.variant.TestedVariantData                     : loaded 2 times (x 72B)
Class com.android.build.api.variant.impl.DeferredActionManager                        : loaded 2 times (x 74B)
Class com.android.build.gradle.internal.dsl.DataBindingOptions$AgpDecorated           : loaded 2 times (x 113B)
Class com.android.build.gradle.internal.DefaultConfigData                             : loaded 2 times (x 74B)
Class com.android.build.gradle.internal.dsl.VectorDrawablesOptions_Decorated          : loaded 2 times (x 133B)
Class com.android.build.gradle.internal.dsl.decorator.annotation.WithLazyInitialization: loaded 2 times (x 72B)
Class com.android.build.api.dsl.ResourcesPackaging                                    : loaded 2 times (x 72B)
Class com.android.build.gradle.internal.model.CoreNdkBuildOptions                     : loaded 2 times (x 72B)
Class com.android.build.gradle.internal.utils.KgpVersion                              : loaded 2 times (x 77B)
Class org.jetbrains.kotlin.gradle.dsl.KotlinCommonCompilerOptionsDefault              : loaded 2 times (x 98B)
Class org.jetbrains.kotlin.gradle.dsl.KotlinCommonCompilerToolOptionsDefault          : loaded 2 times (x 86B)
Class org.jetbrains.kotlin.gradle.internal.properties.NativePropertiesLoader$isUseXcodeMessageStyleEnabled$1: loaded 2 times (x 77B)
Class org.jetbrains.kotlin.gradle.internal.ClassLoadersCachingBuildService$Companion$registerIfAbsent$2$1: loaded 2 times (x 81B)
Class org.jetbrains.kotlin.gradle.report.BuildReportMode$Companion                    : loaded 2 times (x 73B)
Class org.jetbrains.kotlin.gradle.plugin.VariantImplementationFactories$VariantImplementationFactory: loaded 2 times (x 72B)
Class com.android.build.gradle.internal.services.StringCachingBuildService            : loaded 2 times (x 86B)
Class com.android.build.gradle.internal.errors.AndroidProblemReporterProvider$reporter$1: loaded 2 times (x 76B)
Class com.android.build.gradle.internal.component.ComponentCreationConfig             : loaded 2 times (x 72B)
Class com.android.build.gradle.internal.variant.VariantModel                          : loaded 2 times (x 72B)
Class jdk.internal.jimage.decompressor.ResourceDecompressor                           : loaded 2 times (x 72B)
Class com.android.build.gradle.internal.dsl.DataBindingOptions$AgpDecorated_Decorated : loaded 2 times (x 164B)
Class com.android.build.gradle.internal.core.Abi                                      : loaded 2 times (x 81B)
Class com.android.build.gradle.internal.cxx.string.StringEncoder                      : loaded 2 times (x 72B)
Class com.android.build.gradle.internal.services.VariantBuilderServices$Value         : loaded 2 times (x 72B)
Class com.android.build.api.variant.impl.VariantOutputList                            : loaded 2 times (x 175B)
Class com.android.build.gradle.internal.core.dsl.impl.DslInfoCommonKt                 : loaded 2 times (x 73B)
Class org.jetbrains.kotlin.gradle.plugin.mpp.compilationImpl.KotlinCompilationSourceSetInclusion$DefaultAddSourcesToCompileTask$addSources$1: loaded 2 times (x 81B)
Class com.android.build.gradle.internal.tasks.ExtractNativeDebugMetadataTask$FullCreationAction$handleProvider$1: loaded 2 times (x 133B)
Class com.android.build.gradle.internal.tasks.MergeStartupProfileTask                 : loaded 2 times (x 338B)
Class com.android.tools.utp.gradle.api.UtpDependencies                                : loaded 2 times (x 74B)
Class com.android.build.gradle.internal.PropertiesValueSource                         : loaded 2 times (x 80B)
Class com.android.build.gradle.internal.cxx.logging.ThreadLoggingEnvironment$Companion$loggerStack$1: loaded 2 times (x 76B)
Class com.android.build.gradle.internal.dependency.BaseDexingTransform                : loaded 2 times (x 82B)
Class com.android.build.gradle.internal.scope.ArtifactPublishingUtil                  : loaded 2 times (x 73B)
Class com.android.build.gradle.internal.scope.InternalArtifactType$SUPPORTED_LOCALE_LIST: loaded 2 times (x 76B)
Class com.android.build.gradle.internal.PlatformComponents$Companion                  : loaded 2 times (x 73B)
Class com.android.repository.api.Checksum                                             : loaded 2 times (x 82B)
Class javax.xml.bind.GetPropertyAction                                                : loaded 2 times (x 77B)
Class com.sun.xml.bind.v2.model.runtime.RuntimeEnumLeafInfo                           : loaded 2 times (x 72B)
Class com.sun.xml.bind.v2.model.core.ElementInfo                                      : loaded 2 times (x 72B)
Class com.sun.xml.bind.v2.model.impl.RuntimeBuiltinLeafInfoImpl$11                    : loaded 2 times (x 138B)
Class com.android.repository.impl.generated.generic.v2.GenericDetailsType             : loaded 2 times (x 78B)
Class com.google.common.cache.RemovalCause                                            : loaded 2 times (x 82B)
Class [Lcom.sun.xml.bind.v2.runtime.unmarshaller.Scope;                               : loaded 2 times (x 71B)
Class com.android.build.gradle.internal.dependency.AarTransform$WhenMappings          : loaded 2 times (x 73B)
Class com.android.repository.impl.meta.SchemaModuleUtil$NamespaceFallbackFilter       : loaded 2 times (x 154B)
Class org.jetbrains.kotlin.gradle.tasks.configuration.BaseKotlinCompileConfig$1$1$classpathEntrySnapshotFiles$1: loaded 2 times (x 76B)
Class com.google.gson.internal.ConstructorConstructor$13                              : loaded 2 times (x 77B)
Class com.sun.xml.bind.v2.runtime.reflect.Lister$CollectionLister                     : loaded 2 times (x 79B)
Class javax.xml.bind.annotation.XmlAccessOrder                                        : loaded 2 times (x 81B)
Class com.sun.xml.bind.v2.model.impl.RuntimeAnyTypeImpl                               : loaded 2 times (x 96B)
Class com.sun.xml.bind.v2.model.nav.Navigator                                         : loaded 2 times (x 72B)
Class com.android.build.gradle.internal.SdkLocator$ValidationResult                   : loaded 2 times (x 74B)
Class com.android.build.gradle.internal.scope.InternalArtifactType$TEST_FIXTURES_LINT_MODEL: loaded 2 times (x 76B)
Class com.android.build.gradle.internal.scope.BootClasspathBuilder                    : loaded 2 times (x 73B)
Class com.android.build.gradle.internal.publishing.AarOrJarTypeToConsume              : loaded 2 times (x 74B)
Class com.android.build.api.variant.impl.SourcesImpl$manifestOverlayFiles$1           : loaded 2 times (x 76B)
Class com.android.build.api.component.impl.DefaultSourcesProviderImpl$getKeepRules$1  : loaded 2 times (x 133B)
Class com.android.build.api.artifact.SingleArtifact$METADATA_LIBRARY_DEPENDENCIES_REPORT: loaded 2 times (x 76B)
Class com.android.build.gradle.internal.tasks.FinalizeBundleTask$CreationAction$handleProvider$1: loaded 2 times (x 133B)
Class com.android.build.gradle.internal.tasks.SigningConfigVersionsWriterTask         : loaded 2 times (x 342B)
Class com.android.build.gradle.internal.tasks.featuresplit.PackagedDependenciesWriterTask$CreationAction$handleProvider$1: loaded 2 times (x 133B)
Class com.android.build.gradle.internal.scope.InternalArtifactType$GLOBAL_SYNTHETICS_EXTERNAL_LIBS_ARTIFACT_TRANSFORM: loaded 2 times (x 76B)
Class com.android.build.gradle.internal.scope.InternalArtifactType$MIXED_SCOPE_DEX_ARCHIVE: loaded 2 times (x 76B)
Class com.android.build.gradle.internal.tasks.MergeJavaResourceTask$CreationAction$handleProvider$1: loaded 2 times (x 133B)
Class org.jetbrains.kotlin.gradle.plugin.mpp.compilationImpl.KotlinCompilationImpl$1  : loaded 2 times (x 81B)
Class org.jetbrains.kotlin.gradle.plugin.mpp.compilationImpl.factory.KotlinJvmCompilerOptionsFactory: loaded 2 times (x 76B)
Class org.jetbrains.kotlin.compilerRunner.CompilerSystemPropertiesService             : loaded 2 times (x 82B)
Class com.android.build.gradle.internal.scope.InternalArtifactType$MANIFEST_MERGE_REPORT: loaded 2 times (x 76B)
Class com.android.build.gradle.internal.tasks.PrepareLintJarForPublish$CreationAction : loaded 2 times (x 92B)
Class com.android.build.gradle.internal.tasks.CheckMultiApkLibrariesTask$CreationAction: loaded 2 times (x 92B)
Class android.databinding.tool.DataBindingBuilder                                     : loaded 2 times (x 81B)
Class com.android.build.gradle.internal.component.InstrumentedTestCreationConfig      : loaded 2 times (x 72B)
Class com.android.build.gradle.internal.core.dsl.features.ShadersDslInfo              : loaded 2 times (x 72B)
Class com.android.build.api.variant.VariantFilter                                     : loaded 2 times (x 72B)
Class com.android.build.gradle.internal.dsl.ExternalNativeBuild$AgpDecorated          : loaded 2 times (x 98B)
Class com.android.build.gradle.internal.dsl.ResourcesPackagingImpl$AgpDecorated       : loaded 2 times (x 88B)
Class [Lcom.android.builder.model.TestOptions$Execution;                              : loaded 2 times (x 71B)
Class com.android.build.gradle.internal.dsl.LintOptions                               : loaded 2 times (x 203B)
Class com.android.build.gradle.internal.api.DefaultAndroidSourceDirectorySet$directories$1: loaded 2 times (x 145B)
Class com.android.build.api.dsl.Cmake                                                 : loaded 2 times (x 72B)
Class com.android.build.api.dsl.AarMetadata                                           : loaded 2 times (x 72B)
Class com.android.build.gradle.internal.services.BuiltInKotlinServices                : loaded 2 times (x 74B)
Class org.jetbrains.kotlin.gradle.dsl.ExplicitApiMode                                 : loaded 2 times (x 81B)
Class org.jetbrains.kotlin.gradle.plugin.mpp.KotlinUsages$KotlinCinteropCompatibility : loaded 2 times (x 79B)
Class org.jetbrains.kotlin.gradle.plugin.mpp.KotlinUsages$KotlinUsagesCompatibility   : loaded 2 times (x 78B)
Class org.jetbrains.kotlin.gradle.plugin.VariantImplementationFactories$Parameters$Inject_: loaded 2 times (x 108B)
Class org.jetbrains.kotlin.gradle.plugin.VariantImplementationFactories$Companion     : loaded 2 times (x 73B)
Class org.jetbrains.kotlin.gradle.plugin.internal.CustomPropertiesFileValueSource$Parameters_Decorated: loaded 2 times (x 132B)
Class org.jetbrains.kotlin.gradle.dsl.KotlinTopLevelExtensionConfig                   : loaded 2 times (x 72B)
Class com.android.build.gradle.internal.cxx.configure.NativeModelBuilderOutcome$Outcome$1: loaded 2 times (x 78B)
Class com.google.protobuf.UnknownFieldSet$Parser                                      : loaded 2 times (x 152B)
Class com.android.build.gradle.internal.dependency.GenericTransformParameters_Decorated: loaded 2 times (x 132B)
Class com.google.common.collect.AbstractBiMap                                         : loaded 2 times (x 161B)
Class [Lcom.android.build.gradle.options.SyncOptions$ErrorFormatMode;                 : loaded 2 times (x 71B)
Class [Lcom.android.build.gradle.options.HasFutureStage;                              : loaded 2 times (x 71B)
Class com.android.build.gradle.internal.utils.GradlePluginUtils                       : loaded 2 times (x 73B)
Class org.gradle.internal.classpath.ClassPath                                         : loaded 2 times (x 72B)
Class com.google.common.base.Absent                                                   : loaded 2 times (x 82B)
Class com.google.common.reflect.Reflection                                            : loaded 2 times (x 73B)
Class com.google.common.collect.FluentIterable$2                                      : loaded 2 times (x 83B)
Class org.gradle.api.internal.classpath.DefaultModuleRegistry$DefaultModule           : loaded 2 times (x 84B)
Class jdk.internal.jimage.ImageBufferCache$2                                          : loaded 2 times (x 93B)
Class com.android.build.api.variant.HasDeviceTests                                    : loaded 2 times (x 72B)
Class com.android.build.gradle.api.KotlinMultiplatformAndroidPlugin                   : loaded 2 times (x 78B)
Class com.android.build.gradle.internal.services.FakeDependencyJarBuildService$Params_Decorated: loaded 2 times (x 132B)
Class org.jetbrains.kotlin.gradle.plugin.internal.ConfigurationCacheStartParameterAccessor$Factory: loaded 2 times (x 72B)
Class org.jetbrains.kotlin.gradle.internal.properties.PropertiesBuildService$Inject_  : loaded 2 times (x 98B)
Class org.jetbrains.kotlin.gradle.plugin.KotlinGradleBuildServices$detectKotlinPluginLoadedInMultipleProjects$onRegister$1$1: loaded 2 times (x 77B)
Class org.jetbrains.kotlin.gradle.targets.native.KonanPropertiesBuildService          : loaded 2 times (x 78B)
Class org.jetbrains.kotlin.gradle.internal.properties.PropertiesBuildService$NullableStringGradleProperty: loaded 2 times (x 78B)
Class org.jetbrains.kotlin.gradle.plugin.ProjectLocalConfigurations$ProjectLocalDisambiguation: loaded 2 times (x 78B)
Class org.jetbrains.kotlin.gradle.tasks.DefaultKotlinJavaToolchain$Companion$wireJvmTargetToToolchain$2: loaded 2 times (x 77B)
Class com.google.common.collect.Interners$InternerBuilder                             : loaded 2 times (x 78B)
Class [Lcom.google.common.reflect.Types$JavaVersion;                                  : loaded 2 times (x 71B)
Class com.android.build.gradle.internal.dsl.CoreBuildType                             : loaded 2 times (x 72B)
Class com.android.build.gradle.internal.ide.v2.ProductFlavorImpl$Companion            : loaded 2 times (x 73B)
Class com.android.build.gradle.internal.ide.v2.VariantImpl                            : loaded 2 times (x 90B)
Class com.android.build.gradle.internal.UsesSdkComponentsBuildService                 : loaded 2 times (x 72B)
Class org.jetbrains.kotlin.gradle.incremental.IncrementalModuleInfoProvider           : loaded 2 times (x 72B)
Class javax.xml.bind.annotation.XmlElementWrapper                                     : loaded 2 times (x 72B)
Class javax.xml.bind.annotation.adapters.XmlJavaTypeAdapter                           : loaded 2 times (x 72B)
Class com.sun.xml.bind.v2.model.annotation.AnnotationSource                           : loaded 2 times (x 72B)
Class com.android.repository.impl.generated.v1.LocalPackage                           : loaded 2 times (x 142B)
Class com.android.sdklib.repository.legacy.io.FileOpImpl                              : loaded 2 times (x 80B)
Class com.android.build.gradle.internal.TaskManager$configureTestData$1               : loaded 2 times (x 133B)
Class com.android.build.api.variant.impl.FlatSourceDirectoriesForJavaImpl             : loaded 2 times (x 95B)
Class com.android.build.api.dsl.ApplicationBaseFlavor                                 : loaded 2 times (x 72B)
Class com.android.build.gradle.internal.scope.InternalArtifactType$STRIPPED_NATIVE_LIBS: loaded 2 times (x 76B)
Class com.android.build.gradle.internal.tasks.MergeJavaResourceTask$CreationAction$handleProvider$2: loaded 2 times (x 133B)
Class org.jetbrains.kotlin.gradle.plugin.mpp.KotlinJvmAgpCompilation                  : loaded 2 times (x 200B)
Class org.jetbrains.kotlin.gradle.plugin.mpp.compilationImpl.KotlinCompilationImpl$2  : loaded 2 times (x 81B)
Class com.android.build.api.artifact.SingleArtifact$MERGED_NATIVE_LIBS                : loaded 2 times (x 76B)
Class com.android.build.gradle.tasks.MapSourceSetPathsTask$CreateAction$handleProvider$1: loaded 2 times (x 133B)
Class com.android.build.gradle.internal.tasks.CheckManifest                           : loaded 2 times (x 336B)
Class com.android.build.api.variant.TestedApkPackaging                                : loaded 2 times (x 72B)
Class com.android.build.api.variant.impl.ApplicationVariantBuilderImpl_Decorated      : loaded 2 times (x 277B)
Class com.android.build.gradle.internal.core.dsl.impl.features.NativeBuildDslInfoImpl : loaded 2 times (x 83B)
Class com.android.build.gradle.internal.dsl.decorator.LockableList                    : loaded 2 times (x 210B)
Class com.android.build.gradle.internal.dsl.decorator.SupportedPropertyType$Var$Int   : loaded 2 times (x 76B)
Class com.android.build.gradle.internal.dsl.decorator.SupportedPropertyType$Var$NullableBoolean: loaded 2 times (x 76B)
Class com.android.builder.model.ProductFlavor                                         : loaded 2 times (x 72B)
Class org.jetbrains.kotlin.gradle.dsl.KotlinJvmCompilerOptionsDefault                 : loaded 2 times (x 110B)
Class org.jetbrains.kotlin.gradle.internal.UsesClassLoadersCachingBuildService        : loaded 2 times (x 72B)
Class com.android.build.gradle.internal.services.ConfigPhaseFileCreator$Params        : loaded 2 times (x 72B)
Class com.android.build.gradle.internal.core.dsl.PublishableComponentDslInfo          : loaded 2 times (x 72B)
Class com.android.build.gradle.TestedAndroidConfig                                    : loaded 2 times (x 72B)
Class com.android.build.gradle.api.AnnotationProcessorOptions                         : loaded 2 times (x 72B)
Class com.android.build.api.dsl.BundleDeviceGroup                                     : loaded 2 times (x 72B)
Class com.android.build.gradle.internal.dsl.DependencySelectionImpl                   : loaded 2 times (x 80B)
Class com.google.wireless.android.sdk.stats.GradlePluginDataOrBuilder                 : loaded 2 times (x 72B)
Class com.android.build.gradle.internal.core.dsl.impl.VariantDslInfoImpl              : loaded 2 times (x 147B)
Class com.android.build.api.variant.DeviceTestBuilder                                 : loaded 2 times (x 72B)
Class com.android.build.gradle.internal.variant.BaseVariantData$DiscoverableFilterType: loaded 2 times (x 82B)
Class com.android.build.gradle.internal.AndroidTestTaskManager$createMockableJarTask$1: loaded 2 times (x 77B)
Class com.android.build.gradle.tasks.GenerateManifestJarTask$CreationAction$handleProvider$1: loaded 2 times (x 133B)
Class com.android.build.gradle.internal.tasks.R8ResourceShrinkingParametersKt         : loaded 2 times (x 73B)
Class com.android.build.gradle.internal.tasks.ProcessJavaResTask                      : loaded 2 times (x 576B)
Class com.android.build.api.artifact.MultipleArtifact                                 : loaded 2 times (x 76B)
Class com.google.common.io.CharStreams$NullWriter                                     : loaded 2 times (x 101B)
Class com.google.common.io.CharSource$CharSequenceCharSource                          : loaded 2 times (x 88B)
Class com.google.errorprone.annotations.DoNotMock                                     : loaded 2 times (x 72B)
Class org.jetbrains.kotlin.gradle.plugin.ide.IdeMultiplatformImport                   : loaded 2 times (x 72B)
Class org.jetbrains.kotlin.gradle.plugin.AbstractKotlinPluginWrapper                  : loaded 2 times (x 88B)
Class com.android.build.gradle.internal.scope.InternalArtifactType$COMPILE_BUILD_CONFIG_JAR: loaded 2 times (x 76B)
Class org.jetbrains.kotlin.compilerRunner.KotlinCompilerArgumentsLogLevel$Companion   : loaded 2 times (x 73B)
Class org.jetbrains.kotlin.gradle.plugin.DefaultKotlinBasePlugin$addKotlinCompilerConfiguration$3$1: loaded 2 times (x 81B)
Class org.jetbrains.kotlin.gradle.tasks.AbstractKotlinCompile$defaultKotlinJavaToolchain$1: loaded 2 times (x 80B)
Class org.jetbrains.kotlin.daemon.common.MultiModuleICSettings                        : loaded 2 times (x 74B)
Class org.jetbrains.kotlin.gradle.dsl.KotlinJvmCompilerOptionsHelper                  : loaded 2 times (x 73B)
Class com.sun.xml.bind.annotation.OverrideAnnotationOf                                : loaded 2 times (x 72B)
Class com.sun.xml.bind.v2.model.impl.RuntimeValuePropertyInfoImpl                     : loaded 2 times (x 137B)
Class com.android.repository.impl.meta.LocalPackageImpl                               : loaded 2 times (x 133B)
Class com.android.repository.impl.generated.v1.RemotePackage                          : loaded 2 times (x 159B)
Class com.android.build.gradle.internal.SdkType                                       : loaded 2 times (x 81B)
Class com.android.build.gradle.internal.SdkDirectLoadingStrategy                      : loaded 2 times (x 74B)
Class com.android.builder.dexing.DependencyGraphUpdater                               : loaded 2 times (x 72B)
Class com.android.build.gradle.tasks.AnalyzeDependenciesTask$CreationAction           : loaded 2 times (x 92B)
Class com.android.build.gradle.internal.tasks.DeviceProviderInstrumentTestTask$CreationAction: loaded 2 times (x 93B)
Class com.android.build.gradle.internal.scope.InternalArtifactType$APKS_FROM_BUNDLE   : loaded 2 times (x 76B)
Class com.android.build.gradle.internal.tasks.MergeStartupProfileTask$CreationAction  : loaded 2 times (x 92B)
Class com.android.build.gradle.internal.tasks.ApkZipPackagingTask$CreationAction$handleProvider$1: loaded 2 times (x 133B)
Class com.android.build.gradle.tasks.PackageAndroidArtifact                           : loaded 2 times (x 377B)
Class org.jetbrains.kotlin.gradle.utils.ObservableSet                                 : loaded 2 times (x 72B)
Class org.jetbrains.kotlin.gradle.plugin.diagnostics.KotlinToolingDiagnosticsCollectorKt: loaded 2 times (x 73B)
Class org.jetbrains.kotlin.gradle.internal.transforms.BuildToolsApiClasspathEntrySnapshotTransform$Parameters: loaded 2 times (x 90B)
Class org.jetbrains.kotlin.gradle.tasks.KotlinCompile                                 : loaded 2 times (x 508B)
Class com.android.build.gradle.internal.scope.InternalArtifactType$PACKAGED_RES       : loaded 2 times (x 76B)
Class com.android.build.gradle.internal.component.HostTestCreationConfig              : loaded 2 times (x 72B)
Class com.android.build.gradle.internal.component.TestCreationConfig                  : loaded 2 times (x 72B)
Class com.android.build.api.attributes.BuildTypeAttr                                  : loaded 2 times (x 72B)
Class com.android.build.api.variant.impl.DeviceTestBuilderImpl                        : loaded 2 times (x 104B)
Class com.android.build.api.variant.impl.MutableAndroidVersion                        : loaded 2 times (x 78B)
Class com.android.build.gradle.internal.scope.BuildFeatureValuesImpl                  : loaded 2 times (x 102B)
Class com.android.build.gradle.internal.dsl.CompileSdkVersionImpl                     : loaded 2 times (x 84B)
Class com.android.build.gradle.internal.tasks.factory.GlobalTaskNames                 : loaded 2 times (x 72B)
Class com.android.build.api.artifact.impl.ArtifactsImpl$2$1                           : loaded 2 times (x 82B)
Class com.android.build.api.dsl.PublishingOptions                                     : loaded 2 times (x 72B)
Class com.android.build.gradle.internal.dsl.ExternalNativeCmakeOptions                : loaded 2 times (x 110B)
Class org.jetbrains.kotlin.gradle.plugin.diagnostics.ToolingDiagnosticRenderingOptions$Companion: loaded 2 times (x 73B)
Class com.google.common.util.concurrent.AbstractFuture$AtomicHelper                   : loaded 2 times (x 80B)
Class com.android.build.gradle.internal.dsl.NdkBuildOptions                           : loaded 2 times (x 94B)
Class com.android.build.gradle.internal.dsl.DataBindingOptions                        : loaded 2 times (x 110B)
Class org.jetbrains.kotlin.gradle.plugin.mpp.HierarchyAttributeContainer              : loaded 2 times (x 89B)
Class org.jetbrains.kotlin.gradle.tasks.UsesKotlinJavaToolchain                       : loaded 2 times (x 72B)
Class org.jetbrains.kotlin.gradle.plugin.DefaultKotlinBasePlugin$apply$1              : loaded 2 times (x 77B)
Class org.jetbrains.kotlin.gradle.internal.properties.PropertiesBuildService$Params_Decorated: loaded 2 times (x 132B)
Class com.android.build.gradle.internal.services.AndroidLocationsBuildService$AndroidDirectoryCreator: loaded 2 times (x 82B)
Class org.jetbrains.kotlin.gradle.plugin.mpp.DefaultKotlinCompilationOutput           : loaded 2 times (x 84B)
Class com.android.build.gradle.internal.res.Aapt2FromMaven$Companion$create$1         : loaded 2 times (x 77B)
Class com.android.sdklib.AndroidApiLevel$Companion                                    : loaded 2 times (x 73B)
Class com.android.build.gradle.options.Option$Status                                  : loaded 2 times (x 73B)
Class com.android.prefs.AndroidLocationsProvider                                      : loaded 2 times (x 72B)
Class com.android.build.api.variant.ApplicationVariant                                : loaded 2 times (x 72B)
Class org.gradle.api.internal.classpath.DefaultModuleRegistry$DefaultModuleAlias      : loaded 2 times (x 82B)
Class com.android.build.api.variant.impl.SigningConfigImpl$sam$org_gradle_api_Transformer$0: loaded 2 times (x 77B)
Class com.android.build.gradle.internal.tasks.featuresplit.FeatureSetMetadataWriterTask$CreationAction: loaded 2 times (x 92B)
Class com.android.build.gradle.internal.scope.InternalArtifactType$MODULE_BUNDLE      : loaded 2 times (x 76B)
Class com.android.build.gradle.tasks.PackageApplication$CreationAction$handleProvider$1: loaded 2 times (x 131B)
Class com.android.build.gradle.internal.tasks.PerModuleReportDependenciesTask$CreationAction$handleProvider$1: loaded 2 times (x 133B)
Class com.android.build.gradle.internal.variant.DefaultFlavorComparator               : loaded 2 times (x 91B)
Class com.android.build.gradle.internal.dependency.IdentityTransform$Inject_1         : loaded 2 times (x 111B)
Class com.android.build.gradle.internal.dependency.EnumerateClassesTransform$Inject_1 : loaded 2 times (x 111B)
Class com.android.build.gradle.internal.dependency.AndroidAttributes$toAttributeMapString$$inlined$sortedBy$2: loaded 2 times (x 91B)
Class com.android.repository.api.ProgressIndicator                                    : loaded 2 times (x 72B)
Class com.sun.xml.bind.v2.runtime.BridgeImpl                                          : loaded 2 times (x 89B)
Class com.sun.xml.bind.v2.model.impl.RuntimeBuiltinLeafInfoImpl$9                     : loaded 2 times (x 138B)
Class com.sun.xml.bind.v2.model.impl.RuntimeBuiltinLeafInfoImpl$10                    : loaded 2 times (x 138B)
Class com.sun.xml.bind.v2.model.annotation.XmlSchemaTypeQuick                         : loaded 2 times (x 95B)
Class javax.xml.bind.annotation.XmlSchemaType$DEFAULT                                 : loaded 2 times (x 73B)
Class com.android.build.gradle.internal.ide.v2.InstallationImpl                       : loaded 2 times (x 78B)
Class com.android.build.gradle.internal.ide.v2.AndroidDslImpl                         : loaded 2 times (x 88B)
Class com.android.build.gradle.internal.ide.v2.ProjectInfoImpl$Companion              : loaded 2 times (x 73B)
Class com.android.build.gradle.internal.ide.v2.ArtifactDependenciesAdjacencyListImpl$Companion: loaded 2 times (x 73B)
Class com.android.build.gradle.internal.ide.v2.SigningConfigImpl$Companion            : loaded 2 times (x 73B)
Class com.android.build.gradle.internal.ide.v2.DependenciesInfoImpl$Companion         : loaded 2 times (x 73B)
Class com.android.build.gradle.internal.scope.InternalArtifactType$AIDL_SOURCE_OUTPUT_DIR: loaded 2 times (x 76B)
Class com.android.build.gradle.tasks.KotlinCompileCreationAction$ensureConsistentJvmTargetWithJavaCompileTask$1: loaded 2 times (x 77B)
Class com.sun.xml.bind.v2.runtime.property.SingleElementLeafProperty                  : loaded 2 times (x 104B)
Class com.android.sdklib.repository.generated.addon.v3.AddonDetailsType               : loaded 2 times (x 143B)
Class com.sun.xml.bind.api.impl.NameConverter$Standard                                : loaded 2 times (x 95B)
Class com.sun.xml.bind.v2.model.annotation.Init                                       : loaded 2 times (x 73B)
Class com.android.repository.impl.generated.v1.RevisionType                           : loaded 2 times (x 84B)
Class com.android.sdklib.repository.generated.common.v1.ObjectFactory                 : loaded 2 times (x 77B)
Class com.android.build.gradle.internal.SdkComponentsBuildService$VersionedSdkLoader$adbHelper$1: loaded 2 times (x 77B)
Class com.android.build.gradle.internal.scope.BuildArtifactSpec$Companion             : loaded 2 times (x 73B)
Class com.android.build.gradle.internal.dependency.ExtractJniTransform                : loaded 2 times (x 80B)
Class com.android.build.gradle.internal.scope.InternalMultipleArtifactType$EXTERNAL_LIBS_DEX: loaded 2 times (x 76B)
Class org.jetbrains.kotlin.gradle.incremental.UsesIncrementalModuleInfoBuildService   : loaded 2 times (x 72B)
Class com.android.build.api.component.impl.features.ResValuesCreationConfigImpl       : loaded 2 times (x 77B)
Class com.android.build.api.dsl.Device                                                : loaded 2 times (x 72B)
Class [Lcom.google.common.base.CaseFormat;                                            : loaded 2 times (x 71B)
Class com.google.common.collect.FluentIterable$1                                      : loaded 2 times (x 83B)
Class com.android.build.gradle.internal.dsl.VectorDrawablesOptions                    : loaded 2 times (x 89B)
Class org.jetbrains.kotlin.gradle.utils.CompilerOptionsKt$configureExperimentalTryNext$1$1: loaded 2 times (x 80B)
Class org.jetbrains.kotlin.gradle.utils.CompilerOptionsKt                             : loaded 2 times (x 73B)
Class org.jetbrains.kotlin.gradle.plugin.PropertiesProvider$Companion                 : loaded 2 times (x 73B)
Class org.jetbrains.kotlin.gradle.utils.SingleAction                                  : loaded 2 times (x 75B)
Class com.google.wireless.android.sdk.stats.JavaProcessStats$Builder                  : loaded 2 times (x 308B)
Class jdk.internal.jimage.ImageBufferCache$1                                          : loaded 2 times (x 84B)
Class com.google.wireless.android.sdk.stats.GradleBuildVariant$Builder                : loaded 2 times (x 383B)
Class com.android.build.gradle.internal.profile.NoOpAnalyticsService$RegistrationAction: loaded 2 times (x 76B)
Class com.android.build.gradle.internal.errors.AndroidProblemReporterProvider         : loaded 2 times (x 78B)
Class com.android.build.gradle.internal.tasks.factory.BootClasspathConfigImpl         : loaded 2 times (x 81B)
Class com.android.build.gradle.internal.tasks.factory.GlobalTaskCreationConfig        : loaded 2 times (x 72B)
Class com.android.build.gradle.internal.tasks.factory.BootClasspathConfig             : loaded 2 times (x 72B)
Class jdk.internal.jimage.ImageStringsReader                                          : loaded 2 times (x 82B)
Class com.google.common.util.concurrent.ListeningExecutorService                      : loaded 2 times (x 72B)
Class com.android.build.gradle.options.StringOption                                   : loaded 2 times (x 87B)
Class com.google.protobuf.AbstractMessageLite$Builder$LimitedInputStream              : loaded 2 times (x 94B)
Class com.google.protobuf.Extension$ExtensionType                                     : loaded 2 times (x 81B)
Class com.google.wireless.android.sdk.stats.GradleBuildProfileSpan$ExecutionType$1    : loaded 2 times (x 78B)
Class com.android.build.gradle.internal.services.Aapt2ThreadPoolBuildService          : loaded 2 times (x 82B)
Class com.android.build.gradle.internal.utils.EnvironmentProviderImpl                 : loaded 2 times (x 80B)
Class [Lcom.android.prefs.VariableValue;                                              : loaded 2 times (x 71B)
Class com.android.build.gradle.internal.SdkComponentsBuildService                     : loaded 2 times (x 82B)
Class org.jetbrains.kotlin.gradle.plugin.KotlinGradleBuildServices$Companion          : loaded 2 times (x 73B)
Class org.jetbrains.kotlin.gradle.internal.properties.PropertiesBuildServiceKt        : loaded 2 times (x 73B)
Class org.jetbrains.kotlin.gradle.plugin.KotlinPlatformType                           : loaded 2 times (x 84B)
Class com.google.common.reflect.TypeToken$1                                           : loaded 2 times (x 112B)
Class org.jetbrains.kotlin.gradle.tasks.KotlinCompile$defaultKotlinJavaToolchain$1    : loaded 2 times (x 81B)
Class org.jetbrains.kotlin.gradle.tasks.KotlinJavaToolchain$JavaToolchainSetter       : loaded 2 times (x 72B)
Class com.android.build.gradle.tasks.JavaCompileUtils$checkDeprecatedSourceAndTargetAtExecutionTime$1: loaded 2 times (x 77B)
Class com.android.build.gradle.internal.variant.BaseVariantData$getGeneratedBytecode$1: loaded 2 times (x 76B)
Class com.sun.xml.bind.v2.runtime.Utils                                               : loaded 2 times (x 73B)
Class com.sun.xml.bind.v2.runtime.property.ArrayReferenceNodeProperty$MixedTextLoader : loaded 2 times (x 80B)
Class com.sun.xml.bind.v2.runtime.unmarshaller.XsiNilLoader$Array                     : loaded 2 times (x 82B)
Class com.android.sdklib.repository.generated.repository.v3.SourceDetailsType         : loaded 2 times (x 122B)
Class com.sun.xml.bind.v2.model.annotation.ClassLocatable                             : loaded 2 times (x 80B)
Class com.sun.xml.bind.AccessorFactory                                                : loaded 2 times (x 72B)
Class com.android.build.gradle.internal.publishing.TestFixturesVariantSpecBuilder     : loaded 2 times (x 92B)
Class com.android.build.gradle.internal.dependency.DexingOutputSplitTransformKt$registerTransformWithOutputType$1$WhenMappings: loaded 2 times (x 73B)
Class com.android.build.gradle.internal.dependency.ExtractJniTransform$Inject_1       : loaded 2 times (x 111B)
Class com.android.build.gradle.internal.tasks.AndroidTestTask                         : loaded 2 times (x 72B)
Class com.android.build.api.variant.CanProduceConsumerProguardFiles                   : loaded 2 times (x 72B)
Class [Lcom.android.build.gradle.internal.tasks.DexMergingAction;                     : loaded 2 times (x 71B)
Class com.android.build.gradle.internal.tasks.ClassesClasspathUtils                   : loaded 2 times (x 74B)
Class org.jetbrains.kotlin.tooling.core.ExtrasPropertyKt$extrasLazyProperty$1         : loaded 2 times (x 96B)
Class org.jetbrains.kotlin.gradle.plugin.diagnostics.UsesKotlinToolingDiagnostics     : loaded 2 times (x 72B)
Class com.android.build.gradle.internal.scope.InternalArtifactType$LINKED_RESOURCES_FOR_BUNDLE_PROTO_FORMAT: loaded 2 times (x 76B)
Class com.android.build.gradle.internal.scope.InternalArtifactType$LINKED_RESOURCES_BINARY_FORMAT: loaded 2 times (x 76B)
Class com.android.build.gradle.internal.tasks.ProcessNavigationXmlTask$CreationAction$handleProvider$1: loaded 2 times (x 133B)
Class com.android.build.gradle.internal.tasks.ExtractNativeDebugMetadataTask$SymbolTableCreationAction: loaded 2 times (x 93B)
Class com.android.build.gradle.internal.services.BuiltInKaptSupportMode$NotSupported  : loaded 2 times (x 73B)
Class [Lcom.android.build.gradle.internal.variant.BaseVariantData$DiscoverableFilterType;: loaded 2 times (x 71B)
Class com.android.build.api.variant.LintReportsBuilder                                : loaded 2 times (x 72B)
Class com.android.build.gradle.internal.tasks.SigningConfigUtils$Companion            : loaded 2 times (x 73B)
Class com.android.build.gradle.api.AndroidSourceDirectorySet                          : loaded 2 times (x 72B)
Class com.android.build.gradle.internal.dsl.NdkOptions                                : loaded 2 times (x 118B)
Class com.android.build.api.dsl.CompileOptions                                        : loaded 2 times (x 72B)
Class org.jetbrains.kotlin.gradle.tasks.DefaultKotlinJavaToolchain$Companion$wireJvmTargetToToolchain$1: loaded 2 times (x 77B)
Class com.google.protobuf.GeneratedMessageV3                                          : loaded 2 times (x 180B)
Class com.android.build.gradle.options.OptionParsers                                  : loaded 2 times (x 73B)
Class com.android.build.api.dsl.AndroidSourceSet                                      : loaded 2 times (x 72B)
Class com.android.build.gradle.options.FeatureStage$Deprecated                        : loaded 2 times (x 74B)
Class com.android.build.gradle.internal.services.AndroidLocationsBuildService         : loaded 2 times (x 92B)
Class com.android.build.api.variant.Variant                                           : loaded 2 times (x 72B)
Class com.android.build.api.dsl.ApplicationExtension                                  : loaded 2 times (x 72B)
Class com.android.builder.internal.BaseConfigImpl                                     : loaded 2 times (x 117B)
Class com.android.build.api.dsl.BundleDensity                                         : loaded 2 times (x 72B)
Class com.android.build.gradle.internal.dsl.Splits$AgpDecorated                       : loaded 2 times (x 87B)
Class com.android.build.api.dsl.LibraryBuildFeatures                                  : loaded 2 times (x 72B)
Class [Lcom.android.build.gradle.internal.dsl.ModulePropertyKey;                      : loaded 2 times (x 71B)
Class com.android.build.api.variant.BundleConfig                                      : loaded 2 times (x 72B)
Class com.android.build.api.component.impl.DeviceTestImpl                             : loaded 2 times (x 695B)
Class com.android.build.api.component.impl.DeviceTestImpl_Decorated                   : loaded 2 times (x 751B)
Class com.android.build.api.artifact.ScopedArtifact$JAVA_RES                          : loaded 2 times (x 76B)
Class com.android.build.gradle.tasks.GenerateManifestJarTask                          : loaded 2 times (x 338B)
Class org.jetbrains.kotlin.gradle.tasks.CompileUsingKotlinDaemonWithNormalization     : loaded 2 times (x 72B)
Class org.jetbrains.kotlin.gradle.plugin.mpp.compilationImpl.factory.KotlinCompilationImplFactory$PostConfigure$Companion: loaded 2 times (x 73B)
Class [Lorg.jetbrains.kotlin.gradle.plugin.HasKotlinDependencies;                     : loaded 2 times (x 71B)
Class org.jetbrains.kotlin.gradle.plugin.mpp.KotlinJvmAgpCompilation_Decorated        : loaded 2 times (x 248B)
Class com.android.build.api.variant.impl.SigningConfigImpl$keyPassword$1              : loaded 2 times (x 133B)
Class com.android.build.api.variant.impl.ManifestFilesImpl$all$1                      : loaded 2 times (x 76B)
Class com.android.build.gradle.internal.AndroidTestTaskManager$createConnectedTestForVariant$connectedCheckSerials$1: loaded 2 times (x 76B)
Class com.android.build.gradle.internal.cxx.configure.Ninja                           : loaded 2 times (x 74B)
Class com.android.build.gradle.internal.dependency.AndroidAttributes$toAttributeMapString$$inlined$sortedBy$1: loaded 2 times (x 91B)
Class com.google.common.reflect.TypeToken$2                                           : loaded 2 times (x 112B)
Class com.google.common.collect.AbstractMapBasedMultimap$AsMap$AsMapEntries           : loaded 2 times (x 140B)
Class com.android.build.gradle.internal.ide.v2.EdgeImpl                               : loaded 2 times (x 78B)
Class com.android.build.gradle.internal.ide.v2.GlobalSyncService$Parameters$Inject_   : loaded 2 times (x 108B)
Class com.android.sdklib.repository.generated.common.v2.ApiDetailsType                : loaded 2 times (x 115B)
Class com.sun.xml.bind.v2.model.nav.ReflectionNavigator$BinderArg                     : loaded 2 times (x 75B)
Class com.sun.xml.bind.v2.model.impl.PropertyInfoImpl                                 : loaded 2 times (x 110B)
Class com.sun.xml.bind.v2.model.annotation.SecureLoader                               : loaded 2 times (x 73B)
Class com.sun.xml.bind.v2.runtime.output.Pcdata                                       : loaded 2 times (x 92B)
Class com.sun.xml.bind.v2.util.QNameMap                                               : loaded 2 times (x 74B)
Class com.sun.xml.bind.v2.runtime.JAXBContextImpl                                     : loaded 2 times (x 92B)
Class com.android.repository.impl.meta.RemotePackageImpl                              : loaded 2 times (x 146B)
Class com.android.sdklib.repository.generated.common.v1.package-info                  : loaded 2 times (x 72B)
Class com.android.sdklib.repository.meta.SdkCommonFactory                             : loaded 2 times (x 75B)
Class com.android.build.gradle.internal.scope.InternalArtifactType$LOCAL_AAR_FOR_LINT : loaded 2 times (x 76B)
Class com.android.build.gradle.internal.dependency.ExtractProGuardRulesTransform      : loaded 2 times (x 80B)
Class com.android.build.gradle.internal.PropertiesValueSource$Inject_                 : loaded 2 times (x 111B)
Class com.android.build.gradle.internal.scope.InternalArtifactType$CONNECTED_ANDROID_TEST_ADDITIONAL_OUTPUT: loaded 2 times (x 76B)
Class com.android.build.gradle.internal.scope.InternalArtifactType$GLOBAL_SYNTHETICS_EXTERNAL_LIB: loaded 2 times (x 76B)
Class org.jetbrains.kotlin.gradle.plugin.mpp.compilationImpl.DefaultKotlinCompilationSourceSetsContainer$allKotlinSourceSetsImpl$1$1: loaded 2 times (x 82B)
Class org.jetbrains.kotlin.gradle.plugin.mpp.compilationImpl.DefaultKotlinCompilationSourceSetsContainer: loaded 2 times (x 80B)
Class com.android.build.api.variant.impl.ResourcesPackagingImpl$merges$1              : loaded 2 times (x 77B)
Class com.android.build.gradle.internal.scope.InternalArtifactType$DATA_BINDING_LAYOUT_INFO_TYPE_PACKAGE: loaded 2 times (x 76B)
Class com.android.build.gradle.internal.tasks.NewIncrementalTask                      : loaded 2 times (x 338B)
Class com.android.build.api.artifact.TaskBasedOperation                               : loaded 2 times (x 72B)
Class com.android.build.gradle.internal.scope.InternalArtifactType$BUNDLE_MANIFEST    : loaded 2 times (x 76B)
Class com.android.build.gradle.tasks.ProcessManifestForBundleTask                     : loaded 2 times (x 338B)
Class com.android.build.gradle.internal.dependency.ProvidedClasspath                  : loaded 2 times (x 73B)
Class com.android.build.gradle.internal.core.dsl.impl.ApplicationVariantDslInfoImpl$versionName$2$2: loaded 2 times (x 77B)
Class com.android.build.gradle.internal.lint.AndroidLintGlobalTask                    : loaded 2 times (x 328B)
Class com.android.build.gradle.internal.dsl.BuildType$Companion                       : loaded 2 times (x 73B)
Class com.android.build.api.artifact.Artifacts                                        : loaded 2 times (x 72B)
Class com.android.build.gradle.internal.services.FakeDependencyJarBuildService$lazyCachedFakeJar$1: loaded 2 times (x 77B)
Class com.android.build.gradle.internal.dsl.JavaCompileOptions$AgpDecorated_Decorated : loaded 2 times (x 132B)
Class com.android.build.gradle.internal.dsl.BundleOptionsLanguage                     : loaded 2 times (x 79B)
Class com.android.build.gradle.internal.dsl.BundleOptionsCountrySet                   : loaded 2 times (x 83B)
Class com.android.build.api.dsl.DynamicFeatureProductFlavor                           : loaded 2 times (x 72B)
Class com.android.builder.model.Named                                                 : loaded 2 times (x 72B)
Class org.jetbrains.kotlin.tooling.core.AbstractExtras                                : loaded 2 times (x 143B)
Class org.jetbrains.kotlin.gradle.internal.properties.NativePropertiesLoader$shouldUseEmbeddableCompilerJar$1: loaded 2 times (x 77B)
Class org.jetbrains.kotlin.gradle.fus.BuildUidService$Companion$registerIfAbsent$1    : loaded 2 times (x 76B)
Class org.jetbrains.kotlin.gradle.internal.diagnostics.AgpCompatibilityCheck$AndroidGradlePluginVersionProvider: loaded 2 times (x 72B)
Class com.android.build.gradle.internal.SdkComponentsBuildService$VersionedSdkLoader$targetBootClasspathProvider$1: loaded 2 times (x 77B)
Class com.google.protobuf.MessageLite$Builder                                         : loaded 2 times (x 72B)
Class com.android.sdklib.repository.generated.repository.v2.ObjectFactory             : loaded 2 times (x 81B)
Class com.android.build.gradle.options.ApiStage$Experimental                          : loaded 2 times (x 74B)
Class com.android.build.gradle.internal.core.dsl.ApkProducingComponentDslInfo         : loaded 2 times (x 72B)
Class com.android.build.api.extension.impl.AndroidComponentsExtensionImpl             : loaded 2 times (x 114B)
Class jdk.internal.jimage.ImageReader                                                 : loaded 2 times (x 77B)
Class com.sun.istack.FinalArrayList                                                   : loaded 2 times (x 211B)
Class com.sun.xml.bind.api.ErrorListener                                              : loaded 2 times (x 72B)
Class com.sun.xml.bind.v2.model.impl.RuntimeBuiltinLeafInfoImpl$8                     : loaded 2 times (x 138B)
Class com.google.common.collect.HashMultimapGwtSerializationDependencies              : loaded 2 times (x 175B)
Class org.gradle.accessors.dm.LibrariesForLibs_Decorated                              : loaded 2 times (x 131B)
Class com.google.wireless.android.sdk.stats.GradleBuildMemorySampleOrBuilder          : loaded 2 times (x 72B)
Class org.jetbrains.kotlin.gradle.plugin.mpp.KotlinJvmAndroidCompilation              : loaded 2 times (x 200B)
Class org.jetbrains.kotlin.gradle.internal.properties.NativePropertiesLoader$isToolchainEnabled$1: loaded 2 times (x 77B)
Class org.jetbrains.kotlin.gradle.utils.FutureImpl                                    : loaded 2 times (x 82B)
Class com.android.build.api.dsl.DynamicFeatureBuildType                               : loaded 2 times (x 72B)
Class org.bouncycastle.jce.provider.BouncyCastleProvider                              : loaded 2 times (x 171B)
Class com.android.build.gradle.api.JavaCompileOptions                                 : loaded 2 times (x 72B)
Class com.android.build.api.dsl.DependencySelection                                   : loaded 2 times (x 72B)
Class com.android.build.gradle.internal.dsl.decorator.DslDecorator$ClassInfoVisitor   : loaded 2 times (x 72B)
Class com.android.build.gradle.internal.dsl.ManagedDevices$localDevices$1$2           : loaded 2 times (x 77B)
Class com.android.build.gradle.internal.dsl.BuildType$AgpDecorated                    : loaded 2 times (x 374B)
Class sync_studio_tooling6_ccelmevog3frp30rwbaudfy37$_run_closure1                    : loaded 2 times (x 140B)
Class com.android.build.gradle.internal.dsl.VcsInfoImpl$AgpDecorated_Decorated        : loaded 2 times (x 127B)
Class org.jetbrains.kotlin.gradle.plugin.KotlinCompilerArgumentsProducer$ArgumentType$Companion: loaded 2 times (x 73B)
Class com.android.build.gradle.internal.tasks.PrepareLintJarForPublishKt              : loaded 2 times (x 73B)
Class org.jetbrains.kotlin.build.report.metrics.BuildTimes                            : loaded 2 times (x 74B)
Class org.jetbrains.kotlin.gradle.tasks.KotlinCompile$ClasspathSnapshotProperties     : loaded 2 times (x 77B)
Class javax.xml.bind.annotation.XmlAnyAttribute                                       : loaded 2 times (x 72B)
Class com.sun.xml.bind.v2.model.impl.ValuePropertyInfoImpl                            : loaded 2 times (x 122B)
Class com.android.repository.impl.generated.v2.package-info                           : loaded 2 times (x 72B)
Class com.android.sdklib.repository.generated.addon.v1.package-info                   : loaded 2 times (x 72B)
Class com.android.sdklib.repository.legacy.LegacyDownloader                           : loaded 2 times (x 86B)
Class com.android.build.gradle.internal.scope.InternalArtifactType$MODULE_AND_RUNTIME_DEPS_CLASSES: loaded 2 times (x 76B)
Class com.android.build.gradle.internal.dependency.ModelArtifactCompatibilityRule$Companion: loaded 2 times (x 73B)
Class com.android.builder.files.SerializableFileChanges                               : loaded 2 times (x 74B)
Class com.android.build.gradle.internal.dependency.AarToClassTransform$Params         : loaded 2 times (x 72B)
Class com.android.build.gradle.internal.DependencyConfigurator                        : loaded 2 times (x 74B)
Class com.android.build.gradle.internal.scope.InternalArtifactType$SDK_DEPENDENCY_DATA: loaded 2 times (x 76B)
Class com.android.build.gradle.internal.scope.InternalArtifactType$BUNDLE_DEPENDENCY_REPORT: loaded 2 times (x 76B)
Class com.android.build.gradle.internal.tasks.creationconfig.DexMergingCreationConfig : loaded 2 times (x 72B)
Class org.jetbrains.kotlin.gradle.plugin.mpp.KotlinCompilationsKt                     : loaded 2 times (x 73B)
Class org.jetbrains.kotlin.gradle.plugin.sources.DefaultKotlinSourceSet_Decorated     : loaded 2 times (x 189B)
Class org.jetbrains.kotlin.gradle.plugin.mpp.compilationImpl.factory.DefaultProcessResourcesTaskNameFactory: loaded 2 times (x 76B)
Class org.jetbrains.kotlin.gradle.plugin.diagnostics.TransformActionUsingKotlinToolingDiagnostics: loaded 2 times (x 72B)
Class com.android.build.gradle.internal.component.features.NativeBuildCreationConfig  : loaded 2 times (x 72B)
Class com.android.build.api.variant.Packaging                                         : loaded 2 times (x 72B)
Class com.google.wireless.android.sdk.stats.GradleBuildSplitsOrBuilder                : loaded 2 times (x 72B)
Class com.android.tools.lint.model.LintModelSeverity$Companion                        : loaded 2 times (x 73B)
Class com.android.build.gradle.internal.dsl.ApplicationExtensionImpl$dataBinding$1    : loaded 2 times (x 77B)
Class com.android.build.api.artifact.Artifact                                         : loaded 2 times (x 76B)
Class com.android.build.api.variant.impl.HostTestBuilderImpl$Companion                : loaded 2 times (x 73B)
Class com.android.build.gradle.internal.dsl.ExternalNativeCmakeOptions_Decorated      : loaded 2 times (x 153B)
Class com.android.build.gradle.internal.component.TestSuiteCreationConfig             : loaded 2 times (x 72B)
Class com.android.build.api.dsl.MaxSdkSpec                                            : loaded 2 times (x 72B)
Class com.android.builder.core.AbstractBuildType                                      : loaded 2 times (x 155B)
Class org.jetbrains.kotlin.gradle.targets.native.KonanPropertiesBuildService$Companion: loaded 2 times (x 73B)
Class org.jetbrains.kotlin.gradle.plugin.PropertiesProvider$propertyWithDeprecatedValues$1: loaded 2 times (x 77B)
Class org.jetbrains.kotlin.gradle.utils.GradleUtilsKt$registerClassLoaderScopedBuildService$1: loaded 2 times (x 76B)
Class org.jetbrains.kotlin.gradle.internal.diagnostics.AgpCompatibilityCheck$AndroidGradlePluginVersionProvider$Default: loaded 2 times (x 76B)
Class com.android.builder.profile.Recorder                                            : loaded 2 times (x 72B)
Class com.android.build.api.component.impl.JavaCompilationImpl                        : loaded 2 times (x 78B)
Class com.google.wireless.android.sdk.stats.GradleBuildProfileSpanOrBuilder           : loaded 2 times (x 72B)
Class com.google.protobuf.Parser                                                      : loaded 2 times (x 72B)
Class com.android.build.gradle.internal.variant.BaseVariantData$WhenMappings          : loaded 2 times (x 73B)
Class com.google.common.util.concurrent.DirectExecutor                                : loaded 2 times (x 84B)
Class jdk.internal.jimage.ImageReader$SharedImageReader                               : loaded 2 times (x 97B)
Class org.gradle.api.internal.classpath.ModuleRegistry                                : loaded 2 times (x 72B)
Class org.gradle.internal.installation.GradleInstallation$1                           : loaded 2 times (x 77B)
Class com.android.build.gradle.internal.res.LinkApplicationAndroidResourcesTask$BaseCreationAction$handleProvider$4: loaded 2 times (x 133B)
Class org.jetbrains.kotlin.gradle.plugin.diagnostics.ToolingDiagnosticRenderingOptionsKt$isAttachedToTerminal$2: loaded 2 times (x 76B)
Class org.jetbrains.kotlin.gradle.plugin.diagnostics.IsAttachedToTerminalValueSource$Inject_: loaded 2 times (x 102B)
Class org.jetbrains.kotlin.gradle.plugin.mpp.compilationImpl.factory.DefaultKotlinCompilationDependencyConfigurationsFactory$WithRuntime: loaded 2 times (x 77B)
Class com.android.build.gradle.internal.tasks.CompileArtProfileTask$CreationAction$handleProvider$4: loaded 2 times (x 133B)
Class com.android.build.gradle.internal.scope.InternalArtifactType$APK_FROM_BUNDLE_IDE_REDIRECT_FILE: loaded 2 times (x 76B)
Class com.android.build.gradle.internal.tasks.OptimizeResourcesTask$CreateAction$handleProvider$operationRequest$2: loaded 2 times (x 133B)
Class com.android.build.gradle.internal.scope.InternalArtifactType$ANDROID_TEST_RESULTS: loaded 2 times (x 76B)
Class com.android.build.gradle.internal.publishing.PublishingSpecs$Companion          : loaded 2 times (x 73B)
Class com.android.build.gradle.internal.ide.v2.VersionImpl$Companion                  : loaded 2 times (x 73B)
Class com.android.sdklib.repository.generated.repository.v3.LayoutlibType             : loaded 2 times (x 76B)
Class com.sun.xml.bind.v2.model.runtime.RuntimeClassInfo                              : loaded 2 times (x 72B)
Class com.sun.xml.bind.v2.model.impl.RuntimeBuiltinLeafInfoImpl$7                     : loaded 2 times (x 138B)
Class com.sun.xml.bind.api.impl.NameConverter$2                                       : loaded 2 times (x 95B)
Class com.sun.xml.bind.v2.runtime.unmarshaller.Loader                                 : loaded 2 times (x 79B)
Class com.sun.xml.bind.v2.runtime.reflect.PrimitiveArrayListerDouble                  : loaded 2 times (x 78B)
Class org.apache.commons.io.output.NullWriter                                         : loaded 2 times (x 101B)
Class com.google.common.base.Splitter$SplittingIterator                               : loaded 2 times (x 85B)
Class org.jetbrains.kotlin.gradle.plugin.KotlinCompilerArgumentsProducer$CreateCompilerArgumentsContext$Companion: loaded 2 times (x 73B)
Class com.android.build.gradle.internal.tasks.MergeJavaResourceTask$Companion$predicate$1: loaded 2 times (x 82B)
Class [Lcom.sun.xml.bind.v2.model.impl.ClassInfoImpl$SecondaryAnnotation;             : loaded 2 times (x 71B)
Class com.sun.xml.bind.api.BridgeContext                                              : loaded 2 times (x 78B)
Class com.sun.xml.bind.v2.model.core.TypeInfoSet                                      : loaded 2 times (x 72B)
Class com.android.sdklib.repository.generated.repository.v4.ObjectFactory             : loaded 2 times (x 81B)
Class com.android.sdklib.repository.generated.addon.v2.ObjectFactory                  : loaded 2 times (x 82B)
Class com.android.build.gradle.internal.SdkLoadingStrategy                            : loaded 2 times (x 74B)
Class com.android.build.gradle.internal.scope.InternalArtifactType$COMPILE_LIBRARY_CLASSES_JAR: loaded 2 times (x 76B)
Class com.android.build.gradle.internal.dependency.DexingRegistration$registerTransform$1: loaded 2 times (x 77B)
Class com.android.build.gradle.internal.dependency.CollectClassesTransform            : loaded 2 times (x 80B)
Class com.android.build.gradle.internal.HostTestTaskManager$createRunHostTestTask$1   : loaded 2 times (x 77B)
Class com.android.build.gradle.internal.scope.InternalArtifactType$APK_ZIP            : loaded 2 times (x 76B)
Class com.android.build.gradle.internal.tasks.ListingFileRedirectTask                 : loaded 2 times (x 337B)
Class org.jetbrains.kotlin.gradle.utils.ConfigurationCacheOpaqueValue                 : loaded 2 times (x 74B)
Class [Lcom.android.build.gradle.internal.publishing.ArtifactCategory;                : loaded 2 times (x 71B)
Class [Lcom.android.build.gradle.internal.publishing.AndroidArtifacts$ArtifactScope;  : loaded 2 times (x 71B)
Class com.android.build.gradle.internal.dsl.InstrumentationImpl                       : loaded 2 times (x 79B)
Class com.android.build.gradle.internal.core.MergedFlavor$Companion                   : loaded 2 times (x 73B)
Class com.android.build.gradle.internal.dsl.MinSdkSpecImpl$AgpDecorated_Decorated     : loaded 2 times (x 131B)
Class [Lcom.android.build.api.artifact.impl.InternalScopedArtifacts$InternalScope;    : loaded 2 times (x 71B)
Class com.android.build.gradle.internal.services.FakeDependencyJarBuildService$FakeDependencyJarCreator$Inject_: loaded 2 times (x 113B)
Class com.android.sdklib.repository.targets.PlatformTarget$Library                    : loaded 2 times (x 74B)
Class com.android.build.gradle.internal.dsl.ComposeOptionsImpl_Decorated              : loaded 2 times (x 129B)
Class com.android.build.api.component.impl.features.AndroidResourcesCreationConfigImpl$WhenMappings: loaded 2 times (x 73B)
Class com.android.build.gradle.internal.dsl.decorator.DslDecorator$cache$1            : loaded 2 times (x 77B)
Class com.android.build.api.dsl.MinCompileSdkSpec                                     : loaded 2 times (x 72B)
Class com.android.build.api.dsl.AndroidResources                                      : loaded 2 times (x 72B)
Class com.google.wireless.android.sdk.stats.GradleBuildVariant$VariantType            : loaded 2 times (x 89B)
Class org.jetbrains.kotlin.gradle.dsl.KotlinAndroidProjectExtension_Decorated         : loaded 2 times (x 186B)
Class org.jetbrains.kotlin.gradle.plugin.mpp.KotlinUsages                             : loaded 2 times (x 73B)
Class org.jetbrains.kotlin.gradle.internal.properties.NativePropertiesLoader$Companion: loaded 2 times (x 73B)
Class [Lorg.jetbrains.kotlin.build.report.metrics.GradleBuildPerformanceMetric;       : loaded 2 times (x 71B)
Class org.jetbrains.kotlin.gradle.plugin.statistics.BuildFusService$Companion         : loaded 2 times (x 73B)
Class com.android.ProgressManagerAdapter                                              : loaded 2 times (x 75B)
Class com.google.protobuf.Descriptors$GenericDescriptor                               : loaded 2 times (x 77B)
Class kotlinx.coroutines.flow.StateFlow                                               : loaded 2 times (x 72B)
Class com.android.ide.common.blame.MessageJsonSerializer                              : loaded 2 times (x 78B)
Class com.android.build.gradle.internal.plugins.FusedLibraryPlugin                    : loaded 2 times (x 83B)
Class com.android.build.gradle.internal.services.RunOnceBuildServiceImpl$Inject_      : loaded 2 times (x 104B)
Class jdk.internal.jimage.decompressor.ResourceDecompressorFactory                    : loaded 2 times (x 76B)
Class org.jetbrains.kotlin.build.report.metrics.BuildAttribute$Companion              : loaded 2 times (x 73B)
Class org.jetbrains.kotlin.gradle.tasks.KotlinCompile$scriptSources$1                 : loaded 2 times (x 77B)
Class com.android.build.gradle.internal.cxx.configure.NativeModelBuilderOutcome       : loaded 2 times (x 223B)
Class com.android.build.gradle.internal.ide.dependencies.ResolvedArtifact$DependencyType: loaded 2 times (x 81B)
Class jdk.internal.jrtfs.JrtDirectoryStream$1                                         : loaded 2 times (x 85B)
Class jdk.internal.jimage.ImageLocation                                               : loaded 2 times (x 92B)
Class com.android.build.gradle.internal.plugins.VersionCheckPlugin                    : loaded 2 times (x 76B)
Class com.android.build.gradle.internal.AbstractAppTaskManager                        : loaded 2 times (x 89B)
Class com.google.protobuf.Internal$EnumLite                                           : loaded 2 times (x 72B)
Class com.android.build.gradle.internal.scope.ProjectInfo$Companion                   : loaded 2 times (x 73B)
Class com.android.build.gradle.internal.profile.TaskMetadata                          : loaded 2 times (x 74B)
Class com.android.tools.analytics.StubbableLazy                                       : loaded 2 times (x 78B)
Class com.android.build.gradle.internal.ide.v2.GlobalSyncService$Parameters_Decorated : loaded 2 times (x 132B)
Class com.android.build.gradle.internal.dependency.JacocoInstrumentationService       : loaded 2 times (x 83B)
Class com.google.common.collect.Iterators$6                                           : loaded 2 times (x 83B)
Class org.jetbrains.kotlin.gradle.plugin.statistics.BuildFusService                   : loaded 2 times (x 86B)
Class com.android.builder.utils.ZipEntryUtils                                         : loaded 2 times (x 73B)
Class com.sun.xml.bind.v2.runtime.unmarshaller.ValuePropertyLoader                    : loaded 2 times (x 80B)
Class com.sun.xml.bind.v2.model.runtime.RuntimeReferencePropertyInfo                  : loaded 2 times (x 72B)
Class javax.xml.bind.annotation.XmlRootElement                                        : loaded 2 times (x 72B)
Class com.sun.xml.bind.v2.model.core.Ref                                              : loaded 2 times (x 74B)
Class com.sun.xml.bind.v2.model.runtime.RuntimeElementInfo                            : loaded 2 times (x 72B)
Class com.sun.xml.bind.v2.model.impl.RuntimeModelBuilder                              : loaded 2 times (x 102B)
Class javax.xml.bind.ServiceLoaderUtil                                                : loaded 2 times (x 73B)
Class com.android.repository.impl.meta.Archive$CompleteType                           : loaded 2 times (x 81B)
Class com.android.repository.impl.meta.CommonFactory                                  : loaded 2 times (x 93B)
Class com.android.sdklib.repository.generated.common.v4.IdDisplayType                 : loaded 2 times (x 85B)
Class com.android.build.gradle.internal.SupportToolsComponents$Companion              : loaded 2 times (x 73B)
Class com.android.build.gradle.internal.SdkComponentsBuildService$VersionedSdkLoader$sdkDirectoryProvider$1: loaded 2 times (x 77B)
Class com.android.build.gradle.internal.VariantTaskManager$addBindingDependenciesIfNecessary$viewBindingEnabled$1: loaded 2 times (x 82B)
Class com.android.build.gradle.internal.dependency.LibrarySymbolTableTransform        : loaded 2 times (x 80B)
Class com.android.build.gradle.internal.attribution.CheckJetifierBuildService$Parameters_Decorated: loaded 2 times (x 132B)
Class com.android.build.gradle.internal.HostTestTaskManager$createRunHostTestTask$2   : loaded 2 times (x 77B)
Class com.android.build.api.variant.impl.FileBasedFileEntry                           : loaded 2 times (x 81B)
Class com.android.build.gradle.internal.tasks.AppMetadataTaskKt                       : loaded 2 times (x 73B)
Class com.android.build.gradle.internal.tasks.DexMergingTask$CreationAction           : loaded 2 times (x 95B)
Class com.android.build.gradle.internal.scope.InternalArtifactType$DUPLICATE_CLASSES_CHECK: loaded 2 times (x 76B)
Class org.jetbrains.kotlin.gradle.targets.js.ir.KotlinJsIrTarget                      : loaded 2 times (x 256B)
Class org.jetbrains.kotlin.gradle.plugin.HasCompilerOptions                           : loaded 2 times (x 72B)
Class org.jetbrains.kotlin.gradle.plugin.mpp.compilationImpl.DefaultKotlinCompilationFriendPathsResolver$FriendArtifactResolver: loaded 2 times (x 72B)
Class com.android.build.gradle.internal.scope.InternalArtifactType$BUILT_IN_KOTLINC   : loaded 2 times (x 76B)
Class com.android.build.gradle.internal.scope.InternalArtifactType$MERGED_TEST_ONLY_NATIVE_LIBS: loaded 2 times (x 76B)
Class com.android.build.gradle.internal.scope.InternalArtifactType$MERGED_JNI_LIBS    : loaded 2 times (x 76B)
Class com.android.build.gradle.internal.tasks.CompressAssetsTask                      : loaded 2 times (x 342B)
Class com.android.build.api.artifact.ArtifactTransformationRequest                    : loaded 2 times (x 72B)
Class com.android.build.api.artifact.ScopedArtifact$CLASSES                           : loaded 2 times (x 76B)
Class [Lcom.android.build.api.instrumentation.FramesComputationMode;                  : loaded 2 times (x 71B)
Class com.android.build.gradle.internal.tasks.ProcessNavigationXmlTask$ApplicationCreationAction: loaded 2 times (x 93B)
Class com.android.build.api.component.impl.ComponentImpl                              : loaded 2 times (x 214B)
Class com.android.build.gradle.internal.dsl.ModulePropertyKey$BooleanWithDefault      : loaded 2 times (x 85B)
Class com.android.build.api.variant.impl.HostTestBuilderImpl                          : loaded 2 times (x 91B)
Class com.android.build.gradle.internal.core.MergedAnnotationProcessorOptions         : loaded 2 times (x 109B)
Class com.android.build.api.artifact.Artifact$Replaceable                             : loaded 2 times (x 72B)
Class com.android.build.gradle.internal.services.TaskCreationServices                 : loaded 2 times (x 72B)
Class com.android.builder.model.SourceProvider                                        : loaded 2 times (x 72B)
Class com.android.utils.HelpfulEnumConverter                                          : loaded 2 times (x 94B)
Class com.google.common.util.concurrent.AbstractFuture$UnsafeAtomicHelper             : loaded 2 times (x 80B)
Class com.android.build.api.dsl.ProductFlavor                                         : loaded 2 times (x 72B)
Class com.android.build.api.dsl.BaseFlavor                                            : loaded 2 times (x 72B)
Class org.jetbrains.kotlin.gradle.plugin.mpp.DefaultKotlinUsageContext                : loaded 2 times (x 95B)
Class org.jetbrains.kotlin.gradle.internal.properties.PropertiesBuildService$Companion: loaded 2 times (x 73B)
Class org.jetbrains.kotlin.gradle.dsl.KotlinJvmExtension                              : loaded 2 times (x 72B)
Class org.jetbrains.kotlin.gradle.plugin.KotlinMultiplatformPluginWrapper             : loaded 2 times (x 88B)
Class com.android.build.gradle.internal.services.AndroidLocationsBuildService$AndroidDirectoryCreator$Params: loaded 2 times (x 72B)
Class com.android.build.gradle.internal.services.Aapt2DaemonBuildService$RegistrationAction: loaded 2 times (x 76B)
Class com.android.build.gradle.internal.ide.dependencies.LibraryDependencyCacheBuildService$Parameters_Decorated: loaded 2 times (x 132B)
Class org.jetbrains.kotlin.gradle.plugin.KotlinGradleBuildServices$Parameters$Inject_ : loaded 2 times (x 108B)
Class com.google.protobuf.AbstractMessageLite                                         : loaded 2 times (x 103B)
Class com.android.build.gradle.options.ReplacedOption                                 : loaded 2 times (x 87B)
Class [Lcom.android.build.gradle.options.OptionalBooleanOption;                       : loaded 2 times (x 71B)
Class com.android.build.api.variant.CanMinifyAndroidResourcesBuilder                  : loaded 2 times (x 72B)
Class com.android.build.gradle.internal.dsl.Lockable                                  : loaded 2 times (x 72B)
Class [Lorg.jetbrains.kotlin.build.report.metrics.BuildTime;                          : loaded 2 times (x 71B)
Class org.jetbrains.kotlin.gradle.internal.properties.NativePropertiesLoader          : loaded 2 times (x 88B)
Class org.jetbrains.kotlin.gradle.dsl.KotlinAndroidProjectExtension                   : loaded 2 times (x 141B)
Class org.jetbrains.kotlin.gradle.ExperimentalKotlinGradlePluginApi                   : loaded 2 times (x 72B)
Class org.jetbrains.kotlin.gradle.plugin.mpp.KotlinAndroidTarget_Decorated            : loaded 2 times (x 214B)
Class com.android.build.gradle.internal.dsl.InternalSigningConfig                     : loaded 2 times (x 72B)
Class com.android.build.gradle.internal.dsl.decorator.SupportedPropertyType           : loaded 2 times (x 75B)
Class com.android.build.api.dsl.CompileSdkBetaSpec                                    : loaded 2 times (x 72B)
Class com.android.resources.Density                                                   : loaded 2 times (x 94B)
Class com.android.build.gradle.internal.dsl.AnnotationProcessorOptions$AgpDecorated_Decorated: loaded 2 times (x 151B)
Class com.android.build.gradle.internal.dsl.AarMetadataImpl$AgpDecorated              : loaded 2 times (x 98B)
Class com.android.build.gradle.internal.dsl.ManagedDevices$localDevices$1$1           : loaded 2 times (x 77B)
Class com.android.build.gradle.internal.dsl.BundleOptionsCodeTransparency$AgpDecorated_Decorated: loaded 2 times (x 127B)
Class com.android.build.gradle.internal.dsl.AndroidTestImpl$AgpDecorated              : loaded 2 times (x 82B)
Class com.android.build.gradle.internal.tasks.LintCompile$CreationAction              : loaded 2 times (x 93B)
Class com.android.build.gradle.internal.lint.AndroidLintGlobalTask$GlobalCreationAction$Companion: loaded 2 times (x 73B)
Class com.android.build.gradle.internal.core.dsl.impl.features.ManifestPlaceholdersDslInfoImpl: loaded 2 times (x 77B)
Class com.android.build.gradle.internal.core.dsl.impl.features.DexingDslInfoImpl      : loaded 2 times (x 79B)
Class com.android.build.api.variant.MultiOutputHandler$Companion                      : loaded 2 times (x 73B)
Class com.android.build.gradle.internal.utils.D8BackportedMethodsGenerator$Parameters$Inject_: loaded 2 times (x 118B)
Class com.sun.xml.bind.v2.runtime.unmarshaller.UnmarshallingContext                   : loaded 2 times (x 104B)
Class com.sun.xml.bind.v2.runtime.LifecycleMethods                                    : loaded 2 times (x 74B)
Class com.android.sdklib.repository.generated.addon.v1.AddonDetailsType               : loaded 2 times (x 143B)
Class com.sun.xml.bind.v2.model.runtime.RuntimeMapPropertyInfo                        : loaded 2 times (x 72B)
Class com.sun.xml.bind.v2.model.annotation.MethodLocatable                            : loaded 2 times (x 80B)
Class com.sun.xml.bind.v2.model.nav.TypeVisitor                                       : loaded 2 times (x 78B)
Class com.android.repository.impl.meta.RepoPackageImpl                                : loaded 2 times (x 116B)
Class com.android.build.gradle.internal.utils.ConsoleProgressIndicatorFactory$IsTerminalSmartValueSource: loaded 2 times (x 80B)
Class org.jetbrains.kotlin.gradle.dsl.KotlinMultiplatformSourceSetConventions         : loaded 2 times (x 72B)
Class com.android.build.api.variant.FilterConfiguration                               : loaded 2 times (x 72B)
Class com.android.build.gradle.internal.coverage.JacocoVersionUtilsKt                 : loaded 2 times (x 73B)
Class com.android.build.gradle.internal.dependency.SubtractingArtifactCollection      : loaded 2 times (x 86B)
Class com.android.build.gradle.internal.tasks.CompileArtProfileTask$CreationAction    : loaded 2 times (x 92B)
Class org.jetbrains.kotlin.gradle.plugin.mpp.compilationImpl.KotlinCompilationConfigurationsContainer: loaded 2 times (x 72B)
Class org.jetbrains.kotlin.gradle.plugin.mpp.KotlinJvmAgpCompilationFactory           : loaded 2 times (x 83B)
Class com.android.build.gradle.internal.tasks.IncrementalTask                         : loaded 2 times (x 72B)
Class com.android.build.gradle.internal.utils.VariantPostCreationChecksKt             : loaded 2 times (x 73B)
Class com.android.build.gradle.internal.dsl.CompileSdkProperties                      : loaded 2 times (x 72B)
Class com.android.build.gradle.internal.dsl.TestOptions                               : loaded 2 times (x 122B)
Class com.android.build.gradle.internal.CompileOptions                                : loaded 2 times (x 96B)
Class com.android.build.gradle.internal.dsl.BundleOptionsDeviceTier                   : loaded 2 times (x 83B)
Class org.jetbrains.kotlin.gradle.plugin.sources.KotlinSourceSetFactory$Companion     : loaded 2 times (x 73B)
Class [Lcom.android.prefs.Global;                                                     : loaded 2 times (x 71B)
Class com.android.build.gradle.internal.services.ConfigPhaseFileCreator               : loaded 2 times (x 72B)
Class com.android.build.gradle.internal.services.Aapt2ThreadPoolBuildService$Params_Decorated: loaded 2 times (x 132B)
Class com.google.wireless.android.sdk.stats.GradleBuildProfile$1                      : loaded 2 times (x 153B)
Class com.android.build.api.variant.HasTestFixtures                                   : loaded 2 times (x 72B)
Class jdk.internal.jimage.ImageReader$Node                                            : loaded 2 times (x 86B)
Class org.gradle.api.internal.classpath.DefaultModuleRegistry                         : loaded 2 times (x 86B)
Class com.android.build.gradle.internal.attributes.VariantAttr$Impl                   : loaded 2 times (x 90B)
Class [Lcom.android.build.gradle.internal.publishing.AndroidArtifacts$PublishedConfigType;: loaded 2 times (x 71B)
Class com.android.build.api.variant.AndroidResources                                  : loaded 2 times (x 72B)
Class com.android.build.api.variant.HostTest                                          : loaded 2 times (x 72B)
Class com.android.build.gradle.internal.core.dsl.impl.ApplicationVariantDslInfoImpl$versionCode$2$2: loaded 2 times (x 77B)
Class com.android.build.gradle.internal.core.dsl.impl.AndroidTestComponentDslInfoImpl : loaded 2 times (x 155B)
Class com.android.build.gradle.internal.VariantManager$createTestComponents$pathHelper$2: loaded 2 times (x 131B)
Class com.android.build.gradle.tasks.ProcessManifestForMetadataFeatureTask$CreationAction$handleProvider$1: loaded 2 times (x 133B)
Class com.android.build.gradle.tasks.ProcessPackagedManifestTask$CreationAction       : loaded 2 times (x 92B)
Class com.android.build.api.artifact.impl.InAndOutDirectoryOperationRequestImpl$Companion: loaded 2 times (x 73B)
Class com.android.build.gradle.internal.scope.InternalArtifactType$UPDATED_NAVIGATION_XML: loaded 2 times (x 76B)
Class com.android.build.api.variant.impl.ResourcesPackagingImpl                       : loaded 2 times (x 82B)
Class com.android.build.gradle.internal.scope.InternalArtifactType$AP_GENERATED_SOURCES: loaded 2 times (x 76B)
Class com.android.build.gradle.internal.services.TaskCreationServicesImpl$sam$java_util_concurrent_Callable$0: loaded 2 times (x 77B)
Class org.jetbrains.kotlin.gradle.tasks.configuration.BaseKotlinCompileConfig         : loaded 2 times (x 74B)
Class org.jetbrains.kotlin.gradle.plugin.diagnostics.ToolingDiagnosticRenderingOptionsKt$isAttachedToTerminal$1: loaded 2 times (x 76B)
Class org.jetbrains.kotlin.gradle.plugin.mpp.compilationImpl.factory.KotlinCompilationImplFactory$KotlinCompilationTaskNamesContainerFactory: loaded 2 times (x 72B)
Class com.android.tools.r8.Version                                                    : loaded 2 times (x 73B)
Class com.android.build.api.variant.impl.SigningConfigImpl$SigningConfigInfo          : loaded 2 times (x 74B)
Class org.jetbrains.kotlin.gradle.plugin.internal.state.TaskExecutionResults          : loaded 2 times (x 73B)
Class org.jetbrains.kotlin.gradle.dsl.KotlinProjectExtensionKt$WhenMappings           : loaded 2 times (x 73B)
Class org.jetbrains.kotlin.gradle.plugin.ide.IdeCompilerArgumentsResolverImpl         : loaded 2 times (x 76B)
Class com.android.ide.common.caching.CreatingCache$ValueFactory                       : loaded 2 times (x 72B)
Class org.jetbrains.kotlin.compilerRunner.KotlinCompilerArgumentsLogLevel             : loaded 2 times (x 81B)
Class com.android.build.gradle.internal.core.dsl.impl.features.OptimizationDslInfoImpl$WhenMappings: loaded 2 times (x 73B)
Class javax.xml.bind.Unmarshaller                                                     : loaded 2 times (x 72B)
Class com.android.build.gradle.internal.FileExistsValueSource                         : loaded 2 times (x 80B)
Class com.android.build.gradle.internal.SdkComponentsBuildService$VersionedSdkLoader$renderScriptSupportJarProvider$1: loaded 2 times (x 77B)
Class com.android.builder.sdk.InstallFailedException                                  : loaded 2 times (x 84B)
Class com.android.build.gradle.internal.cxx.gradle.generator.NativeProjectPath        : loaded 2 times (x 74B)
Class com.android.build.gradle.internal.cxx.logging.IssueReporterLoggingEnvironment   : loaded 2 times (x 85B)
Class com.android.build.gradle.internal.cxx.configure.CxxCreateGradleTasksKt          : loaded 2 times (x 73B)
Class com.android.build.gradle.internal.scope.InternalArtifactType$SDK_DEPENDENCY_DATA_PUBLIC: loaded 2 times (x 76B)
Class org.jetbrains.kotlin.gradle.plugin.mpp.compilationImpl.factory.CompositePostConfigure: loaded 2 times (x 77B)
Class com.android.build.gradle.internal.scope.InternalArtifactType$COMPRESSED_ASSETS  : loaded 2 times (x 76B)
Class com.android.build.gradle.internal.scope.InternalArtifactType$GENERATED_PNGS_RES : loaded 2 times (x 76B)
Class com.android.build.api.artifact.SingleArtifact$APK                               : loaded 2 times (x 76B)
Class com.android.build.api.artifact.SingleArtifact                                   : loaded 2 times (x 76B)
Class com.android.build.gradle.internal.dependency.VariantDependencies$Companion$computeLocalFileDependencies$2: loaded 2 times (x 77B)
Class com.android.build.gradle.internal.dependency.VariantDependencies$computeArtifactCollection$attributesAction$1: loaded 2 times (x 77B)
Class com.android.build.gradle.internal.TaskManager$createAssembleTask$1              : loaded 2 times (x 77B)
Class android.databinding.tool.DataBindingBuilder$GradleFileWriter                    : loaded 2 times (x 77B)
Class com.android.build.api.component.impl.TestComponentImpl                          : loaded 2 times (x 363B)
Class com.android.build.gradle.internal.core.MergedExternalNativeNdkBuildOptions      : loaded 2 times (x 88B)
Class com.android.build.gradle.internal.core.MergedNdkConfig                          : loaded 2 times (x 97B)
Class com.android.build.gradle.internal.publishing.PublishedConfigSpec                : loaded 2 times (x 74B)
Class com.android.build.gradle.internal.ProguardFilesProvider                         : loaded 2 times (x 72B)
Class com.android.build.gradle.internal.dsl.ApplicationBuildFeaturesImpl              : loaded 2 times (x 122B)
Class [Lcom.android.build.api.artifact.Artifact$Category;                             : loaded 2 times (x 71B)
Class com.android.build.gradle.internal.dsl.KeepRulesImpl$AgpDecorated                : loaded 2 times (x 99B)
Class com.android.build.gradle.internal.tasks.BundleIdeModelProducerTask$CreationAction$handleProvider$1: loaded 2 times (x 133B)
Class com.android.build.api.dsl.ApplicationPublishing                                 : loaded 2 times (x 72B)
Class org.jetbrains.kotlin.build.report.metrics.GradleBuildTime$Companion             : loaded 2 times (x 73B)
Class org.jetbrains.kotlin.gradle.plugin.AndroidGradlePluginVersion$Companion         : loaded 2 times (x 73B)
Class com.android.build.gradle.internal.tasks.OptimizeResourcesTask$CreateAction$handleProvider$operationRequest$1: loaded 2 times (x 133B)
Class com.android.build.gradle.internal.tasks.CompileArtProfileTask$CreationAction$handleProvider$3: loaded 2 times (x 133B)
Class com.android.builder.errors.IssueReporter                                        : loaded 2 times (x 75B)
Class jdk.internal.jimage.BasicImageReader$1                                          : loaded 2 times (x 79B)
Class [Lcom.android.builder.compiling.BuildConfigType;                                : loaded 2 times (x 71B)
Class com.android.sdklib.repository.generated.repository.v2.package-info              : loaded 2 times (x 72B)
Class com.android.repository.impl.generated.v1.ChannelType                            : loaded 2 times (x 85B)
Class com.sun.xml.bind.v2.model.impl.RuntimeBuiltinLeafInfoImpl$6                     : loaded 2 times (x 138B)
Class com.android.repository.impl.generated.v2.TypeDetails                            : loaded 2 times (x 77B)
Class com.sun.xml.bind.api.impl.NameConverter$1                                       : loaded 2 times (x 95B)
Class com.sun.xml.bind.v2.runtime.property.SingleElementNodeProperty                  : loaded 2 times (x 104B)
Class com.android.build.gradle.internal.tasks.PrepareLintJarForPublishKt$getPublishedCustomLintChecks$attributes$1: loaded 2 times (x 76B)
Class com.android.build.gradle.tasks.PackageAndroidArtifact$CreationAction$configure$2: loaded 2 times (x 76B)
Class com.android.build.gradle.internal.tasks.ApplicationTaskManager                  : loaded 2 times (x 89B)
Class com.android.build.gradle.AndroidConfig                                          : loaded 2 times (x 72B)
Class com.android.build.gradle.internal.dsl.BaseAppModuleExtension                    : loaded 2 times (x 461B)
Class com.android.build.gradle.internal.testing.ManagedDeviceRegistry                 : loaded 2 times (x 77B)
Class com.android.build.api.variant.ComponentIdentity                                 : loaded 2 times (x 72B)
Class com.android.build.gradle.internal.errors.SyncIssueReporterImpl$GlobalSyncIssueService$Parameters: loaded 2 times (x 72B)
Class com.google.protobuf.Descriptors$FieldDescriptor                                 : loaded 2 times (x 90B)
Class com.android.io.CancellableFileIo                                                : loaded 2 times (x 73B)
Class org.jetbrains.kotlin.gradle.plugin.HasProject                                   : loaded 2 times (x 72B)
Class org.jetbrains.kotlin.gradle.utils.GradleUtilsKt                                 : loaded 2 times (x 73B)
Class org.jetbrains.kotlin.gradle.utils.SingleAction$PerformedActions                 : loaded 2 times (x 74B)
Class org.jetbrains.kotlin.gradle.tasks.KotlinCompileTool                             : loaded 2 times (x 72B)
Class com.android.build.gradle.internal.ide.dependencies.Graph$Companion              : loaded 2 times (x 73B)
Class com.android.ide.common.caching.CreatingCache                                    : loaded 2 times (x 78B)
Class com.android.build.gradle.internal.ide.v2.AndroidGradlePluginProjectFlagsImpl    : loaded 2 times (x 77B)
Class org.jetbrains.kotlin.gradle.tasks.KotlinCompilerExecutionStrategy$Companion     : loaded 2 times (x 73B)
Class org.jetbrains.kotlin.gradle.plugin.CompilerPluginConfig                         : loaded 2 times (x 74B)
Class com.sun.xml.bind.v2.runtime.Coordinator                                         : loaded 2 times (x 85B)
Class javax.xml.bind.ValidationEventHandler                                           : loaded 2 times (x 72B)
Class com.android.repository.impl.meta.Archive$PatchesType                            : loaded 2 times (x 74B)
Class com.sun.xml.bind.v2.model.annotation.XmlRootElementQuick                        : loaded 2 times (x 94B)
Class com.sun.xml.bind.v2.runtime.NameBuilder                                         : loaded 2 times (x 74B)
Class com.android.repository.impl.generated.v2.ArchiveType                            : loaded 2 times (x 99B)
Class com.android.sdklib.repository.generated.sysimg.v2.package-info                  : loaded 2 times (x 72B)
Class com.android.builder.errors.IssueReporter$Severity                               : loaded 2 times (x 81B)
Class com.android.build.gradle.internal.api.ApplicationVariantImpl_Decorated          : loaded 2 times (x 310B)
Class com.android.build.gradle.internal.dependency.AarTransform                       : loaded 2 times (x 80B)
Class com.android.build.gradle.internal.PropertiesValueSource$Params_Decorated        : loaded 2 times (x 132B)
Class com.android.build.gradle.internal.VariantTaskManager$createReportTasks$signingReportComponents$1: loaded 2 times (x 82B)
Class com.android.build.gradle.internal.tasks.ExtractVersionControlInfoTask           : loaded 2 times (x 339B)
Class com.android.build.gradle.internal.tasks.OptimizeResourcesTask$CreateAction$handleProvider$1: loaded 2 times (x 133B)
Class com.android.build.gradle.internal.tasks.MergeNativeDebugMetadataTask$CreationAction: loaded 2 times (x 92B)
Class com.android.build.gradle.internal.tasks.ValidateSigningTask$CreationAction$handleProvider$1: loaded 2 times (x 133B)
Class [Lorg.jetbrains.kotlin.tooling.core.HasMutableExtras;                           : loaded 2 times (x 71B)
Class com.android.build.gradle.internal.tasks.ProcessJavaResTask$CreationAction       : loaded 2 times (x 92B)
Class com.android.build.gradle.tasks.CompatibleScreensManifest                        : loaded 2 times (x 340B)
Class com.android.build.gradle.internal.TaskManager$createAssembleTask$2              : loaded 2 times (x 77B)
Class com.android.build.api.component.impl.features.InstrumentationCreationConfigImpl : loaded 2 times (x 85B)
Class com.android.build.api.component.UnitTest                                        : loaded 2 times (x 72B)
Class com.android.build.api.variant.impl.DependenciesInfoBuilderImpl_Decorated        : loaded 2 times (x 139B)
Class com.android.build.api.attributes.ProductFlavorAttr                              : loaded 2 times (x 72B)
Class com.android.build.gradle.internal.core.MergedFlavor                             : loaded 2 times (x 204B)
Class com.android.build.gradle.internal.services.FakeDependencyJarBuildService$FakeDependencyJarCreator$Params$Inject_: loaded 2 times (x 110B)
Class com.android.build.gradle.internal.dsl.SdkComponentsImpl$sdkDirectory$1          : loaded 2 times (x 77B)
Class com.android.build.gradle.api.AndroidArtifactVariant                             : loaded 2 times (x 72B)
Class com.android.build.gradle.internal.dsl.TestFixturesImpl                          : loaded 2 times (x 83B)
Class com.android.build.api.dsl.Installation                                          : loaded 2 times (x 72B)
Class org.jetbrains.kotlin.gradle.plugin.PropertiesProvider$PropertyNames             : loaded 2 times (x 73B)
Class org.jetbrains.kotlin.gradle.plugin.VariantImplementationFactories$Parameters_Decorated: loaded 2 times (x 132B)
Class org.jetbrains.kotlin.gradle.plugin.internal.DefaultCompatibilityConventionRegistrar: loaded 2 times (x 76B)
Class org.jetbrains.kotlin.gradle.plugin.PropertiesProvider                           : loaded 2 times (x 75B)
Class org.jetbrains.kotlin.gradle.plugin.DefaultKotlinBasePlugin$addKotlinCompilerConfiguration$1: loaded 2 times (x 77B)
Class org.jetbrains.kotlin.gradle.plugin.mpp.KotlinAndroidTarget                      : loaded 2 times (x 161B)
Class com.android.build.gradle.internal.services.Aapt2DaemonBuildService$Parameters   : loaded 2 times (x 74B)
Class org.jetbrains.kotlin.gradle.report.BuildMetricsService$Companion                : loaded 2 times (x 73B)
Class com.android.build.gradle.BaseExtension                                          : loaded 2 times (x 197B)
Class com.android.build.gradle.internal.plugins.VersionCheckPlugin$Companion          : loaded 2 times (x 73B)
Class org.jetbrains.kotlin.gradle.internal.properties.NativePropertiesLoader$jvmArgs$1: loaded 2 times (x 77B)
Class org.jetbrains.kotlin.gradle.dsl.DefaultToolchainSupport_Decorated               : loaded 2 times (x 122B)
Class com.android.build.api.dsl.SigningConfig                                         : loaded 2 times (x 72B)
Class com.android.build.gradle.internal.dsl.LintImpl                                  : loaded 2 times (x 218B)
Class com.android.builder.core.AbstractProductFlavor$DimensionRequest                 : loaded 2 times (x 74B)
Class com.android.build.gradle.internal.dsl.ApplicationAndroidResourcesImpl$AgpDecorated: loaded 2 times (x 131B)
Class com.android.build.gradle.internal.dsl.BundleOptionsAbi$AgpDecorated             : loaded 2 times (x 83B)
Class com.android.tools.lint.model.LintModelSeverity                                  : loaded 2 times (x 81B)
Class com.android.build.api.extension.impl.OperationsRegistrar                        : loaded 2 times (x 74B)
Class com.android.build.gradle.internal.services.VariantBuilderServices               : loaded 2 times (x 72B)
Class com.android.build.gradle.internal.profile.ProfilingMode$Companion               : loaded 2 times (x 73B)
Class [Lcom.android.build.gradle.internal.dsl.ModulePropertyKey$BooleanWithDefault;   : loaded 2 times (x 71B)
Class com.android.build.api.attributes.BuildTypeAttr$Impl                             : loaded 2 times (x 90B)
Class com.android.build.gradle.internal.VariantManager$createTestComponents$pathHelper$1: loaded 2 times (x 131B)
Class com.android.build.gradle.internal.tasks.featuresplit.PackagedDependenciesWriterTask$CreationAction: loaded 2 times (x 92B)
Class com.android.build.gradle.internal.tasks.PrepareLintJarForPublish$CreationAction$handleProvider$1: loaded 2 times (x 133B)
Class com.google.common.io.CharStreams                                                : loaded 2 times (x 73B)
Class com.google.common.reflect.TypeResolver$TypeTable                                : loaded 2 times (x 75B)
Class com.android.build.gradle.internal.tasks.creationconfig.BaseJavaCompileCreationConfig: loaded 2 times (x 134B)
Class com.android.build.gradle.internal.AndroidJarInput                               : loaded 2 times (x 81B)
Class [Lorg.jetbrains.kotlin.gradle.dsl.jvm.JvmTargetValidationMode;                  : loaded 2 times (x 71B)
Class org.jetbrains.kotlin.gradle.tasks.DefaultKotlinJavaToolchain$javaVersion$1      : loaded 2 times (x 76B)
Class com.android.sdklib.repository.generated.sysimg.v2.SysImgDetailsType             : loaded 2 times (x 146B)
Class javax.xml.bind.annotation.XmlSeeAlso                                            : loaded 2 times (x 72B)
Class com.sun.xml.bind.v2.model.core.PropertyKind                                     : loaded 2 times (x 81B)
Class [Lcom.sun.xml.bind.v2.model.impl.ClassInfoImpl$PropertyGroup;                   : loaded 2 times (x 71B)
Class com.sun.xml.bind.v2.runtime.unmarshaller.Receiver                               : loaded 2 times (x 72B)
Class [Lcom.sun.xml.bind.v2.model.annotation.Quick;                                   : loaded 2 times (x 71B)
Class com.android.sdklib.repository.generated.sysimg.v1.ObjectFactory                 : loaded 2 times (x 77B)
Class com.android.sdklib.repository.generated.repository.v1.package-info              : loaded 2 times (x 72B)
Class com.android.sdklib.repository.meta.DetailsTypes$PlatformDetailsType             : loaded 2 times (x 72B)
Class com.android.build.gradle.internal.FileExistsValueSource$Inject_                 : loaded 2 times (x 111B)
Class com.android.build.gradle.internal.DependencyConfigurator$registerTransform$1    : loaded 2 times (x 77B)
Class com.android.build.gradle.internal.VariantTaskManager$createReportTasks$signingReportComponents$2: loaded 2 times (x 80B)
Class com.android.build.gradle.internal.variant.BuildAuthorSpecifiedDefaultsFlavorComparator: loaded 2 times (x 92B)
Class com.android.build.gradle.internal.testing.TestData                              : loaded 2 times (x 72B)
Class com.android.build.gradle.internal.scope.InternalArtifactType$OPTIMIZED_PROCESSED_RES: loaded 2 times (x 76B)
Class com.android.build.gradle.internal.tasks.AnchorTaskNames                         : loaded 2 times (x 73B)
Class com.android.build.gradle.internal.tasks.BundleToStandaloneApkTask$CreationAction: loaded 2 times (x 92B)
Class com.android.build.gradle.tasks.PackageAndroidArtifact$Companion$THROW_ON_ERROR_ISSUE_REPORTER$1: loaded 2 times (x 75B)
Class com.android.build.gradle.internal.tasks.StripDebugSymbolsTask$CreationAction$handleProvider$1: loaded 2 times (x 133B)
Class com.android.build.gradle.internal.scope.InternalMultipleArtifactType$DEX        : loaded 2 times (x 76B)
Class org.jetbrains.kotlin.gradle.plugin.mpp.compilationImpl.factory.KotlinCompilationImplFactory$KotlinCompilationOutputFactory: loaded 2 times (x 72B)
Class org.jetbrains.kotlin.gradle.plugin.mpp.compilationImpl.DefaultKotlinCompilationFriendPathsResolver$AdditionalAndroidFriendArtifactResolver: loaded 2 times (x 76B)
Class org.jetbrains.kotlin.gradle.internal.IsInIdeaEnvironmentValueSource             : loaded 2 times (x 82B)
Class com.android.build.gradle.internal.tasks.MergeNativeLibsTask                     : loaded 2 times (x 350B)
Class com.android.build.gradle.internal.res.LinkAndroidResForBundleTask$CreationAction: loaded 2 times (x 95B)
Class com.android.build.gradle.internal.tasks.CheckAarMetadataTask                    : loaded 2 times (x 347B)
Class com.android.build.gradle.internal.TaskManager$MergeType                         : loaded 2 times (x 82B)
Class com.android.build.api.artifact.Artifact$ContainsMany                            : loaded 2 times (x 72B)
Class com.android.build.gradle.internal.tasks.ExtractProfilerNativeDependenciesTask$CreationAction: loaded 2 times (x 92B)
Class com.android.build.api.variant.AndroidTest                                       : loaded 2 times (x 72B)
Class com.android.build.gradle.internal.scope.TaskContainer                           : loaded 2 times (x 72B)
Class [Lcom.android.build.gradle.internal.core.dsl.ComponentDslInfo$DslDefinedHostTest;: loaded 2 times (x 71B)
Class com.google.common.base.CaseFormat$StringConverter                               : loaded 2 times (x 92B)
Class org.jetbrains.kotlin.gradle.tasks.configuration.BaseKotlinCompileConfig$1$classpathConfiguration$1: loaded 2 times (x 77B)
Class com.android.build.gradle.internal.dsl.AbstractPublishing                        : loaded 2 times (x 75B)
Class org.jetbrains.kotlin.gradle.plugin.mpp.KotlinAndroidTargetKt                    : loaded 2 times (x 73B)
Class org.jetbrains.kotlin.gradle.plugin.ProjectLocalConfigurations$setupAttributesMatchingStrategy$1$1: loaded 2 times (x 76B)
Class org.jetbrains.kotlin.gradle.targets.native.toolchain.KotlinNativeBundleBuildService$Companion$registerIfAbsent$2$1$1: loaded 2 times (x 77B)
Class org.jetbrains.kotlin.gradle.plugin.diagnostics.ProblemsReporter$Factory         : loaded 2 times (x 72B)
Class org.jetbrains.kotlin.gradle.plugin.KotlinCompilationToRunnableFiles             : loaded 2 times (x 72B)
Class org.jetbrains.kotlin.gradle.plugin.sources.FragmentConsistencyChecker           : loaded 2 times (x 74B)
Class com.google.wireless.android.sdk.stats.GradleBuildProfileOrBuilder               : loaded 2 times (x 72B)
Class com.android.build.gradle.internal.profile.NoOpAnalyticsService                  : loaded 2 times (x 112B)
Class com.android.build.gradle.internal.profile.AnalyticsServiceApi                   : loaded 2 times (x 72B)
Class com.android.build.api.variant.HasAndroidTest                                    : loaded 2 times (x 72B)
Class com.android.build.gradle.internal.tasks.CompileArtProfileTask$CreationAction$handleProvider$2: loaded 2 times (x 133B)
Class com.android.build.gradle.internal.tasks.PerModuleBundleTask                     : loaded 2 times (x 354B)
Class com.android.tools.utp.gradle.api.UtpDependency$1                                : loaded 2 times (x 133B)
Class com.android.build.gradle.internal.AndroidTestTaskManager$createConnectedTestForVariant$2: loaded 2 times (x 77B)
Class com.android.build.gradle.internal.scope.InternalArtifactType$DATA_BINDING_BASE_CLASS_LOG_ARTIFACT: loaded 2 times (x 76B)
Class com.android.build.gradle.internal.scope.ArtifactPublishingUtil$publishArtifactToConfiguration$1$1$1: loaded 2 times (x 77B)
Class [Lcom.android.build.api.artifact.Artifact;                                      : loaded 2 times (x 71B)
Class com.android.sdklib.repository.generated.sysimg.v3.package-info                  : loaded 2 times (x 72B)
Class com.android.sdklib.repository.generated.common.v2.IdDisplayType                 : loaded 2 times (x 85B)
Class com.sun.xml.bind.v2.model.impl.RuntimeBuiltinLeafInfoImpl$5                     : loaded 2 times (x 138B)
Class com.sun.xml.bind.v2.model.impl.GetterSetterPropertySeed                         : loaded 2 times (x 92B)
Class com.sun.xml.bind.v2.runtime.property.ArrayERProperty$ItemsLoader                : loaded 2 times (x 80B)
Class com.sun.xml.bind.v2.runtime.ElementBeanInfoImpl$1                               : loaded 2 times (x 108B)
Class com.sun.xml.bind.v2.runtime.unmarshaller.UnmarshallingContext$ExpectedTypeRootLoader: loaded 2 times (x 82B)
Class com.sun.xml.bind.v2.runtime.unmarshaller.UnmarshallingContext$State             : loaded 2 times (x 74B)
Class com.android.build.gradle.internal.ide.v2.ModelBuilder$DefaultSourceSetContainerBuilder: loaded 2 times (x 85B)
Class org.jetbrains.kotlin.build.report.metrics.BuildTimes$Companion                  : loaded 2 times (x 73B)
Class com.android.build.gradle.internal.ide.v2.ModelBuilder$inspectManifestForInstantTag$1: loaded 2 times (x 76B)
Class com.android.build.gradle.internal.ide.v2.AndroidProjectImpl                     : loaded 2 times (x 89B)
Class com.android.build.gradle.internal.profile.NoOpAnalyticsService$Inject_          : loaded 2 times (x 132B)
Class com.android.build.gradle.tasks.PackageAndroidArtifact$CreationAction$configure$1: loaded 2 times (x 77B)
Class com.google.common.reflect.TypeResolver$TypeTable$1                              : loaded 2 times (x 75B)
Class com.android.build.gradle.internal.res.LinkApplicationAndroidResourcesTask_Decorated: loaded 2 times (x 474B)
Class org.jetbrains.kotlin.gradle.plugin.mpp.KotlinCompilationsKt$sam$java_util_concurrent_Callable$0: loaded 2 times (x 77B)
Class org.jetbrains.kotlin.gradle.tasks.KotlinCompilerPluginData                      : loaded 2 times (x 74B)
Class com.android.build.gradle.internal.tasks.factory.GlobalTaskCreationConfigImpl$platformAttrs$2$1: loaded 2 times (x 77B)
Class com.android.build.api.component.impl.ComponentUtils                             : loaded 2 times (x 73B)
Class com.android.build.gradle.internal.dependency.JdkImageTransformKt$getJdkImageFromTransform$1: loaded 2 times (x 77B)
Class com.sun.xml.bind.v2.runtime.unmarshaller.SAXConnector$TagNameImpl               : loaded 2 times (x 77B)
Class javax.xml.bind.annotation.XmlAccessorOrder                                      : loaded 2 times (x 72B)
Class javax.xml.bind.JAXBElement                                                      : loaded 2 times (x 83B)
Class com.android.build.gradle.internal.SdkLocator$SdkLocationSource$LOCAL_ANDROID_DIR: loaded 2 times (x 82B)
Class com.android.repository.api.Downloader                                           : loaded 2 times (x 72B)
Class com.android.build.gradle.internal.dependency.ExtractProGuardRulesTransform$Parameters: loaded 2 times (x 72B)
Class com.android.build.gradle.internal.scope.InternalArtifactType$UNIT_TEST_CODE_COVERAGE: loaded 2 times (x 76B)
Class com.android.build.api.variant.impl.FileEntry                                    : loaded 2 times (x 72B)
Class com.android.build.gradle.internal.tasks.PerModuleReportDependenciesTask         : loaded 2 times (x 340B)
Class com.android.build.gradle.internal.scope.InternalArtifactType$DEX_ARCHIVE_INPUT_JAR_HASHES: loaded 2 times (x 76B)
Class com.android.build.gradle.internal.tasks.R8VersionCheckKt                        : loaded 2 times (x 73B)
Class org.jetbrains.kotlin.tooling.core.ExtrasPropertyKt                              : loaded 2 times (x 73B)
Class org.jetbrains.kotlin.gradle.plugin.mpp.compilationImpl.KotlinCompilationSourceSetInclusion$include$1: loaded 2 times (x 81B)
Class org.jetbrains.kotlin.gradle.dsl.KotlinProjectExtensionKt                        : loaded 2 times (x 73B)
Class org.jetbrains.kotlin.gradle.plugin.mpp.compilationImpl.factory.KotlinCompilationImplFactory$KotlinCompilationDependencyConfigurationsFactory: loaded 2 times (x 72B)
Class org.jetbrains.kotlin.gradle.tasks.BaseKotlinCompile                             : loaded 2 times (x 72B)
Class org.jetbrains.kotlin.gradle.plugin.internal.UsesBuildIdProviderService          : loaded 2 times (x 72B)
Class org.jetbrains.kotlin.compilerRunner.CompilerSystemPropertiesService$Companion$registerIfAbsent$2$1$1: loaded 2 times (x 77B)
Class com.android.build.gradle.internal.feature.BundleAllClasses                      : loaded 2 times (x 338B)
Class com.android.build.gradle.internal.tasks.MergeNativeLibsTask$CreationAction$handleProvider$1: loaded 2 times (x 133B)
Class com.android.build.api.variant.impl.JniLibsPackagingImpl                         : loaded 2 times (x 82B)
Class com.android.build.gradle.tasks.CompileNavigationXmlTask$CreationAction$handleProvider$1: loaded 2 times (x 133B)
Class com.android.build.gradle.tasks.ProcessMultiApkApplicationManifest$CreationAction$handleProvider$1: loaded 2 times (x 133B)
Class com.android.build.api.variant.impl.ApplicationVariantBuilderImpl                : loaded 2 times (x 212B)
Class com.android.build.gradle.internal.publishing.VariantPublishingInfo              : loaded 2 times (x 74B)
Class com.android.build.gradle.internal.dsl.BundleOptionsDeviceGroup$AgpDecorated_Decorated: loaded 2 times (x 132B)
Class com.android.build.gradle.internal.dsl.TestOptions$UnitTestOptions_Decorated     : loaded 2 times (x 132B)
Class com.android.build.gradle.internal.api.artifact.SourceArtifactType$KOTLIN_SOURCES: loaded 2 times (x 76B)
Class com.android.build.api.dsl.LibraryPublishing                                     : loaded 2 times (x 72B)
Class com.android.build.api.dsl.ApplicationBuildType                                  : loaded 2 times (x 72B)
Class org.jetbrains.kotlin.gradle.internal.ClassLoadersCachingBuildService$Companion$registerIfAbsent$1: loaded 2 times (x 77B)
Class org.jetbrains.kotlin.gradle.plugin.UsesKotlinGradleBuildServices                : loaded 2 times (x 72B)
Class org.jetbrains.kotlin.gradle.plugin.KotlinGradleBuildServices$Parameters_Decorated: loaded 2 times (x 132B)
Class org.jetbrains.kotlin.gradle.plugin.DefaultKotlinBasePlugin$addKotlinCompilerConfiguration$3: loaded 2 times (x 77B)
Class org.jetbrains.kotlin.gradle.internal.IdeaKt                                     : loaded 2 times (x 73B)
Class com.android.build.gradle.internal.SdkComponentsBuildService$Parameters_Decorated: loaded 2 times (x 153B)
Class com.google.protobuf.IterableByteBufferInputStream                               : loaded 2 times (x 94B)
Class [Lcom.android.build.gradle.internal.ide.dependencies.ResolvedArtifact$DependencyType;: loaded 2 times (x 71B)
Class com.android.build.gradle.internal.component.TaskCreationConfig                  : loaded 2 times (x 72B)
Class com.android.build.gradle.internal.services.DslServicesImpl                      : loaded 2 times (x 101B)
Class jdk.internal.jimage.decompressor.Decompressor                                   : loaded 2 times (x 74B)
Class jdk.internal.jimage.ImageReader$Resource                                        : loaded 2 times (x 86B)
Class org.gradle.internal.service.ServiceLookupException                              : loaded 2 times (x 84B)
Class com.google.common.base.Optional                                                 : loaded 2 times (x 82B)
Class com.android.build.gradle.internal.variant.BaseVariantFactory                    : loaded 2 times (x 108B)
Class com.android.utils.DateProvider$1                                                : loaded 2 times (x 77B)
Class com.android.build.gradle.internal.ide.dependencies.LibraryDependencyCacheBuildService$RegistrationAction: loaded 2 times (x 76B)
Class org.jetbrains.kotlin.gradle.dsl.KotlinCommonOptions                             : loaded 2 times (x 72B)
Class org.jetbrains.kotlin.gradle.plugin.KotlinCompilerArgumentsProducer              : loaded 2 times (x 72B)
Class org.jetbrains.kotlin.build.report.metrics.ValueType                             : loaded 2 times (x 81B)
Class org.jetbrains.kotlin.gradle.targets.native.toolchain.UsesKotlinNativeBundleBuildService: loaded 2 times (x 72B)
Class com.android.build.gradle.internal.variant.BaseVariantFactory$Companion          : loaded 2 times (x 73B)
Class com.google.common.util.concurrent.AbstractFuture$UnsafeAtomicHelper$1           : loaded 2 times (x 78B)
Class com.android.build.gradle.internal.dsl.ExternalNativeBuildOptions_Decorated      : loaded 2 times (x 140B)
Class [Lcom.android.resources.Density;                                                : loaded 2 times (x 71B)
Class com.android.build.gradle.internal.dsl.decorator.ApplicationInstallationImpl$AgpDecorated_Decorated: loaded 2 times (x 145B)
Class com.android.build.gradle.internal.dsl.BundleOptionsAiModelVersion$AgpDecorated  : loaded 2 times (x 87B)
Class com.android.build.gradle.internal.services.FakeDependencyJarBuildService$FakeDependencyJarCreator: loaded 2 times (x 82B)
Class com.android.build.gradle.internal.services.FakeDependencyJarBuildService$FakeDependencyJarCreator$Params_Decorated: loaded 2 times (x 134B)
Class com.android.build.gradle.internal.tasks.factory.TaskProviderCallback            : loaded 2 times (x 72B)
Class com.android.build.api.variant.impl.TestedApkPackagingImpl                       : loaded 2 times (x 97B)
Class com.android.build.gradle.internal.tasks.factory.VariantTaskCreationAction       : loaded 2 times (x 92B)
Class org.jetbrains.kotlin.gradle.plugin.ide.IdeCompilerArgumentsResolver$Companion   : loaded 2 times (x 73B)
Class com.android.build.gradle.internal.ide.dependencies.LibraryCacheImpl$getLibraryInfo$1: loaded 2 times (x 81B)
Class com.android.build.gradle.internal.profile.WorkerProfilingRecord                 : loaded 2 times (x 74B)
Class org.jetbrains.kotlin.gradle.tasks.GradleCompileTaskProvider_Decorated           : loaded 2 times (x 119B)
Class com.sun.xml.bind.v2.runtime.reflect.PrimitiveArrayListerCharacter               : loaded 2 times (x 78B)
Class com.android.builder.dexing.DexingType                                           : loaded 2 times (x 81B)
Class com.sun.xml.bind.v2.model.core.TypeRef                                          : loaded 2 times (x 72B)
Class com.sun.xml.bind.v2.model.impl.FieldPropertySeed                                : loaded 2 times (x 92B)
Class com.sun.xml.bind.v2.model.annotation.Quick                                      : loaded 2 times (x 90B)
Class com.sun.xml.bind.v2.runtime.ArrayBeanInfoImpl                                   : loaded 2 times (x 91B)
Class com.android.repository.impl.generated.v1.LicenseRefType                         : loaded 2 times (x 79B)
Class com.android.build.gradle.internal.scope.BuildArtifactType$JAVAC_CLASSES         : loaded 2 times (x 76B)
Class com.android.build.gradle.internal.scope.InternalArtifactType$LINT_MODEL_METADATA: loaded 2 times (x 76B)
Class com.android.build.gradle.internal.scope.InternalArtifactType$LIBRARY_JNI        : loaded 2 times (x 76B)
Class com.android.build.gradle.internal.DependencyConfigurator$configureVariantTransforms$3$2$1: loaded 2 times (x 77B)
Class com.android.build.gradle.internal.scope.InternalArtifactType$VALIDATE_SIGNING_CONFIG: loaded 2 times (x 76B)
Class org.jetbrains.kotlin.gradle.plugin.hierarchy.KotlinSourceSetTreeClassifierKt$sourceSetTreeClassifier$2: loaded 2 times (x 80B)
Class org.jetbrains.kotlin.gradle.internal.IsInIdeaEnvironmentValueSource$Inject_     : loaded 2 times (x 102B)
Class com.android.build.gradle.internal.tasks.MergeNativeLibsTask$CreationAction$handleProvider$2: loaded 2 times (x 133B)
Class com.android.build.api.artifact.impl.OperationRequestsImplKt$toCreate$1          : loaded 2 times (x 77B)
Class com.android.build.gradle.internal.scope.InternalArtifactType$MERGED_RES_INCREMENTAL_FOLDER: loaded 2 times (x 76B)
Class com.android.build.gradle.internal.tasks.ApplicationIdWriterTask$CreationAction$handleProvider$1: loaded 2 times (x 133B)
Class com.android.build.gradle.internal.services.BuiltInKotlinSupportMode$Supported   : loaded 2 times (x 73B)
Class com.android.build.gradle.internal.dsl.DexOptions_Decorated                      : loaded 2 times (x 157B)
Class com.android.build.api.dsl.BuildFeatures                                         : loaded 2 times (x 72B)
Class com.android.build.api.dsl.LintOptions                                           : loaded 2 times (x 72B)
Class com.android.build.gradle.api.BaseVariantOutput                                  : loaded 2 times (x 72B)
Class com.android.build.api.dsl.AndroidSourceDirectorySet                             : loaded 2 times (x 72B)
Class [Lcom.android.resources.ResourceEnum;                                           : loaded 2 times (x 71B)
Class com.android.builder.model.ApiVersion                                            : loaded 2 times (x 72B)
Class org.jetbrains.kotlin.gradle.plugin.mpp.KotlinUsageContext$MavenScope            : loaded 2 times (x 81B)
Class com.android.build.gradle.internal.dependency.VariantDependencies$computeLocalFileDependencies$1: loaded 2 times (x 82B)
Class com.google.protobuf.FieldSet$FieldDescriptorLite                                : loaded 2 times (x 72B)
Class com.google.protobuf.ExtensionLite                                               : loaded 2 times (x 79B)
Class com.android.build.api.variant.HasTestSuites                                     : loaded 2 times (x 72B)
Class com.android.build.api.variant.HasTestFixturesBuilder                            : loaded 2 times (x 72B)
Class com.android.build.gradle.internal.core.SettingsOptions                          : loaded 2 times (x 74B)
Class jdk.internal.jrtfs.JrtFileAttributes                                            : loaded 2 times (x 85B)
Class org.gradle.internal.classloader.ClassLoaderFactory                              : loaded 2 times (x 72B)
Class com.android.build.gradle.internal.res.LinkApplicationAndroidResourcesTask$BaseCreationAction$handleProvider$1: loaded 2 times (x 133B)
Class com.android.build.gradle.internal.services.BuiltInKaptSupportMode$Supported     : loaded 2 times (x 73B)
Class org.jetbrains.kotlin.gradle.plugin.mpp.HasBinaries                              : loaded 2 times (x 72B)
Class org.jetbrains.kotlin.gradle.plugin.mpp.DefaultKotlinCompilationOutput$allOutputs$1$1: loaded 2 times (x 77B)
Class com.android.build.gradle.internal.tasks.SigningConfigVersionsWriterTask$CreationAction$handleProvider$1: loaded 2 times (x 133B)
Class com.android.build.gradle.internal.tasks.CompileArtProfileTask$CreationAction$handleProvider$1: loaded 2 times (x 133B)
Class com.android.build.gradle.internal.tasks.creationconfig.BaseProcessTestManifestCreationConfig: loaded 2 times (x 146B)
Class com.android.build.gradle.internal.AndroidTestTaskManager$createConnectedTestForVariant$1: loaded 2 times (x 77B)
Class [Ljavax.xml.bind.annotation.XmlNsForm;                                          : loaded 2 times (x 71B)
Class com.android.repository.impl.generated.v1.CompleteType                           : loaded 2 times (x 85B)
Class com.sun.xml.bind.v2.model.runtime.RuntimeNonElement                             : loaded 2 times (x 72B)
Class com.sun.xml.bind.v2.runtime.ClassBeanInfoImpl                                   : loaded 2 times (x 94B)
Class javax.xml.bind.Marshaller                                                       : loaded 2 times (x 72B)
Class com.sun.xml.bind.v2.model.core.ErrorHandler                                     : loaded 2 times (x 72B)
Class com.sun.xml.bind.v2.model.impl.RuntimeBuiltinLeafInfoImpl$4                     : loaded 2 times (x 138B)
Class com.sun.xml.bind.v2.model.runtime.RuntimeAttributePropertyInfo                  : loaded 2 times (x 72B)
Class com.android.build.gradle.tasks.JdkImageInput                                    : loaded 2 times (x 77B)
Class com.android.build.gradle.internal.scope.InternalArtifactType$BUILT_IN_KAPT_CLASSES_DIR: loaded 2 times (x 76B)
Class ijJvmDebugger1_aluyl6mn6qsa601y9i1ndg7af$_run_closure1$_closure2                : loaded 2 times (x 141B)
Class com.google.common.collect.ImmutableMap$SerializedForm                           : loaded 2 times (x 75B)
Class org.apache.commons.io.CloseableURLConnection                                    : loaded 2 times (x 118B)
Class org.jetbrains.kotlin.cli.common.arguments.ArgumentParseErrors                   : loaded 2 times (x 74B)
Class com.android.build.gradle.internal.ide.dependencies.Graph                        : loaded 2 times (x 73B)
Class org.jetbrains.kotlin.gradle.tasks.DefaultKotlinJavaToolchain$currentJvmJdkToolsJar$1: loaded 2 times (x 76B)
Class com.sun.xml.bind.v2.runtime.reflect.PrimitiveArrayListerByte                    : loaded 2 times (x 78B)
Class com.sun.xml.bind.v2.runtime.property.SingleReferenceNodeProperty$1              : loaded 2 times (x 87B)
Class com.sun.xml.bind.v2.runtime.unmarshaller.XsiNilLoader                           : loaded 2 times (x 82B)
Class com.android.sdklib.repository.generated.addon.v4.MavenType                      : loaded 2 times (x 82B)
Class javax.xml.bind.MarshalException                                                 : loaded 2 times (x 87B)
Class com.android.repository.impl.generated.v2.RemotePackage                          : loaded 2 times (x 159B)
Class com.android.repository.api.RepoManager                                          : loaded 2 times (x 93B)
Class javax.xml.bind.annotation.XmlNsForm                                             : loaded 2 times (x 81B)
Class com.android.build.gradle.internal.SdkComponentsBuildService$VersionedSdkLoader$apiVersionsFile$1: loaded 2 times (x 77B)
Class com.android.build.gradle.internal.utils.D8BackportedMethodsGenerator$Parameters_Decorated: loaded 2 times (x 146B)
Class com.android.build.gradle.internal.PropertiesValueSource$Params                  : loaded 2 times (x 72B)
Class org.jetbrains.kotlin.gradle.tasks.DefaultKotlinJavaToolchain_Decorated          : loaded 2 times (x 124B)
Class com.android.build.gradle.internal.tasks.BundleReportDependenciesTask$CreationAction: loaded 2 times (x 92B)
Class com.android.build.gradle.internal.tasks.BundleToApkTask$CreationAction          : loaded 2 times (x 92B)
Class com.android.build.gradle.internal.tasks.PerModuleBundleTask$CreationAction      : loaded 2 times (x 92B)
Class com.android.build.gradle.internal.tasks.AppMetadataTask                         : loaded 2 times (x 339B)
Class com.android.build.gradle.internal.signing.SigningInputs                         : loaded 2 times (x 72B)
Class org.jetbrains.kotlin.gradle.plugin.sources.AbstractKotlinSourceSet              : loaded 2 times (x 143B)
Class com.android.build.gradle.internal.tasks.MergeNativeLibsTask$CreationAction$handleProvider$3: loaded 2 times (x 133B)
Class com.android.build.api.variant.SourceDirectories$Layered                         : loaded 2 times (x 72B)
Class com.android.build.api.artifact.impl.OperationRequestsImplKt$toCreate$2          : loaded 2 times (x 77B)
Class com.android.build.gradle.internal.scope.InternalArtifactType$BASE_MODULE_METADATA: loaded 2 times (x 76B)
Class com.android.build.api.component.impl.HostTestImpl                               : loaded 2 times (x 442B)
Class com.android.build.api.variant.impl.SourcesImpl                                  : loaded 2 times (x 169B)
Class com.android.build.api.variant.impl.AndroidResourcesImpl                         : loaded 2 times (x 86B)
Class com.google.wireless.android.sdk.stats.GradleBuildProject$CompileOptions         : loaded 2 times (x 201B)
Class com.google.wireless.android.sdk.stats.GradleProjectOptionsSettingsOrBuilder     : loaded 2 times (x 72B)
Class com.android.build.gradle.internal.api.artifact.SourceArtifactType$AIDL          : loaded 2 times (x 76B)
Class com.android.build.gradle.internal.api.DefaultAndroidSourceFile                  : loaded 2 times (x 90B)
Class com.android.build.api.dsl.CmakeFlags                                            : loaded 2 times (x 72B)
Class com.android.build.gradle.internal.dsl.KeepRulesImpl                             : loaded 2 times (x 94B)
Class org.jetbrains.kotlin.gradle.internal.properties.NativePropertiesLoader$nativeCacheKind$1: loaded 2 times (x 77B)
Class [Lorg.jetbrains.kotlin.build.report.metrics.ValueType;                          : loaded 2 times (x 71B)
Class org.jetbrains.kotlin.gradle.internal.diagnostics.AgpCompatibilityCheck          : loaded 2 times (x 73B)
Class com.android.build.gradle.internal.ide.v2.JavaCompileOptionsImpl                 : loaded 2 times (x 80B)
Class com.android.build.gradle.internal.errors.SyncIssueReporterImpl$GlobalSyncIssueService$RegistrationAction: loaded 2 times (x 76B)
Class com.android.build.gradle.internal.services.RunOnceBuildServiceImpl$ActionName   : loaded 2 times (x 74B)
Class com.android.build.gradle.internal.utils.AnalyticsSettingsUtils                  : loaded 2 times (x 73B)
Class com.android.ide.common.blame.Message$Kind                                       : loaded 2 times (x 81B)
Class com.android.build.gradle.internal.plugins.KotlinMultiplatformAndroidPlugin      : loaded 2 times (x 83B)
Class com.android.build.api.variant.HasHostTestsBuilder                               : loaded 2 times (x 72B)
Class com.android.build.api.variant.ComponentBuilder                                  : loaded 2 times (x 72B)
Class com.android.build.api.dsl.SettingsExtension                                     : loaded 2 times (x 72B)
Class com.android.build.api.dsl.CommonExtension                                       : loaded 2 times (x 72B)
Class org.gradle.internal.service.CachingServiceLocator                               : loaded 2 times (x 84B)
Class com.android.build.gradle.options.ProjectOptions                                 : loaded 2 times (x 74B)
Class com.android.build.gradle.internal.errors.AndroidProblemReporterProvider$RegistrationAction: loaded 2 times (x 76B)
Class com.android.build.gradle.internal.errors.DeprecationReporterImpl                : loaded 2 times (x 85B)
Class com.android.build.gradle.internal.errors.SyncIssueReporterImpl$GlobalSyncIssueService: loaded 2 times (x 84B)
Class com.google.wireless.android.sdk.stats.GradleBuildProfileSpan$ExecutionType      : loaded 2 times (x 89B)
Class com.google.wireless.android.sdk.stats.GradleBuildProject                        : loaded 2 times (x 261B)
Class com.android.build.gradle.internal.lint.LintFixBuildService                      : loaded 2 times (x 77B)
Class com.android.build.gradle.internal.plugins.BasePlugin$configureProject$5         : loaded 2 times (x 76B)
Class org.jetbrains.kotlin.gradle.dsl.HasConfigurableKotlinCompilerOptions            : loaded 2 times (x 72B)
Class org.jetbrains.kotlin.gradle.utils.FileUtilsKt$localProperties$1                 : loaded 2 times (x 77B)
Class org.jetbrains.kotlin.gradle.plugin.KotlinTargetPreset                           : loaded 2 times (x 72B)
Class com.android.build.gradle.internal.dsl.BundleOptionsLanguage$AgpDecorated        : loaded 2 times (x 83B)
Class com.android.build.api.dsl.SingleVariant                                         : loaded 2 times (x 72B)
Class [Lcom.android.build.gradle.ProguardFiles$ProguardFile;                          : loaded 2 times (x 71B)
Class com.android.build.api.variant.impl.InternalVariantBuilder                       : loaded 2 times (x 72B)
Class org.jetbrains.kotlin.gradle.dsl.jvm.JvmTargetValidationMode                     : loaded 2 times (x 81B)
Class com.android.build.gradle.internal.ide.v2.ModelBuilder$DimensionInformation$Companion: loaded 2 times (x 73B)
Class com.android.repository.impl.generated.generic.v1.GenericDetailsType             : loaded 2 times (x 78B)
Class com.sun.xml.bind.v2.model.impl.ClassInfoImpl$PropertySorter                     : loaded 2 times (x 154B)
Class com.android.sdklib.repository.generated.common.v2.ObjectFactory                 : loaded 2 times (x 77B)
Class com.android.sdklib.repository.generated.addon.v3.ObjectFactory                  : loaded 2 times (x 82B)
Class com.android.build.gradle.internal.SdkFullLoadingStrategy                        : loaded 2 times (x 74B)
Class com.android.build.api.variant.impl.VariantImpl                                  : loaded 2 times (x 377B)
Class com.android.build.gradle.internal.testing.TestData$Companion                    : loaded 2 times (x 73B)
Class com.android.build.gradle.internal.tasks.PerModuleReportDependenciesTask$CreationAction: loaded 2 times (x 92B)
Class org.jetbrains.kotlin.gradle.plugin.KotlinTargetConfiguratorKt$WhenMappings      : loaded 2 times (x 73B)
Class org.jetbrains.kotlin.project.model.LanguageSettings                             : loaded 2 times (x 72B)
Class com.android.build.gradle.internal.res.ParseLibraryResourcesTask$CreateAction    : loaded 2 times (x 92B)
Class com.android.build.gradle.internal.tasks.ApplicationIdWriterTask$CreationAction  : loaded 2 times (x 92B)
Class com.android.build.gradle.internal.feature.BundleAllClasses$CreationAction       : loaded 2 times (x 92B)
Class com.android.build.gradle.internal.tasks.ApkZipPackagingTask$CreationAction      : loaded 2 times (x 92B)
Class com.android.build.gradle.internal.component.AarCreationConfig                   : loaded 2 times (x 72B)
Class com.android.build.gradle.internal.dsl.TargetSdkSpecImpl$AgpDecorated            : loaded 2 times (x 87B)
Class [Lcom.android.buildanalyzer.common.TaskCategory;                                : loaded 2 times (x 71B)
Class com.android.build.api.component.impl.features.NativeBuildCreationConfigImpl     : loaded 2 times (x 83B)
Class com.android.build.gradle.internal.dsl.ApplicationSingleVariantImpl              : loaded 2 times (x 90B)
Class com.android.build.gradle.internal.dsl.CoreExternalNativeBuildOptions            : loaded 2 times (x 72B)
Class org.jetbrains.kotlin.gradle.targets.native.KonanPropertiesBuildService$Parameters: loaded 2 times (x 72B)
Class org.jetbrains.kotlin.gradle.internal.IsInIdeaSyncValueSource$Inject_            : loaded 2 times (x 111B)
Class org.jetbrains.kotlin.gradle.plugin.internal.CompatibilityConventionRegistrar$Factory: loaded 2 times (x 72B)
Class com.android.utils.DateProvider                                                  : loaded 2 times (x 72B)
Class com.android.build.gradle.internal.utils.AnalyticsEnabledValueSource$Params      : loaded 2 times (x 72B)
Class com.google.gson.internal.$Gson$Preconditions                                    : loaded 2 times (x 73B)
Class com.android.build.api.variant.HasHostTests                                      : loaded 2 times (x 72B)
Class com.android.build.api.variant.JavaCompilation                                   : loaded 2 times (x 72B)
Class com.android.build.gradle.internal.core.MergedExternalNativeCmakeOptions         : loaded 2 times (x 88B)
Class com.android.build.gradle.internal.tasks.NonIncrementalTask                      : loaded 2 times (x 335B)
Class com.android.build.gradle.tasks.ExtractDeepLinksTask                             : loaded 2 times (x 341B)
Class com.android.build.api.component.impl.OldVariantApiLegacySupportImpl$JavaCompileOptionsForOldVariantAPI$_annotationProcessorOptions$1: loaded 2 times (x 79B)
Class com.android.build.api.artifact.SingleArtifact$MERGED_MANIFEST                   : loaded 2 times (x 76B)
Class com.android.build.gradle.internal.scope.InternalArtifactType$MERGED_RES         : loaded 2 times (x 76B)
Class com.android.build.gradle.internal.res.GenerateLibraryRFileTask$CreationAction   : loaded 2 times (x 92B)
Class com.android.build.api.variant.impl.SigningConfigImpl$keyAlias$1                 : loaded 2 times (x 133B)
Class com.android.build.gradle.internal.dependency.MockableJarTransform$Parameters_Decorated: loaded 2 times (x 137B)
Class com.android.build.gradle.internal.dependency.DexingNoClasspathTransform         : loaded 2 times (x 83B)
Class com.android.build.gradle.internal.dependency.DexingOutputSplitTransform$Inject_1: loaded 2 times (x 111B)
Class com.android.build.api.artifact.SingleArtifact$OBFUSCATION_MAPPING_PARTITION_FILE: loaded 2 times (x 76B)
Class com.android.build.api.variant.impl.ArtifactMetadataProcessor$Companion          : loaded 2 times (x 73B)
Class [Lcom.google.common.collect.HashBiMap$BiEntry;                                  : loaded 2 times (x 71B)
Class com.google.common.collect.MapMakerInternalMap$InternalEntry                     : loaded 2 times (x 72B)
Class com.google.common.reflect.Types$TypeVariableInvocationHandler                   : loaded 2 times (x 77B)
Class com.android.build.gradle.internal.dependency.AarTransform$Parameters$Inject_    : loaded 2 times (x 116B)
Class com.android.build.gradle.internal.ide.v2.ProjectGraphImpl$Companion             : loaded 2 times (x 73B)
Class com.android.build.gradle.internal.utils.DesugarLibUtils$getD8DesugarMethodFileFromTransform$1: loaded 2 times (x 76B)
Class com.android.build.gradle.internal.scope.InternalArtifactType$RENDERSCRIPT_GENERATED_RES: loaded 2 times (x 76B)
Class com.android.build.gradle.internal.scope.InternalArtifactType$BUILT_IN_KAPT_GENERATED_KOTLIN_SOURCES: loaded 2 times (x 76B)
Class com.android.build.gradle.internal.EmulatorComponents                            : loaded 2 times (x 74B)
Class com.sun.xml.bind.v2.runtime.reflect.TransducedAccessor$CompositeContextDependentTransducedAccessorImpl: loaded 2 times (x 81B)
Class javax.xml.bind.annotation.adapters.XmlAdapter                                   : loaded 2 times (x 75B)
Class com.sun.xml.bind.v2.runtime.reflect.Accessor                                    : loaded 2 times (x 87B)
Class com.sun.xml.bind.v2.model.impl.RuntimeAttributePropertyInfoImpl                 : loaded 2 times (x 146B)
Class javax.xml.bind.annotation.XmlType$DEFAULT                                       : loaded 2 times (x 73B)
Class com.sun.xml.bind.api.AccessorException                                          : loaded 2 times (x 84B)
Class com.android.build.gradle.internal.SdkLocation                                   : loaded 2 times (x 74B)
Class com.android.build.gradle.internal.api.UnitTestVariantImpl_Decorated             : loaded 2 times (x 265B)
Class com.android.build.gradle.internal.scope.GradleAwareFilterData                   : loaded 2 times (x 72B)
Class com.android.build.gradle.internal.dependency.AarResourcesCompilerTransform$Parameters_Decorated: loaded 2 times (x 139B)
Class com.android.build.gradle.internal.dependency.AarResourcesCompilerTransform$Parameters: loaded 2 times (x 72B)
Class com.android.build.gradle.internal.tasks.featuresplit.FeatureSplitUtils          : loaded 2 times (x 73B)
Class com.android.build.api.artifact.impl.OperationRequestsImplKt$toAppend$2          : loaded 2 times (x 77B)
Class com.android.build.gradle.internal.tasks.creationconfig.DexMergingCreationConfigKt$createDexMergingCreationConfig$1: loaded 2 times (x 126B)
Class com.android.build.api.artifact.impl.InternalScopedArtifact                      : loaded 2 times (x 76B)
Class org.jetbrains.kotlin.gradle.plugin.mpp.InternalKotlinCompilation$DefaultImpls   : loaded 2 times (x 73B)
Class org.jetbrains.kotlin.gradle.plugin.mpp.KotlinMetadataTarget                     : loaded 2 times (x 163B)
Class org.jetbrains.kotlin.gradle.plugin.mpp.compilationImpl.KotlinCompilationSourceSetInclusion$DefaultAddSourcesToCompileTask: loaded 2 times (x 76B)
Class org.jetbrains.kotlin.gradle.tasks.configuration.BaseKotlinCompileConfig$1$jvmToolchain$1: loaded 2 times (x 76B)
Class com.android.build.gradle.internal.tasks.MergeNativeLibsTask$CreationAction      : loaded 2 times (x 92B)
Class com.android.build.gradle.internal.component.features.ResValuesCreationConfig    : loaded 2 times (x 72B)
Class com.android.build.gradle.internal.core.dsl.impl.SigningConfigResolver           : loaded 2 times (x 74B)
Class com.android.build.gradle.internal.scope.InternalArtifactType                    : loaded 2 times (x 76B)
Class com.android.build.gradle.internal.dsl.SdkComponentsImpl$adb$1                   : loaded 2 times (x 77B)
Class com.android.build.gradle.internal.dsl.ManagedVirtualDeviceFactory               : loaded 2 times (x 77B)
Class com.android.build.gradle.internal.dsl.ManagedVirtualDevice                      : loaded 2 times (x 123B)
Class com.android.build.gradle.internal.api.AndroidSourceSetName                      : loaded 2 times (x 74B)
Class com.android.sdklib.OptionalLibrary                                              : loaded 2 times (x 72B)
Class com.android.build.api.dsl.BundleAbi                                             : loaded 2 times (x 72B)
Class org.jetbrains.kotlin.gradle.dsl.KotlinGradlePluginDsl                           : loaded 2 times (x 72B)
Class org.jetbrains.kotlin.tooling.core.MutableExtras                                 : loaded 2 times (x 72B)
Class org.jetbrains.kotlin.build.report.metrics.BuildTime                             : loaded 2 times (x 72B)
Class org.jetbrains.kotlin.gradle.plugin.KotlinGradleBuildServices$detectKotlinPluginLoadedInMultipleProjects$onRegister$1: loaded 2 times (x 81B)
Class com.android.build.gradle.internal.services.BuiltInKotlinServicesKt$failIfIncompatiblePluginsArePresent$1: loaded 2 times (x 76B)
Class com.android.build.gradle.internal.services.LintClassLoaderBuildService          : loaded 2 times (x 82B)
Class com.android.sdklib.repository.AndroidSdkHandler$InstanceProvider                : loaded 2 times (x 72B)
Class com.android.build.gradle.options.ProjectOptionService$RegistrationAction        : loaded 2 times (x 76B)
Class com.android.build.api.variant.ApplicationVariantBuilder                         : loaded 2 times (x 72B)
Class com.android.build.gradle.internal.services.DslServices                          : loaded 2 times (x 72B)
Class com.android.repository.impl.generated.v2.DependenciesType                       : loaded 2 times (x 77B)
Class com.sun.xml.bind.v2.model.core.BuiltinLeafInfo                                  : loaded 2 times (x 72B)
Class com.sun.xml.bind.v2.model.impl.RuntimeBuiltinLeafInfoImpl$3                     : loaded 2 times (x 138B)
Class com.sun.xml.bind.v2.runtime.Name                                                : loaded 2 times (x 77B)
Class com.google.common.io.ByteSource$ByteArrayByteSource                             : loaded 2 times (x 87B)
Class com.google.common.io.CharSource$StringCharSource                                : loaded 2 times (x 88B)
Class com.google.common.reflect.TypeToken$SimpleTypeToken                             : loaded 2 times (x 75B)
Class com.google.common.collect.MapMakerInternalMap$AbstractStrongKeyEntry            : loaded 2 times (x 82B)
Class com.google.common.collect.AbstractSetMultimap                                   : loaded 2 times (x 175B)
Class jdk.internal.jrtfs.JrtFileSystemProvider                                        : loaded 2 times (x 103B)
Class com.android.build.gradle.BasePlugin                                             : loaded 2 times (x 78B)
Class com.android.build.gradle.AbstractAppExtension                                   : loaded 2 times (x 217B)
Class com.android.build.gradle.internal.variant.AbstractVariantInputManager           : loaded 2 times (x 99B)
Class com.android.build.gradle.internal.tasks.factory.GlobalTaskCreationConfigImpl    : loaded 2 times (x 137B)
Class com.android.repository.Revision                                                 : loaded 2 times (x 89B)
Class com.android.build.gradle.internal.core.dsl.ConsumableComponentDslInfo           : loaded 2 times (x 72B)
Class com.google.common.base.Predicates                                               : loaded 2 times (x 73B)
Class com.android.ide.common.blame.Message$Kind$Companion                             : loaded 2 times (x 73B)
Class com.android.build.gradle.internal.tasks.featuresplit.PackagedDependenciesWriterTask$CreationAction$configure$2: loaded 2 times (x 76B)
Class com.android.build.gradle.internal.ide.v2.AaptOptionsImpl                        : loaded 2 times (x 77B)
Class com.android.build.gradle.internal.tasks.factory.BootClasspathConfigImpl$mockableJarArtifact$2$attributes$1: loaded 2 times (x 77B)
Class com.android.build.api.variant.impl.MultiOutputHandlerImplBase                   : loaded 2 times (x 97B)
Class com.sun.xml.bind.v2.runtime.reflect.Lister$1                                    : loaded 2 times (x 78B)
Class com.sun.xml.bind.v2.model.nav.ReflectionNavigator$1                             : loaded 2 times (x 83B)
Class com.sun.xml.bind.v2.util.TypeCast                                               : loaded 2 times (x 73B)
Class com.android.repository.impl.meta.TypeDetails$GenericType                        : loaded 2 times (x 72B)
Class com.android.repository.impl.generated.v1.ArchiveType                            : loaded 2 times (x 98B)
Class com.android.build.gradle.internal.DependencyConfigurator$Companion              : loaded 2 times (x 73B)
Class com.android.build.gradle.internal.SdkLibDataFactory$Environment$SystemProperty  : loaded 2 times (x 81B)
Class com.android.build.gradle.internal.tasks.creationconfig.ProcessTestManifestCreationConfig: loaded 2 times (x 72B)
Class com.android.build.api.artifact.SingleArtifact$APK_FROM_BUNDLE                   : loaded 2 times (x 76B)
Class com.android.build.gradle.internal.scope.InternalArtifactType$BINARY_ART_PROFILE : loaded 2 times (x 76B)
Class com.android.build.gradle.internal.tasks.ApplicationTaskManager$createBundleTask$1: loaded 2 times (x 77B)
Class com.android.build.api.artifact.impl.OperationRequestsImplKt$toAppend$3          : loaded 2 times (x 77B)
Class com.android.build.gradle.internal.scope.InternalArtifactType$GLOBAL_SYNTHETICS_FILE_LIB: loaded 2 times (x 76B)
Class org.jetbrains.kotlin.gradle.plugin.mpp.KotlinWithJavaTarget                     : loaded 2 times (x 162B)
Class org.jetbrains.kotlin.gradle.utils.StoredPropertyKt$extrasStoredProperty$1       : loaded 2 times (x 80B)
Class org.jetbrains.kotlin.gradle.tasks.CompileUsingKotlinDaemon                      : loaded 2 times (x 72B)
Class com.android.build.gradle.internal.feature.BundleAllClasses$CreationAction$handleProvider$1: loaded 2 times (x 133B)
Class com.android.build.gradle.internal.res.ParseLibraryResourcesTask$CreateAction$handleProvider$1: loaded 2 times (x 133B)
Class com.android.build.gradle.internal.tasks.ValidateResourcesTask$CreateAction$handleProvider$1: loaded 2 times (x 133B)
Class [Lcom.android.build.VariantOutput$FilterType;                                   : loaded 2 times (x 71B)
Class com.android.build.api.variant.ApkOutputProviders                                : loaded 2 times (x 72B)
Class com.android.build.gradle.internal.core.dsl.ComponentDslInfo$DslDefinedHostTest  : loaded 2 times (x 74B)
Class com.android.build.gradle.internal.tasks.BuildAnalyzer                           : loaded 2 times (x 72B)
Class com.android.builder.signing.DefaultSigningConfig$DebugSigningConfig             : loaded 2 times (x 74B)
Class com.android.build.gradle.internal.core.dsl.impl.features.DeviceTestOptionsDslInfoImpl: loaded 2 times (x 86B)
Class com.android.build.gradle.internal.core.dsl.features.TestOptionsDslInfo          : loaded 2 times (x 72B)
Class com.android.build.api.dsl.ApplicationSingleVariant                              : loaded 2 times (x 72B)
Class com.android.build.gradle.internal.dsl.DexPackagingImpl$AgpDecorated             : loaded 2 times (x 85B)
Class com.android.build.gradle.internal.dsl.BundleOptionsDensity$AgpDecorated         : loaded 2 times (x 83B)
Class com.android.build.VariantOutput                                                 : loaded 2 times (x 72B)
Class com.android.build.api.artifact.Artifact$Single                                  : loaded 2 times (x 76B)
Class com.android.build.api.dsl.Optimization                                          : loaded 2 times (x 72B)
Class com.android.build.gradle.internal.dsl.DependenciesInfoImpl                      : loaded 2 times (x 83B)
Class com.android.build.api.dsl.TestProductFlavor                                     : loaded 2 times (x 72B)
Class com.android.build.gradle.internal.services.BuiltInKotlinServicesKt$initBuiltInKaptSupportIfRequired$1: loaded 2 times (x 77B)
Class org.jetbrains.kotlin.gradle.plugin.KotlinPluginLifecycle$IllegalLifecycleException: loaded 2 times (x 84B)
Class org.jetbrains.kotlin.gradle.internal.properties.NativePropertiesLoader$userProvidedNativeHome$1: loaded 2 times (x 77B)
Class [Lorg.jetbrains.kotlin.build.report.metrics.BuildPerformanceMetric;             : loaded 2 times (x 71B)
Class org.jetbrains.kotlin.gradle.plugin.KotlinGradleFinishBuildHandler               : loaded 2 times (x 74B)
Class org.jetbrains.kotlin.gradle.dsl.KotlinTopLevelExtension                         : loaded 2 times (x 72B)
Class com.android.build.gradle.internal.services.BuiltInKotlinServicesKt$failIfIncompatiblePluginsArePresent$2: loaded 2 times (x 76B)
Class com.android.build.gradle.internal.services.AndroidLocationsBuildService$AndroidDirectoryCreator$Params$Inject_: loaded 2 times (x 110B)
Class com.android.prefs.LocationValue                                                 : loaded 2 times (x 72B)
Class com.android.build.gradle.internal.res.Aapt2FromMaven$Companion$create$aapt2Directory$1: loaded 2 times (x 76B)
Class com.android.sdklib.AndroidVersion$PreviewType                                   : loaded 2 times (x 81B)
Class com.android.build.gradle.internal.res.Aapt2FromMaven$Companion$DefaultAapt2Version: loaded 2 times (x 73B)
Class com.android.build.gradle.internal.plugins.BasePlugin$configureProject$4         : loaded 2 times (x 76B)
Class com.android.build.gradle.internal.plugins.DynamicFeaturePlugin                  : loaded 2 times (x 99B)
Class com.android.build.api.dsl.LibraryProductFlavor                                  : loaded 2 times (x 72B)
Class com.android.build.gradle.internal.dsl.decorator.SupportedPropertyType$Collection$List: loaded 2 times (x 76B)
Class com.android.build.api.dsl.Bundle                                                : loaded 2 times (x 72B)
Class com.android.build.gradle.internal.dsl.BundleOptionsDensity                      : loaded 2 times (x 79B)
Class com.android.build.api.dsl.ExternalNativeBuild                                   : loaded 2 times (x 72B)
Class com.android.build.api.artifact.impl.ArtifactNamingContext                       : loaded 2 times (x 74B)
Class com.android.build.api.component.impl.features.CommonOptimizationDslInfoImpl     : loaded 2 times (x 100B)
Class com.android.build.gradle.internal.dependency.ResolutionResultProvider           : loaded 2 times (x 72B)
Class com.android.build.gradle.internal.variant.BaseVariantData$Companion             : loaded 2 times (x 73B)
Class com.android.build.gradle.internal.scope.InternalArtifactType$DATA_BINDING_LAYOUT_INFO_TYPE_MERGE: loaded 2 times (x 76B)
Class com.android.build.gradle.internal.tasks.DexArchiveBuilderTask$CreationAction$handleProvider$8: loaded 2 times (x 133B)
Class com.android.build.gradle.internal.tasks.StripDebugSymbolsTask                   : loaded 2 times (x 344B)
Class com.android.build.gradle.internal.tasks.ParseIntegrityConfigTask                : loaded 2 times (x 337B)
Class com.android.build.gradle.internal.tasks.BundleToStandaloneApkTask$CreationAction$handleProvider$2: loaded 2 times (x 77B)
Class com.android.build.gradle.internal.tasks.MergeNativeDebugMetadataTask$CreationAction$handleProvider$1: loaded 2 times (x 133B)
Class com.android.build.gradle.tasks.ProcessTestManifestPackaging$CreationAction      : loaded 2 times (x 92B)
Class com.android.build.api.variant.impl.FileBasedFileEntry$asFile$1                  : loaded 2 times (x 77B)
Class com.android.build.gradle.tasks.RenderscriptCompile                              : loaded 2 times (x 353B)
Class com.android.build.gradle.internal.dsl.VariantOutputFactory                      : loaded 2 times (x 75B)
Class com.android.build.gradle.internal.scope.InternalArtifactType$RENDERSCRIPT_HEADERS: loaded 2 times (x 76B)
Class com.google.common.collect.IndexedImmutableSet$1                                 : loaded 2 times (x 215B)
Class org.apache.commons.io.output.AbstractByteArrayOutputStream                      : loaded 2 times (x 104B)
Class [Lorg.jetbrains.kotlin.cli.common.CompilerSystemProperties;                     : loaded 2 times (x 71B)
Class org.jetbrains.kotlin.gradle.plugin.ide.IdeCompilerArgumentsResolverKt           : loaded 2 times (x 73B)
Class com.android.build.gradle.internal.ide.dependencies.AdditionalArtifacts$Companion: loaded 2 times (x 73B)
Class com.android.build.api.artifact.impl.InAndOutDirectoryOperationRequestImpl$Companion$initializeInput$1$1: loaded 2 times (x 77B)
Class com.android.build.gradle.internal.tasks.featuresplit.PackagedDependenciesWriterTask$CreationAction$configure$3: loaded 2 times (x 76B)
Class com.android.build.gradle.internal.ide.v2.SigningConfigImpl                      : loaded 2 times (x 86B)
Class com.sun.xml.bind.v2.runtime.reflect.Lister$2                                    : loaded 2 times (x 79B)
Class com.sun.xml.bind.v2.runtime.reflect.DefaultTransducedAccessor                   : loaded 2 times (x 81B)
Class javax.xml.bind.annotation.XmlAccessorType                                       : loaded 2 times (x 72B)
Class com.sun.xml.bind.v2.model.annotation.XmlTransientQuick                          : loaded 2 times (x 92B)
Class com.sun.xml.bind.v2.model.nav.ReflectionNavigator$2                             : loaded 2 times (x 83B)
Class com.sun.xml.bind.v2.model.impl.EnumLeafInfoImpl                                 : loaded 2 times (x 129B)
Class javax.xml.bind.ServiceLoaderUtil$ExceptionHandler                               : loaded 2 times (x 74B)
Class com.android.sdklib.SdkVersionUtil                                               : loaded 2 times (x 73B)
Class com.android.build.gradle.internal.publishing.AppVariantSpecBuilder              : loaded 2 times (x 92B)
Class com.android.build.gradle.internal.dependency.DexingOutputSplitTransform$Parameters_Decorated: loaded 2 times (x 137B)
Class com.android.build.gradle.internal.dependency.DexingOutputSplitTransform$Parameters: loaded 2 times (x 72B)
Class com.android.build.api.variant.impl.ManifestFilesImpl$allStatic$1                : loaded 2 times (x 76B)
Class com.android.build.gradle.internal.tasks.ApplicationTaskManager$createBundleTask$2: loaded 2 times (x 77B)
Class com.android.build.gradle.internal.tasks.creationconfig.DexMergingCreationConfigKt: loaded 2 times (x 73B)
Class org.jetbrains.kotlin.gradle.utils.StoredLazyProperty$getValue$1                 : loaded 2 times (x 81B)
Class org.jetbrains.kotlin.gradle.plugin.mpp.KotlinTargetWithBinaries                 : loaded 2 times (x 159B)
Class org.jetbrains.kotlin.gradle.plugin.ProjectLocalConfigurationsKt                 : loaded 2 times (x 73B)
Class [Lorg.jetbrains.kotlin.gradle.plugin.KotlinSourceSet;                           : loaded 2 times (x 71B)
Class org.jetbrains.kotlin.gradle.plugin.mpp.compilationImpl.factory.KotlinCompilationImplFactory: loaded 2 times (x 74B)
Class com.android.build.gradle.tasks.JavaPreCompileTask$CreationAction                : loaded 2 times (x 92B)
Class com.android.build.gradle.tasks.MergeSourceSetFolders$GenericMergeCreationAction : loaded 2 times (x 93B)
Class com.android.build.gradle.internal.publishing.AndroidArtifacts                   : loaded 2 times (x 73B)
Class com.android.build.gradle.internal.dependency.ConstraintHandler$checkConfigurationAlignments$1: loaded 2 times (x 77B)
Class com.android.build.api.variant.LintBuilder                                       : loaded 2 times (x 72B)
Class com.android.build.gradle.internal.core.SettingsOptionsKt                        : loaded 2 times (x 73B)
Class com.android.build.gradle.internal.dsl.BundleOptionsCodeTransparency$AgpDecorated: loaded 2 times (x 83B)
Class com.android.build.gradle.internal.api.artifact.SourceArtifactType$JAVA_RESOURCES: loaded 2 times (x 76B)
Class com.android.build.gradle.api.AndroidSourceFile                                  : loaded 2 times (x 72B)
Class org.objectweb.asm.commons.LocalVariablesSorter                                  : loaded 2 times (x 111B)
Class com.android.build.api.dsl.ViewBinding                                           : loaded 2 times (x 72B)
Class com.android.build.gradle.internal.dsl.DexPackagingImpl                          : loaded 2 times (x 72B)
Class com.android.build.gradle.internal.dsl.AssetPackBundleExtensionImpl              : loaded 2 times (x 72B)
Class com.android.build.gradle.internal.dsl.decorator.SupportedPropertyType$Var$String: loaded 2 times (x 76B)
Class org.jetbrains.kotlin.gradle.plugin.PropertiesProvider$localProperties$2         : loaded 2 times (x 81B)
Class com.android.build.gradle.internal.services.BuiltInKotlinServicesKt$failIfIncompatiblePluginsArePresent$3: loaded 2 times (x 76B)
Class com.android.build.gradle.internal.services.BuiltInKotlinServices$AvailabilityReason: loaded 2 times (x 72B)
Class com.android.prefs.PathLocator                                                   : loaded 2 times (x 75B)
Class com.android.build.gradle.internal.SdkComponentsBuildService$VersionedSdkLoader$buildToolInfoProvider$1: loaded 2 times (x 77B)
Class com.android.build.gradle.internal.profile.NoOpAnalyticsConfiguratorService      : loaded 2 times (x 84B)
Class com.android.tools.analytics.AnalyticsSettingsData$DataTypeAdapter               : loaded 2 times (x 75B)
Class com.android.build.gradle.internal.SdkDirectLoadingStrategy$DirectLoadComponents : loaded 2 times (x 74B)
Class com.sun.xml.bind.v2.util.QNameMap$Entry                                         : loaded 2 times (x 74B)
Class com.sun.xml.bind.v2.model.impl.RuntimeBuiltinLeafInfoImpl$2                     : loaded 2 times (x 138B)
Class javax.xml.bind.annotation.XmlElementDecl$GLOBAL                                 : loaded 2 times (x 73B)
Class com.android.sdklib.repository.generated.sysimg.v1.SysImgDetailsType             : loaded 2 times (x 147B)
Class com.sun.xml.bind.v2.runtime.property.ArrayERProperty                            : loaded 2 times (x 106B)
Class com.sun.xml.bind.v2.runtime.CompositeStructureBeanInfo                          : loaded 2 times (x 100B)
Class org.jetbrains.kotlin.gradle.plugin.KotlinCompilerArgumentsProducer$CreateCompilerArgumentsContext: loaded 2 times (x 72B)
Class org.jetbrains.kotlin.gradle.tasks.DefaultKotlinJavaToolchain$DefaultJavaToolchainSetter$useAsConvention$1: loaded 2 times (x 77B)
Class com.android.build.gradle.internal.ide.v2.ModelBuilder$buildProjectGraphModel$1$1$1: loaded 2 times (x 77B)
Class org.apache.commons.io.FileExistsException                                       : loaded 2 times (x 84B)
Class com.google.common.collect.HashBiMap$BiEntry                                     : loaded 2 times (x 84B)
Class org.gradle.internal.service.ServiceLocator                                      : loaded 2 times (x 72B)
Class com.android.build.gradle.internal.services.RunOnceBuildServiceImpl$RegistrationAction: loaded 2 times (x 75B)
Class com.android.build.gradle.internal.component.ApkCreationConfig                   : loaded 2 times (x 72B)
Class com.google.common.collect.Maps$EntryFunction                                    : loaded 2 times (x 93B)
Class com.google.common.reflect.Types$ClassOwnership$1LocalClass                      : loaded 2 times (x 73B)
Class org.jetbrains.kotlin.build.report.metrics.BuildMetricsReporterImpl              : loaded 2 times (x 100B)
Class com.android.build.gradle.internal.ide.v2.BasicAndroidProjectImpl                : loaded 2 times (x 86B)
Class com.sun.xml.bind.v2.runtime.unmarshaller.Patcher                                : loaded 2 times (x 72B)
Class com.sun.xml.bind.v2.model.nav.ReflectionNavigator$3                             : loaded 2 times (x 79B)
Class com.sun.xml.bind.v2.model.annotation.XmlValueQuick                              : loaded 2 times (x 92B)
Class com.sun.istack.Pool                                                             : loaded 2 times (x 72B)
Class com.android.repository.impl.generated.v2.ArchivesType                           : loaded 2 times (x 77B)
Class com.android.sdklib.repository.generated.common.v4.LibraryType                   : loaded 2 times (x 92B)
Class com.android.build.gradle.internal.FileExistsValueSource$Params                  : loaded 2 times (x 72B)
Class com.android.repository.Revision$PreviewComparison                               : loaded 2 times (x 81B)
Class com.android.build.gradle.internal.ide.FilterDataImpl                            : loaded 2 times (x 82B)
Class com.android.build.gradle.internal.dependency.AarToClassTransform$Companion      : loaded 2 times (x 73B)
Class com.android.build.gradle.internal.scope.InternalArtifactType$ANALYZE_DEPENDENCIES_REPORT: loaded 2 times (x 76B)
Class com.android.build.gradle.internal.HostTestTaskManager$setupAssembleTasks$1      : loaded 2 times (x 77B)
Class com.android.build.gradle.internal.testing.utp.UtpTestUtilsKt$maybeCreateUtpConfigurations$1$1: loaded 2 times (x 76B)
Class com.android.build.gradle.internal.tasks.ExtractVersionControlInfoTask$CreationAction$handleProvider$1: loaded 2 times (x 133B)
Class com.android.build.gradle.internal.tasks.PackageBundleTask$CreationAction$handleProvider$1: loaded 2 times (x 133B)
Class com.android.build.gradle.internal.tasks.DexFileDependenciesTask$CreationAction$handleProvider$1: loaded 2 times (x 133B)
Class com.android.build.gradle.tasks.KotlinCompileCreationAction                      : loaded 2 times (x 78B)
Class com.android.build.gradle.internal.scope.InternalArtifactType$SYMBOL_LIST_WITH_PACKAGE_NAME: loaded 2 times (x 76B)
Class com.android.build.gradle.internal.scope.InternalArtifactType$MERGED_MANIFESTS   : loaded 2 times (x 76B)
Class com.android.build.gradle.internal.VariantManager$createVariantsFromCombination$variantExtensionConfig$1: loaded 2 times (x 80B)
Class com.android.build.gradle.internal.core.dsl.ComponentDslInfo$DslDefinedDeviceTest: loaded 2 times (x 74B)
Class com.android.build.api.variant.impl.LintReportsBuilderImpl_Decorated             : loaded 2 times (x 129B)
Class com.android.build.gradle.internal.core.dsl.impl.features.AndroidResourcesDslInfoImpl: loaded 2 times (x 83B)
Class com.android.build.gradle.internal.lint.LintTaskManager$createBeforeEvaluateLintTasks$1: loaded 2 times (x 77B)
Class com.android.build.gradle.internal.lint.LintTaskManager$Companion                : loaded 2 times (x 73B)
Class com.android.build.gradle.internal.crash.ExternalApiUsageException               : loaded 2 times (x 84B)
Class [Lcom.android.build.api.variant.ScopedArtifacts$Scope;                          : loaded 2 times (x 71B)
Class com.android.build.gradle.api.ApplicationVariant                                 : loaded 2 times (x 72B)
Class com.android.build.gradle.internal.dsl.BundleOptionsCountrySet$AgpDecorated      : loaded 2 times (x 87B)
Class com.android.build.gradle.internal.dsl.EmulatorControl$AgpDecorated              : loaded 2 times (x 90B)
Class com.android.build.gradle.internal.dsl.JUnitEngineSpecImpl                       : loaded 2 times (x 86B)
Class com.android.build.gradle.internal.dsl.ApplicationPublishingImpl                 : loaded 2 times (x 83B)
Class org.jetbrains.kotlin.gradle.utils.WhenPluginEnabledKt$whenPluginsEnabled$1      : loaded 2 times (x 77B)
Class [Lorg.jetbrains.kotlin.gradle.report.BuildReportType;                           : loaded 2 times (x 71B)
Class org.jetbrains.kotlin.gradle.internal.properties.PropertiesBuildService$localProperties$2: loaded 2 times (x 81B)
Class org.jetbrains.kotlin.gradle.tasks.AbstractKotlinCompileTool                     : loaded 2 times (x 373B)
Class com.android.build.gradle.internal.errors.IncompatibleProjectOptionsReporter     : loaded 2 times (x 73B)
Class com.google.wireless.android.sdk.stats.GradleBuildVariantOrBuilder               : loaded 2 times (x 72B)
Class com.android.build.gradle.internal.profile.AnalyticsService$Params_Decorated     : loaded 2 times (x 153B)
Class com.android.sdklib.AndroidVersion                                               : loaded 2 times (x 77B)
Class com.android.build.api.variant.GeneratesApkBuilder                               : loaded 2 times (x 72B)
Class com.android.build.api.dsl.MinSdkSpec                                            : loaded 2 times (x 72B)
Class com.android.Version                                                             : loaded 2 times (x 73B)
Class jdk.internal.jimage.ImageBufferCache                                            : loaded 2 times (x 73B)
Class jdk.internal.jrtfs.JrtPath                                                      : loaded 2 times (x 124B)
Class org.gradle.internal.classloader.ClasspathUtil                                   : loaded 2 times (x 73B)
Class com.android.build.gradle.internal.utils.AnalyticsEnabledValueSource             : loaded 2 times (x 80B)
Class com.android.builder.profile.AnalyticsProfileWriter                              : loaded 2 times (x 74B)
Class com.android.build.gradle.internal.ide.dependencies.MavenCoordinatesCacheBuildService: loaded 2 times (x 82B)
Class com.android.build.gradle.internal.plugins.BasePlugin$configureProject$3         : loaded 2 times (x 79B)
Class org.jetbrains.kotlin.gradle.utils.IsolatedKotlinClasspathClassCastException     : loaded 2 times (x 84B)
Class org.jetbrains.kotlin.build.report.metrics.GradleBuildTime                       : loaded 2 times (x 88B)
Class com.android.build.gradle.internal.dsl.MinSdkProperties                          : loaded 2 times (x 72B)
Class com.android.build.gradle.internal.core.dsl.impl.ApplicationVariantDslInfoImpl   : loaded 2 times (x 200B)
Class com.android.build.gradle.internal.core.MergedJavaCompileOptions                 : loaded 2 times (x 85B)
Class com.android.build.gradle.internal.core.PostProcessingOptions                    : loaded 2 times (x 72B)
Class com.android.build.gradle.internal.variant.BaseVariantData$DiscoverableFilterType$ABI: loaded 2 times (x 82B)
Class com.android.build.gradle.internal.scope.InternalArtifactType$COMPATIBLE_SCREEN_MANIFEST: loaded 2 times (x 76B)
Class com.android.build.gradle.tasks.ProcessManifestForMetadataFeatureTask            : loaded 2 times (x 339B)
Class com.android.build.gradle.tasks.MergeSourceSetFolders$CreationAction             : loaded 2 times (x 93B)
Class com.android.build.gradle.tasks.ProcessAndroidResources                          : loaded 2 times (x 340B)
Class com.android.build.api.variant.impl.ResourcesPackagingImpl$pickFirsts$1          : loaded 2 times (x 77B)
Class com.android.build.gradle.internal.TaskManager$createProcessJavaResTask$taskConfig$1: loaded 2 times (x 99B)
Class com.android.build.gradle.internal.scope.InternalArtifactType$RUNTIME_APP_CLASSES_JAR: loaded 2 times (x 76B)
Class org.jetbrains.kotlin.cli.common.arguments.ParseCommandLineArgumentsKt           : loaded 2 times (x 73B)
Class org.jetbrains.kotlin.gradle.dsl.KotlinCommonCompilerOptionsExtensionsKt$usesK2$1: loaded 2 times (x 76B)
Class com.android.build.gradle.internal.ide.v2.LibraryInfoImpl                        : loaded 2 times (x 86B)
Class com.google.wireless.android.sdk.stats.GradleBuildProfileSpan$Builder            : loaded 2 times (x 317B)
Class com.android.build.gradle.internal.EmulatorComponents$Companion                  : loaded 2 times (x 73B)
Class com.sun.xml.bind.v2.runtime.property.UnmarshallerChain                          : loaded 2 times (x 74B)
Class com.sun.istack.SAXException2                                                    : loaded 2 times (x 85B)
Class com.sun.xml.bind.v2.runtime.unmarshaller.TextLoader                             : loaded 2 times (x 80B)
Class com.sun.xml.bind.v2.TODO                                                        : loaded 2 times (x 73B)
Class com.sun.xml.bind.v2.model.runtime.RuntimeElementPropertyInfo                    : loaded 2 times (x 72B)
Class com.sun.xml.bind.v2.model.nav.ReflectionNavigator$4                             : loaded 2 times (x 79B)
Class com.sun.xml.bind.v2.model.impl.RuntimeBuiltinLeafInfoImpl$20                    : loaded 2 times (x 138B)
Class com.android.sdklib.repository.generated.sysimg.v2.ObjectFactory                 : loaded 2 times (x 77B)
Class com.android.build.gradle.internal.SdkComponentsBuildService$VersionedSdkLoader$additionalLibrariesProvider$1: loaded 2 times (x 77B)
Class com.android.build.gradle.internal.GradleLocalPropertiesFactory                  : loaded 2 times (x 73B)
Class com.android.build.gradle.internal.tasks.factory.BootClasspathConfigImpl$bootClasspath$2$1: loaded 2 times (x 77B)
Class com.android.build.gradle.internal.scope.InternalArtifactType$UNIT_TEST_RESULTS  : loaded 2 times (x 76B)
Class com.android.build.gradle.internal.HostTestTaskManager$setupAssembleTasks$2      : loaded 2 times (x 77B)
Class com.android.build.gradle.internal.tasks.DexFileDependenciesTask$CreationAction$handleProvider$2: loaded 2 times (x 133B)
Class com.android.build.gradle.internal.scope.InternalArtifactType$PROJECT_DEX_ARCHIVE: loaded 2 times (x 76B)
Class org.jetbrains.kotlin.gradle.utils.StringUtilsKt$lowerCamelCaseName$1            : loaded 2 times (x 131B)
Class org.jetbrains.kotlin.gradle.plugin.mpp.compilationImpl.DefaultKotlinCompilationFriendPathsResolver$DefaultFriendArtifactResolver: loaded 2 times (x 76B)
Class org.jetbrains.kotlin.gradle.dsl.KotlinCompile                                   : loaded 2 times (x 72B)
Class org.jetbrains.kotlin.gradle.plugin.internal.DefaultConfigurationCacheStartParameterAccessor_Decorated: loaded 2 times (x 123B)
Class org.jetbrains.kotlin.gradle.plugin.internal.DefaultConfigurationCacheStartParameterAccessor: loaded 2 times (x 79B)
Class com.android.build.gradle.tasks.ManifestProcessorTask                            : loaded 2 times (x 341B)
Class com.android.build.api.variant.impl.MetadataRecord                               : loaded 2 times (x 74B)
Class com.android.build.gradle.internal.component.features.AndroidResourcesCreationConfig: loaded 2 times (x 72B)
Class com.android.build.gradle.internal.dsl.ApplicationExtensionImpl$sam$org_gradle_api_Action$0: loaded 2 times (x 77B)
Class com.android.build.gradle.internal.dsl.ApplicationPublishingImpl$AgpDecorated_Decorated: loaded 2 times (x 132B)
Class com.google.common.base.Charsets                                                 : loaded 2 times (x 73B)
Class com.android.build.api.dsl.ComposeOptions                                        : loaded 2 times (x 72B)
Class com.android.build.gradle.internal.dsl.NdkOptions$DebugSymbolLevel               : loaded 2 times (x 81B)
Class org.jetbrains.kotlin.gradle.tasks.configuration.AbstractKotlinCompileConfig     : loaded 2 times (x 74B)
Class com.android.build.api.dsl.VectorDrawables                                       : loaded 2 times (x 72B)
Class com.android.build.gradle.internal.dsl.ViewBindingOptionsImpl                    : loaded 2 times (x 86B)
Class com.android.build.gradle.internal.dsl.ResourcesPackagingImpl                    : loaded 2 times (x 84B)
Class com.android.build.gradle.internal.dsl.BundleOptions                             : loaded 2 times (x 137B)
Class com.android.build.gradle.internal.services.BuiltInKotlinServicesKt$initBuiltInKotlinSupportIfRequired$3: loaded 2 times (x 77B)
Class org.jetbrains.kotlin.gradle.dsl.JvmTarget$Companion                             : loaded 2 times (x 73B)
Class org.jetbrains.kotlin.gradle.internal.properties.NativePropertiesLoader$downloadFromMaven$1: loaded 2 times (x 77B)
Class com.android.build.gradle.internal.SdkComponentsBuildService$Parameters          : loaded 2 times (x 72B)
Class com.android.build.gradle.internal.services.AndroidLocationsBuildService$androidLocations$1$1: loaded 2 times (x 77B)
Class com.android.build.gradle.options.FeatureStage$Supported                         : loaded 2 times (x 74B)
Class com.google.common.util.concurrent.MoreExecutors                                 : loaded 2 times (x 73B)
Class org.jetbrains.kotlin.gradle.plugin.mpp.compilationImpl.KotlinCompilationImpl$attributes$2: loaded 2 times (x 81B)
Class org.jetbrains.kotlin.gradle.plugin.mpp.InternalKotlinCompilationKt              : loaded 2 times (x 73B)
Class com.android.build.api.artifact.impl.InternalScopedArtifact$FINAL_TRANSFORMED_CLASSES: loaded 2 times (x 76B)
Class com.android.build.gradle.internal.tasks.DexArchiveBuilderTask$CreationAction$handleProvider$7: loaded 2 times (x 133B)
Class com.android.build.api.variant.impl.SigningConfigImpl$enableV1Signing$1          : loaded 2 times (x 77B)
Class com.android.build.gradle.tasks.PackageAndroidArtifact$Companion                 : loaded 2 times (x 73B)
Class com.android.build.gradle.internal.tasks.MergeArtProfileTask$CreationAction$handleProvider$1: loaded 2 times (x 133B)
Class com.android.build.gradle.internal.tasks.BundleToStandaloneApkTask$CreationAction$handleProvider$1: loaded 2 times (x 133B)
Class com.android.build.api.variant.SourceDirectories$Flat                            : loaded 2 times (x 72B)
Class com.android.build.gradle.internal.dependency.ExtractProGuardRulesTransform$Inject_1: loaded 2 times (x 111B)
Class com.android.build.gradle.internal.publishing.VariantPublishingSpecImpl          : loaded 2 times (x 79B)
Class com.android.build.gradle.internal.utils.ConsoleProgressIndicatorFactory$isTerminalSmart$2$1: loaded 2 times (x 76B)
Class com.sun.xml.bind.v2.model.impl.RuntimeBuiltinLeafInfoImpl$1                     : loaded 2 times (x 78B)
Class com.sun.xml.bind.v2.model.impl.ERPropertyInfoImpl                               : loaded 2 times (x 110B)
Class com.google.common.collect.AbstractMapBasedMultimap$WrappedSet                   : loaded 2 times (x 144B)
Class com.google.common.io.CharSource                                                 : loaded 2 times (x 87B)
Class com.android.build.gradle.internal.ide.v2.AndroidLibraryDataImpl$Companion       : loaded 2 times (x 73B)
Class com.android.build.gradle.internal.ide.dependencies.GraphEdgeCacheImpl           : loaded 2 times (x 77B)
Class com.android.build.gradle.internal.ide.v2.AndroidDslImpl$Companion               : loaded 2 times (x 73B)
Class com.android.build.gradle.internal.ide.v2.SourceSetContainerImpl                 : loaded 2 times (x 82B)
Class [Lcom.sun.xml.bind.v2.model.core.PropertyInfo;                                  : loaded 2 times (x 71B)
Class com.sun.xml.bind.v2.model.nav.ReflectionNavigator$5                             : loaded 2 times (x 79B)
Class com.sun.xml.bind.v2.model.impl.RuntimeBuiltinLeafInfoImpl$21                    : loaded 2 times (x 138B)
Class com.sun.xml.bind.v2.model.runtime.RuntimeTypeInfo                               : loaded 2 times (x 72B)
Class com.android.sdklib.repository.IdDisplay                                         : loaded 2 times (x 82B)
Class com.android.build.gradle.internal.scope.InternalArtifactType$SOURCE_JAR         : loaded 2 times (x 76B)
Class com.android.build.api.variant.impl.DirectoryEntry$Kind                          : loaded 2 times (x 81B)
Class com.android.build.api.variant.impl.FlatSourceDirectoriesImpl                    : loaded 2 times (x 95B)
Class com.android.build.gradle.internal.scope.InternalArtifactType$COMPILE_SYMBOL_LIST: loaded 2 times (x 76B)
Class com.android.build.api.artifact.impl.InAndOutDirectoryOperationRequestImpl$Companion$initializeInput$1: loaded 2 times (x 77B)
Class com.android.build.gradle.internal.core.dsl.HostTestComponentDslInfo             : loaded 2 times (x 72B)
Class [Lcom.android.build.api.variant.VariantOutputConfiguration$OutputType;          : loaded 2 times (x 71B)
Class com.android.build.api.component.impl.AnnotationProcessorImpl                    : loaded 2 times (x 79B)
Class com.android.build.api.variant.impl.PackagingImpl                                : loaded 2 times (x 82B)
Class [Lcom.android.build.gradle.internal.profile.ProfilingMode;                      : loaded 2 times (x 71B)
Class com.android.build.gradle.internal.dsl.TargetSdkVersionImpl                      : loaded 2 times (x 78B)
Class com.android.build.gradle.internal.TaskManager$ConfigAttrTask                    : loaded 2 times (x 322B)
Class com.android.builder.core.AbstractBuildType$Companion                            : loaded 2 times (x 73B)
Class com.android.builder.testing.api.TestServer                                      : loaded 2 times (x 76B)
Class com.android.build.gradle.internal.dsl.ShaderOptions_Decorated                   : loaded 2 times (x 132B)
Class com.sun.xml.bind.v2.model.impl.ElementPropertyInfoImpl$1                        : loaded 2 times (x 202B)
Class com.android.build.api.dsl.KmpOptimization                                       : loaded 2 times (x 72B)
Class com.android.build.gradle.internal.dsl.decorator.SupportedPropertyType$Var       : loaded 2 times (x 76B)
Class com.android.builder.signing.DefaultSigningConfig                                : loaded 2 times (x 111B)
Class org.jetbrains.kotlin.gradle.plugin.internal.DefaultProjectIsolationStartParameterAccessor: loaded 2 times (x 79B)
Class org.jetbrains.kotlin.gradle.utils.GradleConfigurationUtilsKt$addGradlePluginMetadataAttributes$1: loaded 2 times (x 77B)
Class org.jetbrains.kotlin.gradle.plugin.KaptExtension                                : loaded 2 times (x 138B)
Class org.jetbrains.kotlin.gradle.dsl.KotlinAndroidExtension                          : loaded 2 times (x 72B)
Class org.jetbrains.kotlin.gradle.plugin.AbstractKotlinMultiplatformPluginWrapper     : loaded 2 times (x 88B)
Class com.android.build.gradle.internal.services.LintClassLoaderBuildService$RegistrationAction: loaded 2 times (x 76B)
Class com.android.build.gradle.internal.utils.GradleEnvironmentProvider               : loaded 2 times (x 72B)
Class [Lcom.google.wireless.android.sdk.stats.GradleBuildProfileSpan$ExecutionType;   : loaded 2 times (x 71B)
Class com.android.build.gradle.internal.utils.AnalyticsSettingsUtils$analyticsEnabledProvider$1: loaded 2 times (x 76B)
Class javax.xml.bind.annotation.adapters.XmlJavaTypeAdapter$DEFAULT                   : loaded 2 times (x 73B)
Class com.android.utils.Environment$Companion$SYSTEM$1                                : loaded 2 times (x 76B)
Class com.android.build.gradle.internal.TaskManager                                   : loaded 2 times (x 84B)
Class com.android.build.gradle.AppPluginKt                                            : loaded 2 times (x 73B)
Class org.gradle.api.specs.Spec                                                       : loaded 2 times (x 72B)
Class com.android.sdklib.repository.generated.common.v1.ApiDetailsType                : loaded 2 times (x 115B)
Class com.sun.xml.bind.v2.runtime.property.ArrayElementLeafProperty                   : loaded 2 times (x 107B)
Class com.android.build.gradle.internal.ide.v2.SourceSetContainerImpl$Companion       : loaded 2 times (x 73B)
Class [Lorg.jetbrains.kotlin.build.report.metrics.BuildAttribute;                     : loaded 2 times (x 71B)
Class org.jetbrains.kotlin.gradle.utils.ProviderApiUtilsKt$mapOrNull$1$1              : loaded 2 times (x 77B)
Class com.android.build.gradle.internal.testFixtures.TestFixturesUtil                 : loaded 2 times (x 73B)
Class com.google.common.collect.MapMaker                                              : loaded 2 times (x 74B)
Class com.google.common.reflect.Types$JavaVersion                                     : loaded 2 times (x 85B)
Class org.apache.commons.io.file.PathFilter                                           : loaded 2 times (x 72B)
Class com.android.builder.model.v2.ide.GraphItem                                      : loaded 2 times (x 72B)
Class com.android.build.gradle.internal.signing.SigningConfigDataProvider$Companion   : loaded 2 times (x 73B)
Class com.android.build.gradle.internal.scope.InternalArtifactType$DATA_BINDING_BASE_CLASS_SOURCE_OUT: loaded 2 times (x 76B)
Class org.jetbrains.kotlin.gradle.tasks.KotlinCompile$disableMultiModuleIC$2          : loaded 2 times (x 81B)
Class org.jetbrains.kotlin.gradle.tasks.GradleCompileTaskProviderKt                   : loaded 2 times (x 73B)
Class com.android.sdklib.repository.generated.addon.v3.ExtraDetailsType               : loaded 2 times (x 87B)
Class com.sun.xml.bind.v2.model.impl.RuntimeBuiltinLeafInfoImpl$22                    : loaded 2 times (x 138B)
Class com.sun.xml.bind.v2.model.nav.ReflectionNavigator$6                             : loaded 2 times (x 83B)
Class com.android.sdklib.BuildToolInfo$PathId                                         : loaded 2 times (x 81B)
Class com.android.build.gradle.internal.dependency.BaseDexingTransform$Parameters     : loaded 2 times (x 72B)
Class com.android.build.gradle.internal.dependency.AarToClassTransform$Inject_1       : loaded 2 times (x 111B)
Class com.android.build.gradle.internal.tasks.CheckJetifierTask                       : loaded 2 times (x 333B)
Class com.android.build.api.variant.ManifestFiles                                     : loaded 2 times (x 72B)
Class com.android.build.api.variant.LibraryVariant                                    : loaded 2 times (x 72B)
Class com.android.build.gradle.internal.tasks.GlobalSyntheticsMergeTask$CreationAction$handleProvider$1: loaded 2 times (x 133B)
Class com.android.build.gradle.internal.scope.InternalArtifactType$INTERMEDIARY_BUNDLE: loaded 2 times (x 76B)
Class org.jetbrains.kotlin.gradle.plugin.mpp.compilationImpl.KotlinCompilationImpl$Params: loaded 2 times (x 74B)
Class com.android.build.gradle.tasks.KotlinTaskCreationAction$registerTask$1          : loaded 2 times (x 77B)
Class org.jetbrains.kotlin.gradle.tasks.configuration.BaseKotlinCompileConfig$Companion: loaded 2 times (x 73B)
Class com.android.build.gradle.internal.tasks.creationconfig.ProcessJavaResCreationConfig: loaded 2 times (x 72B)
Class com.android.build.api.variant.ResourcesPackaging                                : loaded 2 times (x 72B)
Class com.android.build.gradle.internal.tasks.factory.TaskConfigAction                : loaded 2 times (x 72B)
Class com.android.build.gradle.internal.dsl.AndroidTestImpl$AgpDecorated_Decorated    : loaded 2 times (x 127B)
Class com.android.build.api.artifact.impl.ScopedArtifactsImpl                         : loaded 2 times (x 77B)
Class com.android.build.api.artifact.impl.ArtifactsImpl                               : loaded 2 times (x 85B)
Class com.android.build.gradle.internal.core.ToolExecutionOptions                     : loaded 2 times (x 74B)
Class com.android.build.gradle.LintLifecycleExtensionImpl                             : loaded 2 times (x 82B)
Class com.android.build.gradle.internal.api.artifact.SourceArtifactType$JNI_LIBS      : loaded 2 times (x 76B)
Class com.android.build.gradle.internal.dsl.CoreShaderOptions                         : loaded 2 times (x 72B)
Class com.android.build.api.dsl.ScreenshotTestSuite                                   : loaded 2 times (x 72B)
Class com.android.build.gradle.internal.dsl.decorator.SupportedPropertyType$Var$Custom: loaded 2 times (x 76B)
Class com.android.build.gradle.internal.dsl.AgpDslLockedException                     : loaded 2 times (x 84B)
Class org.jetbrains.kotlin.gradle.targets.native.toolchain.KotlinNativeBundleBuildService$Companion$registerIfAbsent$2$1: loaded 2 times (x 81B)
Class org.jetbrains.kotlin.build.report.metrics.GradleBuildPerformanceMetric$Companion: loaded 2 times (x 73B)
Class org.jetbrains.kotlin.gradle.plugin.internal.MavenPublicationComponentAccessor$Factory: loaded 2 times (x 72B)
Class com.android.build.gradle.internal.services.Aapt2DaemonBuildService              : loaded 2 times (x 82B)
Class com.android.build.gradle.internal.ide.v2.GlobalSyncService                      : loaded 2 times (x 82B)
Class [Lcom.google.protobuf.ProtocolMessageEnum;                                      : loaded 2 times (x 71B)
Class com.google.protobuf.LazyStringArrayList                                         : loaded 2 times (x 316B)
Class kotlinx.coroutines.flow.StateFlowImpl                                           : loaded 2 times (x 105B)
Class com.android.build.gradle.internal.scope.ProjectInfo                             : loaded 2 times (x 74B)
Class [Lorg.objectweb.asm.Attribute;                                                  : loaded 2 times (x 71B)
Class com.android.build.api.variant.HasAndroidResources                               : loaded 2 times (x 72B)
Class com.android.build.gradle.internal.component.VariantCreationConfig               : loaded 2 times (x 72B)
Class com.android.build.api.variant.VariantBuilder                                    : loaded 2 times (x 72B)
Class com.android.build.gradle.internal.dsl.InternalApplicationExtension              : loaded 2 times (x 72B)
Class jdk.internal.jimage.ImageReader$SharedImageReader$LocationVisitor               : loaded 2 times (x 72B)
Class jdk.internal.jrtfs.SystemImage$2                                                : loaded 2 times (x 78B)
Class com.android.build.gradle.internal.variant.VariantInputModel                     : loaded 2 times (x 72B)
Class com.android.build.gradle.internal.errors.MessageReceiverImpl                    : loaded 2 times (x 77B)
Class [Lcom.android.ide.common.blame.Message$Kind;                                    : loaded 2 times (x 71B)
Class com.google.gson.JsonSerializer                                                  : loaded 2 times (x 72B)
Class com.android.build.gradle.internal.profile.AnalyticsConfiguratorService$Params_Decorated: loaded 2 times (x 132B)
Class com.google.protobuf.GeneratedMessage$GeneratedExtension                         : loaded 2 times (x 89B)
Class com.google.wireless.android.sdk.stats.JavaProcessStats$1                        : loaded 2 times (x 153B)
Class com.android.build.gradle.internal.plugins.BasePlugin$configureProject$2         : loaded 2 times (x 77B)
Class com.android.build.gradle.internal.scope.ArtifactTypeUtil$getDirectories$1       : loaded 2 times (x 77B)
Class com.android.build.gradle.internal.ide.v2.BuildTypeImpl                          : loaded 2 times (x 104B)
Class com.android.build.gradle.internal.res.LinkApplicationAndroidResourcesTask$BaseCreationAction$configure$1: loaded 2 times (x 76B)
Class org.jetbrains.kotlin.gradle.tasks.configuration.AbstractKotlinCompileConfig$1$1 : loaded 2 times (x 76B)
Class org.jetbrains.kotlin.gradle.tasks.KotlinCompile$kotlinOptions$1                 : loaded 2 times (x 81B)
Class com.sun.xml.bind.v2.model.nav.ParameterizedTypeImpl                             : loaded 2 times (x 87B)
Class com.sun.xml.bind.v2.runtime.reflect.Accessor$GetterSetterReflection             : loaded 2 times (x 87B)
Class com.sun.xml.bind.v2.model.impl.RuntimeBuiltinLeafInfoImpl$23                    : loaded 2 times (x 138B)
Class javax.activation.DataHandler                                                    : loaded 2 times (x 94B)
Class com.sun.xml.bind.v2.model.runtime.RuntimeTypeInfoSet                            : loaded 2 times (x 72B)
Class com.sun.xml.bind.v2.model.impl.TypeInfoSetImpl                                  : loaded 2 times (x 113B)
Class javax.xml.bind.JAXBException                                                    : loaded 2 times (x 87B)
Class com.android.repository.api.RepoPackage                                          : loaded 2 times (x 72B)
Class com.android.build.gradle.internal.ide.v2.VersionImpl                            : loaded 2 times (x 79B)
Class com.android.build.gradle.internal.dependency.CollectClassesTransform$Inject_1   : loaded 2 times (x 111B)
Class com.android.build.gradle.internal.dependency.PlatformAttrTransform$Inject_1     : loaded 2 times (x 111B)
Class [Lcom.android.build.gradle.internal.SdkLibDataFactory$Environment$SystemProperty;: loaded 2 times (x 71B)
Class com.android.build.gradle.tasks.AnalyzeDependenciesTask$CreationAction$handleProvider$1: loaded 2 times (x 133B)
Class com.android.build.gradle.internal.testing.utp.UtpTestUtilsKt                    : loaded 2 times (x 73B)
Class com.android.build.api.variant.impl.ManifestFilesImpl$addSource$1                : loaded 2 times (x 77B)
Class org.jetbrains.kotlin.tooling.core.ExtrasLazyProperty                            : loaded 2 times (x 72B)
Class org.jetbrains.kotlin.gradle.utils.StringUtilsKt                                 : loaded 2 times (x 73B)
Class com.android.build.gradle.internal.HostTestTaskManager                           : loaded 2 times (x 84B)
Class com.android.build.api.variant.impl.AndroidResourcesImplKt                       : loaded 2 times (x 73B)
Class com.android.build.gradle.internal.core.dsl.impl.InstrumentedTestDslInfoImpl$functionalTest$2: loaded 2 times (x 76B)
Class com.android.build.VariantOutput$FilterType                                      : loaded 2 times (x 81B)
Class com.android.build.api.attributes.BuildTypeAttr$ImplFactory                      : loaded 2 times (x 77B)
Class com.android.build.api.variant.AndroidResourcesBuilder                           : loaded 2 times (x 72B)
Class com.android.build.gradle.api.AndroidBasePlugin                                  : loaded 2 times (x 76B)
Class com.android.build.gradle.internal.plugins.AppPlugin$ApplicationAndroidComponentsExtensionImplCompat_Decorated: loaded 2 times (x 163B)
Class com.android.build.gradle.internal.dsl.AbiSplitOptions$AgpDecorated              : loaded 2 times (x 100B)
Class com.android.build.gradle.internal.dsl.PublishingOptionsImpl                     : loaded 2 times (x 79B)
Class com.android.build.api.artifact.Artifact$Category                                : loaded 2 times (x 81B)
Class com.android.build.gradle.internal.dsl.FusedLibraryExtensionImpl                 : loaded 2 times (x 106B)
Class com.android.build.gradle.internal.dsl.BundleOptionsAiModelVersion               : loaded 2 times (x 83B)
Class com.android.build.api.dsl.Publishing                                            : loaded 2 times (x 72B)
Class org.jetbrains.kotlin.gradle.utils.CompletableFuture                             : loaded 2 times (x 72B)
Class org.jetbrains.kotlin.build.report.metrics.BuildPerformanceMetric                : loaded 2 times (x 72B)
Class org.jetbrains.kotlin.gradle.plugin.internal.JavaExecTaskParametersCompatibility : loaded 2 times (x 72B)
Class [Lcom.android.build.gradle.internal.profile.AnalyticsConfiguratorService$State; : loaded 2 times (x 71B)
Class org.jetbrains.kotlin.gradle.internal.IdeaKt$isInIdeaSync$1                      : loaded 2 times (x 76B)
Class com.google.protobuf.UninitializedMessageException                               : loaded 2 times (x 86B)
Class com.android.builder.errors.IssueReporter$Type                                   : loaded 2 times (x 81B)
Class com.android.build.api.dsl.TargetSdkVersion                                      : loaded 2 times (x 72B)
Class org.jetbrains.kotlin.gradle.internal.ClassLoadersCachingBuildService$Companion  : loaded 2 times (x 73B)
Class org.jetbrains.kotlin.gradle.targets.native.toolchain.KotlinNativeBundleBuildService$Parameters_Decorated: loaded 2 times (x 141B)
Class org.jetbrains.kotlin.gradle.plugin.sources.KotlinSourceSetFactory               : loaded 2 times (x 82B)
Class org.jetbrains.kotlin.gradle.plugin.KotlinSourceSetTree                          : loaded 2 times (x 74B)
Class com.android.build.gradle.internal.dsl.BuildType                                 : loaded 2 times (x 370B)
Class com.android.build.gradle.internal.dsl.decorator.LockableMap                     : loaded 2 times (x 129B)
Class com.android.build.gradle.internal.dsl.ExternalNativeBuild                       : loaded 2 times (x 93B)
Class com.android.build.gradle.internal.dsl.BaselineProfileImpl                       : loaded 2 times (x 81B)
Class com.android.builder.core.DefaultVectorDrawablesOptions                          : loaded 2 times (x 82B)
Class com.android.build.gradle.internal.dsl.decorator.ApplicationInstallationImpl$AgpDecorated: loaded 2 times (x 101B)
Class com.android.build.gradle.internal.CompileOptions$Companion                      : loaded 2 times (x 73B)
Class com.android.build.gradle.internal.services.VariantServices                      : loaded 2 times (x 72B)
Class com.android.build.gradle.internal.attributes.VariantAttr$Companion              : loaded 2 times (x 73B)
Class com.android.build.gradle.internal.variant.VariantPathHelper$Companion           : loaded 2 times (x 73B)
Class com.android.build.gradle.internal.dependency.ProvidedClasspathSubtractor$getFileCollection$1: loaded 2 times (x 77B)
Class com.android.build.api.variant.impl.JniLibsPackagingImpl$keepDebugSymbols$1      : loaded 2 times (x 77B)
Class com.android.build.api.artifact.impl.MultipleArtifactContainer                   : loaded 2 times (x 77B)
Class com.google.common.io.LineReader$1                                               : loaded 2 times (x 77B)
Class com.google.common.collect.CollectSpliterators                                   : loaded 2 times (x 73B)
Class com.google.common.collect.MapMakerInternalMap$StrongKeyDummyValueEntry          : loaded 2 times (x 84B)
Class com.google.common.reflect.Invokable$MethodInvokable                             : loaded 2 times (x 109B)
Class com.google.common.collect.AbstractMapBasedMultimap$AsMap                        : loaded 2 times (x 130B)
Class com.android.build.gradle.internal.ide.v2.ProjectGraphImpl                       : loaded 2 times (x 78B)
Class com.android.build.gradle.internal.cxx.logging.LoggingEnvironmentKt              : loaded 2 times (x 73B)
Class com.android.build.gradle.internal.ide.v2.ProductFlavorImpl                      : loaded 2 times (x 113B)
Class org.jetbrains.kotlin.gradle.tasks.configuration.AbstractKotlinCompileConfig$getClasspathSnapshotDir$1: loaded 2 times (x 76B)
Class org.jetbrains.kotlin.gradle.tasks.configuration.AbstractKotlinCompileConfig$1$2 : loaded 2 times (x 76B)
Class com.sun.xml.bind.v2.runtime.reflect.Lister                                      : loaded 2 times (x 78B)
Class com.sun.xml.bind.v2.model.core.NonElementRef                                    : loaded 2 times (x 72B)
Class com.sun.xml.bind.v2.model.impl.RegistryInfoImpl                                 : loaded 2 times (x 82B)
Class com.sun.xml.bind.v2.model.annotation.XmlAttributeQuick                          : loaded 2 times (x 95B)
Class com.sun.xml.bind.v2.model.impl.RuntimeBuiltinLeafInfoImpl$24                    : loaded 2 times (x 139B)
Class com.sun.xml.bind.Util                                                           : loaded 2 times (x 73B)
Class com.android.sdklib.repository.generated.common.v3.ObjectFactory                 : loaded 2 times (x 77B)
Class com.android.sdklib.repository.generated.addon.v4.ObjectFactory                  : loaded 2 times (x 82B)
Class com.android.repository.api.SchemaModule                                         : loaded 2 times (x 78B)
Class [Lcom.android.sdklib.BuildToolInfo$PathId;                                      : loaded 2 times (x 71B)
Class com.android.build.gradle.internal.api.TestVariantImpl_Decorated                 : loaded 2 times (x 308B)
Class com.android.build.gradle.internal.dependency.EnumerateClassesTransform          : loaded 2 times (x 80B)
Class com.android.build.api.component.impl.DefaultSourcesProviderImpl$getJniLibs$1    : loaded 2 times (x 133B)
Class org.jetbrains.kotlin.gradle.tasks.configuration.TaskConfigAction                : loaded 2 times (x 74B)
Class com.android.build.gradle.internal.tasks.TestPreBuildTask$CreationAction         : loaded 2 times (x 93B)
Class com.android.build.gradle.internal.publishing.ArtifactCategory                   : loaded 2 times (x 81B)
Class com.android.build.api.variant.TestSuite                                         : loaded 2 times (x 72B)
Class com.android.build.api.variant.ApplicationAndroidResources                       : loaded 2 times (x 72B)
Class com.android.build.gradle.internal.plugins.BasePlugin$createTasks$2$1            : loaded 2 times (x 77B)
Class com.android.build.gradle.internal.ide.v2.NativeModelBuilder                     : loaded 2 times (x 88B)
Class com.google.wireless.android.sdk.stats.GradleBuildProject$1                      : loaded 2 times (x 78B)
Class com.android.build.gradle.internal.dsl.TestOptions$UnitTestOptions               : loaded 2 times (x 86B)
Class com.android.build.api.dsl.MultiDexConfig                                        : loaded 2 times (x 72B)
Class com.android.build.gradle.internal.dsl.AbiSplitOptions                           : loaded 2 times (x 97B)
Class org.jetbrains.kotlin.gradle.plugin.AndroidProjectHandler                        : loaded 2 times (x 74B)
Class com.android.build.gradle.api.BaseVariant                                        : loaded 2 times (x 72B)
Class org.jetbrains.kotlin.gradle.plugin.KotlinTarget                                 : loaded 2 times (x 72B)
Class com.android.build.gradle.internal.services.BuiltInKotlinServicesKt              : loaded 2 times (x 73B)
Class com.android.build.gradle.internal.profile.AnalyticsConfiguratorService$Params   : loaded 2 times (x 72B)
Class org.jetbrains.kotlin.gradle.plugin.mpp.compilationImpl.factory.DefaultKotlinCompilationOutputFactory: loaded 2 times (x 76B)
Class com.android.build.gradle.internal.lint.LintFromMaven                            : loaded 2 times (x 74B)
Class jdk.internal.jimage.decompressor.ResourceDecompressorRepository                 : loaded 2 times (x 73B)
Class com.android.build.gradle.internal.tasks.DexArchiveBuilderTask$CreationAction$handleProvider$6: loaded 2 times (x 133B)
Class com.android.build.gradle.internal.tasks.BaseTask$CreationAction                 : loaded 2 times (x 92B)
Class com.android.build.gradle.internal.tasks.SdkDependencyDataGeneratorTask$CreationAction$handleProvider$2: loaded 2 times (x 133B)
Class [Lcom.android.tools.utp.gradle.api.UtpDependency;                               : loaded 2 times (x 71B)
Class com.android.sdklib.repository.generated.addon.v2.package-info                   : loaded 2 times (x 72B)
Class com.android.repository.api.License                                              : loaded 2 times (x 87B)
Class com.sun.xml.bind.v2.model.annotation.LocatableAnnotation                        : loaded 2 times (x 87B)
Class com.sun.xml.bind.v2.runtime.property.AttributeProperty                          : loaded 2 times (x 107B)
Class com.sun.xml.bind.v2.runtime.reflect.NullSafeAccessor                            : loaded 2 times (x 87B)
Class com.sun.xml.bind.v2.runtime.reflect.PrimitiveArrayListerShort                   : loaded 2 times (x 78B)
Class com.android.build.gradle.tasks.JdkImageInput$generatedModuleFile$1              : loaded 2 times (x 76B)
Class org.jetbrains.kotlin.gradle.tasks.AbstractKotlinCompileTool$sources$1           : loaded 2 times (x 81B)
Class com.android.build.gradle.internal.ide.v2.VariantImpl$Companion                  : loaded 2 times (x 73B)
Class com.android.build.gradle.internal.feature.BundleAllClasses_Decorated            : loaded 2 times (x 387B)
Class org.apache.commons.io.output.ByteArrayOutputStream                              : loaded 2 times (x 104B)
Class com.google.common.reflect.TypeResolver$TypeVariableKey                          : loaded 2 times (x 74B)
Class jdk.internal.jrtfs.SystemImage$1                                                : loaded 2 times (x 80B)
Class com.android.build.gradle.internal.plugins.BasePlugin                            : loaded 2 times (x 96B)
Class com.android.build.api.variant.AndroidComponents                                 : loaded 2 times (x 72B)
Class com.android.build.gradle.internal.core.dsl.ComponentDslInfo                     : loaded 2 times (x 72B)
Class com.android.build.gradle.options.IntegerOption                                  : loaded 2 times (x 87B)
Class com.google.common.collect.AbstractBiMap$Inverse                                 : loaded 2 times (x 164B)
Class com.google.protobuf.AbstractParser                                              : loaded 2 times (x 152B)
Class com.android.build.gradle.internal.services.StringCachingBuildService$RegistrationAction: loaded 2 times (x 76B)
Class com.google.common.collect.AbstractMapBasedMultimap$WrappedList                  : loaded 2 times (x 207B)
Class com.android.build.gradle.internal.ide.v2.AaptOptionsImpl$Companion              : loaded 2 times (x 73B)
Class com.android.build.gradle.internal.ide.v2.AndroidProjectImpl$Companion           : loaded 2 times (x 73B)
Class com.android.build.gradle.internal.dependency.MockableJarTransform$Parameters$Inject_: loaded 2 times (x 112B)
Class com.android.build.gradle.internal.ide.v2.ApiVersionImpl$Companion               : loaded 2 times (x 73B)
Class [Lorg.jetbrains.kotlin.build.report.metrics.BuildAttributeKind;                 : loaded 2 times (x 71B)
Class org.jetbrains.kotlin.gradle.tasks.K2MultiplatformStructure                      : loaded 2 times (x 76B)
Class com.android.sdklib.repository.targets.OptionalLibraryImpl                       : loaded 2 times (x 86B)
Class com.sun.xml.bind.v2.runtime.unmarshaller.DefaultIDResolver$1                    : loaded 2 times (x 78B)
Class com.sun.xml.bind.v2.runtime.reflect.Accessor$FieldReflection                    : loaded 2 times (x 87B)
Class com.sun.xml.bind.v2.model.runtime.RuntimeNonElementRef                          : loaded 2 times (x 72B)
Class com.sun.xml.bind.v2.runtime.unmarshaller.Base64Data                             : loaded 2 times (x 93B)
Class com.android.build.gradle.internal.scope.InternalArtifactType$COMPILED_LOCAL_RESOURCES: loaded 2 times (x 76B)
Class com.android.build.gradle.internal.scope.InternalArtifactType$JAVA_RES_COMPRESSED_JAR: loaded 2 times (x 76B)
Class com.android.build.gradle.internal.SdkLibDataFactory$Environment                 : loaded 2 times (x 74B)
Class com.android.build.gradle.internal.test.TestDataImpl                             : loaded 2 times (x 111B)
Class com.android.build.gradle.internal.tasks.BundleIdeModelProducerTask              : loaded 2 times (x 338B)
Class org.jetbrains.kotlin.gradle.plugin.mpp.compilationImpl.KotlinCompilationSourceSetsContainer: loaded 2 times (x 72B)
Class org.jetbrains.kotlin.gradle.plugin.diagnostics.KotlinToolingDiagnosticsCollector$Parameter: loaded 2 times (x 72B)
Class org.jetbrains.kotlin.gradle.plugin.diagnostics.KotlinToolingDiagnosticsCollectorKt$kotlinToolingDiagnosticsCollectorProvider$1: loaded 2 times (x 77B)
Class org.jetbrains.kotlin.compilerRunner.CompilerSystemPropertiesService$Parameters  : loaded 2 times (x 72B)
Class com.android.build.api.artifact.ScopedArtifact                                   : loaded 2 times (x 76B)
Class com.android.build.api.component.impl.features.RenderscriptCreationConfigImpl    : loaded 2 times (x 79B)
Class com.android.build.api.variant.ApplicationAndroidResourcesBuilder                : loaded 2 times (x 72B)
Class com.android.build.gradle.internal.ide.v2.ModelBuilder                           : loaded 2 times (x 82B)
Class com.google.wireless.android.sdk.stats.GradleBuildProject$2                      : loaded 2 times (x 153B)
Class com.android.build.gradle.internal.plugins.BasePlugin$configureProject$1         : loaded 2 times (x 77B)
Class com.android.build.gradle.internal.dsl.JniLibsPackagingImpl$AgpDecorated         : loaded 2 times (x 95B)
Class com.android.build.api.artifact.ArtifactKind$FILE                                : loaded 2 times (x 74B)
Class com.android.build.gradle.internal.dsl.AnnotationProcessorOptions                : loaded 2 times (x 104B)
Class com.android.build.gradle.internal.dsl.AarMetadataImpl                           : loaded 2 times (x 95B)
Class com.android.build.gradle.internal.dsl.decorator.SupportedPropertyType$Var$Boolean: loaded 2 times (x 76B)
Class com.android.build.gradle.internal.dsl.VariantDimensionBinaryCompatibilityFix    : loaded 2 times (x 72B)
Class org.jetbrains.kotlin.gradle.plugin.ProjectLocalConfigurations                   : loaded 2 times (x 73B)
Class org.jetbrains.kotlin.gradle.plugin.mpp.KotlinUsages$KotlinUsagesDisambiguation  : loaded 2 times (x 78B)
Class org.jetbrains.kotlin.tooling.core.Extras$Key$Companion                          : loaded 2 times (x 73B)
Class org.jetbrains.kotlin.tooling.core.Extras$Key                                    : loaded 2 times (x 74B)
Class com.android.build.gradle.internal.utils.GradleEnvironmentProviderImpl           : loaded 2 times (x 78B)
Class com.google.protobuf.Internal$LongList                                           : loaded 2 times (x 72B)
Class com.google.gson.internal.$Gson$Types                                            : loaded 2 times (x 73B)
Class com.google.gson.JsonDeserializer                                                : loaded 2 times (x 72B)
Class com.android.build.gradle.internal.AvdComponentsBuildService$Parameters_Decorated: loaded 2 times (x 159B)
Class com.android.build.gradle.options.OptionalBooleanOption                          : loaded 2 times (x 87B)
Class com.android.build.gradle.internal.variant.ApplicationVariantFactory             : loaded 2 times (x 108B)
Class com.android.build.gradle.internal.dsl.DeclarativeApplicationExtensionImpl       : loaded 2 times (x 395B)
Class org.gradle.accessors.dm.LibrariesForLibsInPluginsBlock                          : loaded 2 times (x 88B)
Class jdk.internal.jimage.ImageReader$Directory                                       : loaded 2 times (x 86B)
Class org.jetbrains.kotlin.gradle.plugin.KotlinBaseApiPlugin$kotlinExtension$2        : loaded 2 times (x 81B)
Class org.jetbrains.kotlin.gradle.plugin.BuildFinishedListenerService                 : loaded 2 times (x 82B)
Class org.jetbrains.kotlin.gradle.plugin.BuildFinishedListenerService$Companion       : loaded 2 times (x 73B)
Class org.jetbrains.kotlin.gradle.plugin.statistics.BuildFusServiceKt                 : loaded 2 times (x 73B)
Class com.android.builder.model.BuildType                                             : loaded 2 times (x 72B)
Class com.android.build.api.dsl.AnnotationProcessorOptions                            : loaded 2 times (x 72B)
Class com.android.build.gradle.internal.dsl.decorator.DslDecorator$Companion          : loaded 2 times (x 73B)
Class com.android.build.gradle.internal.dsl.decorator.DslDecorator$CollectingInfoVisitor: loaded 2 times (x 77B)
Class com.android.build.gradle.internal.dsl.BaselineProfileImpl$AgpDecorated          : loaded 2 times (x 86B)
Class com.android.build.gradle.internal.dsl.EmulatorControl$AgpDecorated_Decorated    : loaded 2 times (x 135B)
Class com.android.build.gradle.internal.dsl.BundleOptionsDeviceTier$AgpDecorated      : loaded 2 times (x 87B)
Class com.android.build.gradle.internal.tasks.SigningConfigUtils                      : loaded 2 times (x 73B)
Class com.android.build.gradle.internal.tasks.UsesAnalytics                           : loaded 2 times (x 72B)
Class com.android.buildanalyzer.common.TaskCategory                                   : loaded 2 times (x 81B)
Class com.android.build.gradle.internal.dsl.CompileSdkSpecImpl$AgpDecorated           : loaded 2 times (x 95B)
Class com.android.build.gradle.internal.testsuites.impl.TestSuiteBuilderImpl$Companion: loaded 2 times (x 73B)
Class com.android.build.gradle.internal.component.DeviceTestCreationConfig            : loaded 2 times (x 72B)
Class com.android.build.gradle.internal.TaskManager$AbstractPreBuildCreationAction    : loaded 2 times (x 93B)
Class com.android.build.gradle.internal.TaskManager$createCompileAnchorTask$1         : loaded 2 times (x 76B)
Class com.google.common.base.Predicates$CompositionPredicate                          : loaded 2 times (x 90B)
Class [Lcom.google.common.collect.Iterators$EmptyModifiableIterator;                  : loaded 2 times (x 71B)
Class com.android.build.gradle.internal.dependency.AarExtractor                       : loaded 2 times (x 74B)
Class com.android.build.gradle.internal.profile.TaskProfilingRecord                   : loaded 2 times (x 77B)
Class com.android.build.gradle.internal.ide.v2.DependenciesInfoImpl                   : loaded 2 times (x 77B)
Class com.android.build.gradle.internal.ide.v2.AndroidGradlePluginProjectFlagsImpl$Companion: loaded 2 times (x 73B)
Class com.android.build.gradle.internal.tasks.factory.BootClasspathConfigImpl$mockableJarArtifact$2$1: loaded 2 times (x 77B)
Class org.jetbrains.kotlin.gradle.tasks.configuration.AbstractKotlinCompileConfig$1$4 : loaded 2 times (x 77B)
Class com.android.build.gradle.internal.ide.v2.BasicVariantImpl                       : loaded 2 times (x 86B)
Class [Lcom.sun.xml.bind.v2.runtime.property.StructureLoaderBuilder;                  : loaded 2 times (x 71B)
Class com.sun.xml.bind.v2.model.impl.RuntimeBuiltinLeafInfoImpl$26                    : loaded 2 times (x 138B)
Class com.sun.xml.bind.v2.model.impl.RuntimeBuiltinLeafInfoImpl$10$1                  : loaded 2 times (x 358B)
Class com.sun.xml.bind.v2.runtime.BinderImpl                                          : loaded 2 times (x 88B)
Class com.sun.xml.bind.v2.model.core.TypeInfo                                         : loaded 2 times (x 72B)
Class com.android.sdklib.repository.generated.common.v3.LibraryType                   : loaded 2 times (x 92B)
Class com.android.build.gradle.internal.PlatformComponents                            : loaded 2 times (x 74B)
Class com.android.build.gradle.internal.scope.InternalArtifactType$TEST_FIXTURES_LINT_PARTIAL_RESULTS: loaded 2 times (x 76B)
Class com.android.build.gradle.internal.utils.D8BackportedMethodsGenerator            : loaded 2 times (x 80B)
Class com.android.build.gradle.internal.cxx.logging.IssueReporterLoggingEnvironmentKt : loaded 2 times (x 73B)
Class com.android.build.gradle.tasks.ProcessTestManifestPackaging$CreationAction$handleProvider$1: loaded 2 times (x 133B)
Class com.android.build.gradle.internal.AndroidTestTaskManager$createVariantPreBuildTask$1: loaded 2 times (x 76B)
Class com.android.build.gradle.internal.scope.InternalArtifactType$D8_METADATA        : loaded 2 times (x 76B)
Class com.android.build.gradle.internal.tasks.OptimizeResourcesTask                   : loaded 2 times (x 342B)
Class com.android.build.gradle.internal.tasks.BundleToApkTask$CreationAction$handleProvider$1: loaded 2 times (x 133B)
Class com.android.build.gradle.internal.tasks.FinalizeBundleTask                      : loaded 2 times (x 342B)
Class org.jetbrains.kotlin.gradle.plugin.sources.DefaultKotlinSourceSetKt             : loaded 2 times (x 73B)
Class com.android.build.gradle.internal.scope.InternalArtifactType$STABLE_RESOURCE_IDS_FILE: loaded 2 times (x 76B)
Class com.android.build.api.component.impl.features.AndroidResourcesCreationConfigImpl: loaded 2 times (x 92B)
Class com.android.builder.core.DefaultApiVersion                                      : loaded 2 times (x 79B)
Class com.android.build.gradle.internal.core.dsl.features.OptimizationDslInfo         : loaded 2 times (x 72B)
Class com.android.build.gradle.internal.utils.SdkUtilsKt                              : loaded 2 times (x 73B)
Class com.android.build.gradle.internal.lint.AndroidLintGlobalTask$GlobalCreationAction: loaded 2 times (x 93B)
Class com.android.build.gradle.internal.api.VariantFilter                             : loaded 2 times (x 82B)
Class com.android.build.gradle.internal.dsl.BundleOptionsTexture$AgpDecorated         : loaded 2 times (x 87B)
Class com.android.build.api.dsl.ManagedVirtualDevice                                  : loaded 2 times (x 72B)
Class com.android.build.gradle.internal.dsl.TestFixturesImpl_Decorated                : loaded 2 times (x 129B)
Class com.android.build.api.dsl.SdkComponents                                         : loaded 2 times (x 72B)
Class com.android.build.gradle.internal.coverage.JacocoOptions                        : loaded 2 times (x 87B)
Class com.android.build.api.artifact.ArtifactKind$DIRECTORY                           : loaded 2 times (x 74B)
Class com.android.build.api.artifact.Artifact$Transformable                           : loaded 2 times (x 72B)
Class com.android.build.gradle.tasks.ManifestProcessor                                : loaded 2 times (x 72B)
Class com.google.common.util.concurrent.AbstractFuture$SynchronizedHelper             : loaded 2 times (x 80B)
Class com.android.build.api.dsl.TestOptions                                           : loaded 2 times (x 72B)
Class com.android.build.api.dsl.AbiSplit                                              : loaded 2 times (x 72B)
Class com.android.build.api.dsl.LibraryVariantDimension                               : loaded 2 times (x 72B)
Class org.jetbrains.kotlin.gradle.plugin.mpp.HierarchyAttributeContainer$1            : loaded 2 times (x 80B)
Class org.jetbrains.kotlin.gradle.dsl.ToolchainSupport                                : loaded 2 times (x 72B)
Class org.jetbrains.kotlin.gradle.plugin.KotlinJsPluginWrapper                        : loaded 2 times (x 88B)
Class org.jetbrains.kotlin.gradle.dsl.KotlinJvmOptions                                : loaded 2 times (x 72B)
Class org.jetbrains.kotlin.gradle.plugin.mpp.InternalKotlinTarget                     : loaded 2 times (x 72B)
Class com.android.build.gradle.internal.services.FakeDependencyJarBuildService$RegistrationAction: loaded 2 times (x 76B)
Class com.android.utils.EnvironmentProvider                                           : loaded 2 times (x 72B)
Class com.google.protobuf.InvalidProtocolBufferException                              : loaded 2 times (x 89B)
Class com.google.common.collect.EnumHashBiMap                                         : loaded 2 times (x 161B)
Class com.android.build.api.artifact.MultipleArtifact$PRE_COMPILATION_CLASSES         : loaded 2 times (x 76B)
Class org.jetbrains.kotlin.gradle.plugin.sources.FragmentConsistencyChecks$optInAnnotationsCheck$2: loaded 2 times (x 80B)
Class com.android.build.gradle.internal.scope.InternalArtifactType$NATIVE_DEBUG_METADATA: loaded 2 times (x 76B)
Class com.android.build.gradle.internal.tasks.InstallVariantTask$CreationAction       : loaded 2 times (x 93B)
Class com.android.build.gradle.internal.tasks.UninstallTask$CreationAction            : loaded 2 times (x 93B)
Class com.android.build.gradle.internal.tasks.SdkDependencyDataGeneratorTask$CreationAction$handleProvider$1: loaded 2 times (x 133B)
Class com.android.build.gradle.internal.dependency.CollectResourceSymbolsTransform    : loaded 2 times (x 80B)
Class com.android.build.gradle.internal.dependency.RecalculateStackFramesTransform$Companion: loaded 2 times (x 73B)
Class com.android.build.gradle.internal.utils.D8BackportedMethodsGenerator$Inject_1   : loaded 2 times (x 111B)
Class com.android.build.gradle.internal.publishing.VariantSpecBuilderImpl             : loaded 2 times (x 92B)
Class com.android.build.gradle.internal.utils.ConsoleProgressIndicatorFactory         : loaded 2 times (x 74B)
Class com.android.build.gradle.internal.SdkLocator$SdkLocationSource$LOCAL_SDK_DIR    : loaded 2 times (x 82B)
Class com.android.sdklib.repository.generated.common.v2.package-info                  : loaded 2 times (x 72B)
Class com.android.repository.impl.generated.v2.ChannelType                            : loaded 2 times (x 85B)
Class org.jetbrains.kotlin.gradle.tasks.CompilerPluginOptions                         : loaded 2 times (x 74B)
Class com.android.build.gradle.internal.dependency.VariantDependencies$getAdditionalArtifacts$1: loaded 2 times (x 77B)
Class com.android.repository.impl.generated.generic.v1.package-info                   : loaded 2 times (x 72B)
Class com.android.build.gradle.internal.ide.v2.BuildTypeImpl$Companion                : loaded 2 times (x 73B)
Class org.jetbrains.kotlin.gradle.tasks.configuration.AbstractKotlinCompileConfig$1$5 : loaded 2 times (x 78B)
Class com.android.build.gradle.internal.api.DefaultAndroidLibrarySourceSet            : loaded 2 times (x 234B)
Class com.sun.xml.bind.v2.model.core.ArrayInfo                                        : loaded 2 times (x 72B)
Class com.sun.xml.bind.v2.runtime.unmarshaller.SAXConnector                           : loaded 2 times (x 103B)
Class com.android.sdklib.repository.generated.common.v3.ApiDetailsType                : loaded 2 times (x 115B)
Class [Lcom.sun.xml.bind.v2.model.annotation.Locatable;                               : loaded 2 times (x 71B)
Class com.sun.xml.bind.v2.model.impl.RuntimeBuiltinLeafInfoImpl$27                    : loaded 2 times (x 138B)
Class com.sun.xml.bind.v2.model.impl.ModelBuilder                                     : loaded 2 times (x 94B)
Class com.android.repository.impl.generated.generic.v1.ObjectFactory                  : loaded 2 times (x 77B)
Class com.android.repository.impl.generated.v1.ChannelRefType                         : loaded 2 times (x 79B)
Class com.android.build.gradle.internal.SdkComponentsBuildService$VersionedSdkLoader$adbExecutableProvider$1: loaded 2 times (x 77B)
Class com.android.build.gradle.internal.tasks.TestPreBuildTask                        : loaded 2 times (x 338B)
Class com.android.build.gradle.internal.tasks.MergeStartupProfileTask$CreationAction$handleProvider$1: loaded 2 times (x 133B)
Class com.android.build.gradle.internal.tasks.featuresplit.FeatureSetMetadataWriterTask$CreationAction$handleProvider$1: loaded 2 times (x 133B)
Class com.android.build.gradle.tasks.PackageApplication$CreationAction$handleProvider$operationRequest$1: loaded 2 times (x 133B)
Class com.android.build.api.variant.impl.SigningConfigImpl$storeFile$1                : loaded 2 times (x 76B)
Class com.android.build.gradle.internal.tasks.factory.features.DexingTaskCreationAction: loaded 2 times (x 72B)
Class org.jetbrains.kotlin.gradle.plugin.hierarchy.KotlinSourceSetTreeClassifier$Property: loaded 2 times (x 74B)
Class org.jetbrains.kotlin.gradle.dsl.KotlinCommonCompilerOptionsHelper               : loaded 2 times (x 73B)
Class com.android.build.gradle.tasks.MergeSourceSetFolders$MergeAssetCreationAction$handleProvider$1: loaded 2 times (x 133B)
Class com.android.build.gradle.internal.scope.InternalArtifactType$COMPILED_NAVIGATION_RES: loaded 2 times (x 76B)
Class com.android.build.gradle.internal.VariantTaskManager$createTasks$1              : loaded 2 times (x 77B)
Class com.android.build.gradle.internal.tasks.ModuleMetadataWriterTask$CreationAction : loaded 2 times (x 92B)
Class com.android.build.gradle.internal.core.dsl.impl.DslInfoCommonKt$getTestComponentNamespace$2$1: loaded 2 times (x 77B)
Class com.android.build.api.variant.impl.ApplicationVariantImpl$addVariantOutput$1    : loaded 2 times (x 77B)
Class com.android.build.gradle.internal.component.legacy.OldVariantApiLegacySupport   : loaded 2 times (x 72B)
Class com.android.build.api.variant.ScopedArtifacts$Scope                             : loaded 2 times (x 81B)
Class com.android.build.gradle.internal.dsl.AbiSplitOptions$AgpDecorated_Decorated    : loaded 2 times (x 146B)
Class com.android.build.gradle.internal.CompileOptions$AgpDecorated                   : loaded 2 times (x 99B)
Class com.android.build.gradle.internal.dsl.BundleOptions$AgpDecorated_Decorated      : loaded 2 times (x 196B)
Class com.android.build.gradle.internal.dsl.BuildFeaturesImpl                         : loaded 2 times (x 112B)
Class com.android.build.gradle.internal.dsl.ExternalNativeNdkBuildOptions             : loaded 2 times (x 111B)
Class com.android.build.gradle.internal.dsl.CmakeOptions                              : loaded 2 times (x 100B)
Class com.sun.xml.bind.v2.runtime.unmarshaller.ProxyLoader                            : loaded 2 times (x 80B)
Class com.google.wireless.android.sdk.stats.GradleBuildVariant$VariantType$1          : loaded 2 times (x 78B)
Class org.jetbrains.kotlin.gradle.internal.properties.PropertiesBuildService$property$1$valueFromGradleAndLocalProperties$1: loaded 2 times (x 77B)
Class org.jetbrains.kotlin.gradle.plugin.KotlinPluginWrapperKt$kotlinToolingVersion$2 : loaded 2 times (x 80B)
Class com.android.build.gradle.internal.errors.OptionInfo                             : loaded 2 times (x 74B)
Class com.android.build.gradle.internal.services.AndroidLocationsBuildService$AndroidDirectoryCreator$Params_Decorated: loaded 2 times (x 134B)
Class com.android.build.gradle.internal.ide.v2.GlobalSyncService$RegistrationAction   : loaded 2 times (x 76B)
Class com.android.build.gradle.internal.ide.dependencies.MavenCoordinatesCacheBuildService$Parameters: loaded 2 times (x 72B)
Class com.google.protobuf.Extension                                                   : loaded 2 times (x 87B)
Class com.google.wireless.android.sdk.stats.GradleBuildProfile                        : loaded 2 times (x 249B)
Class com.google.protobuf.MessageOrBuilder                                            : loaded 2 times (x 72B)
Class org.gradle.internal.classloader.VisitableURLClassLoader$InstrumentingVisitableURLClassLoader: loaded 2 times (x 124B)
Class org.apache.commons.io.output.UnsynchronizedByteArrayOutputStream                : loaded 2 times (x 104B)
Class com.google.common.reflect.Types$ParameterizedTypeImpl                           : loaded 2 times (x 83B)
Class com.google.common.collect.Maps$IteratorBasedAbstractMap$1                       : loaded 2 times (x 140B)
Class org.gradle.internal.classloader.InstrumentingClassLoader                        : loaded 2 times (x 72B)
Class org.gradle.internal.classpath.TransformedClassPath                              : loaded 2 times (x 98B)
Class com.android.build.api.variant.HasAndroidTestBuilder                             : loaded 2 times (x 72B)
Class com.android.build.gradle.internal.res.Aapt2FromMaven$Companion$Aapt2Extractor   : loaded 2 times (x 80B)
Class com.android.build.gradle.internal.services.Aapt2DaemonBuildService$Parameters_Decorated: loaded 2 times (x 129B)
Class org.jetbrains.kotlin.gradle.plugin.mpp.AbstractKotlinCompilationToRunnableFiles : loaded 2 times (x 198B)
Class org.jetbrains.kotlin.tooling.core.Extras$Type                                   : loaded 2 times (x 74B)
Class org.jetbrains.kotlin.gradle.utils.ConfigurationsKt$maybeCreateResolvable$1      : loaded 2 times (x 80B)
Class org.jetbrains.kotlin.gradle.internal.properties.PropertiesBuildService$property$1$1: loaded 2 times (x 77B)
Class org.jetbrains.kotlin.gradle.plugin.mpp.KotlinUsages$KotlinMetadataCompatibility : loaded 2 times (x 78B)
Class [Lorg.jetbrains.kotlin.gradle.dsl.JvmTarget;                                    : loaded 2 times (x 71B)
Class com.android.builder.core.ComponentTypeImpl                                      : loaded 2 times (x 106B)
Class com.android.build.api.dsl.DynamicFeatureBaseFlavor                              : loaded 2 times (x 72B)
Class org.bouncycastle.jcajce.provider.config.ConfigurableProvider                    : loaded 2 times (x 72B)
Class com.android.build.api.dsl.BaselineProfile                                       : loaded 2 times (x 72B)
Class com.android.build.gradle.internal.dsl.AaptOptions                               : loaded 2 times (x 117B)
Class com.google.common.collect.MapMakerInternalMap$StrongKeyDummyValueEntry$Helper   : loaded 2 times (x 81B)
Class org.apache.commons.io.FileUtils                                                 : loaded 2 times (x 73B)
Class com.android.build.gradle.internal.ide.v2.GraphItemImpl                          : loaded 2 times (x 79B)
Class com.android.build.gradle.internal.dsl.ComposeOptionsImpl                        : loaded 2 times (x 84B)
Class com.android.build.gradle.internal.tasks.ProcessJavaResTaskKt$getProjectJavaRes$2$1: loaded 2 times (x 76B)
Class com.google.wireless.android.sdk.stats.AndroidStudioEventOrBuilder               : loaded 2 times (x 72B)
Class com.android.build.gradle.internal.ide.v2.JavaCompileOptionsImpl$Companion       : loaded 2 times (x 73B)
Class org.jetbrains.kotlin.gradle.tasks.configuration.AbstractKotlinCompileConfig$1$6 : loaded 2 times (x 77B)
Class [Lorg.jetbrains.kotlin.gradle.tasks.KotlinCompilerExecutionStrategy;            : loaded 2 times (x 71B)
Class org.jetbrains.kotlin.gradle.tasks.FailedCompilationException                    : loaded 2 times (x 84B)
Class com.android.build.gradle.internal.res.GenerateLibraryRFileTask_Decorated        : loaded 2 times (x 410B)
Class com.sun.xml.bind.v2.runtime.unmarshaller.UnmarshallerImpl                       : loaded 2 times (x 141B)
Class com.sun.xml.bind.v2.runtime.property.StructureLoaderBuilder                     : loaded 2 times (x 72B)
Class com.android.sdklib.repository.generated.addon.v1.ExtraDetailsType               : loaded 2 times (x 87B)
Class com.sun.xml.bind.v2.model.impl.RuntimeElementPropertyInfoImpl                   : loaded 2 times (x 141B)
Class com.sun.xml.bind.v2.model.impl.RuntimeBuiltinLeafInfoImpl$28                    : loaded 2 times (x 78B)
Class [Lcom.sun.xml.bind.v2.util.QNameMap$Entry;                                      : loaded 2 times (x 71B)
Class com.sun.xml.bind.unmarshaller.InfosetScanner                                    : loaded 2 times (x 72B)
Class [Lcom.android.build.gradle.internal.scope.InternalArtifactType;                 : loaded 2 times (x 71B)
Class com.android.build.gradle.internal.scope.InternalArtifactType$PREFAB_PACKAGE_CONFIGURATION: loaded 2 times (x 76B)
Class com.android.build.gradle.internal.api.TestVariantImpl                           : loaded 2 times (x 264B)
Class com.android.build.gradle.internal.dependency.ExtractProGuardRulesTransform$Parameters_Decorated: loaded 2 times (x 137B)
Class com.android.tools.utp.gradle.api.UtpDependency                                  : loaded 2 times (x 81B)
Class com.android.build.gradle.tasks.PackageApplication$CreationAction$handleProvider$operationRequest$2: loaded 2 times (x 133B)
Class org.jetbrains.kotlin.gradle.utils.ProjectExtensionsKt                           : loaded 2 times (x 73B)
Class org.jetbrains.kotlin.gradle.plugin.hierarchy.KotlinSourceSetTreeClassifier      : loaded 2 times (x 72B)
Class org.jetbrains.kotlin.gradle.plugin.mpp.KotlinNativeTarget                       : loaded 2 times (x 169B)
Class org.jetbrains.kotlin.gradle.plugin.mpp.compilationImpl.KotlinCompilationAssociator: loaded 2 times (x 72B)
Class com.android.build.api.variant.impl.JniLibsApkPackagingImpl                      : loaded 2 times (x 88B)
Class com.android.build.api.variant.DexPackagingOptions                               : loaded 2 times (x 72B)
Class com.android.build.gradle.internal.tasks.CheckAarMetadataTask$CreationAction$handleProvider$1: loaded 2 times (x 133B)
Class com.android.build.api.artifact.SingleArtifact$ASSETS                            : loaded 2 times (x 76B)
Class com.android.build.gradle.internal.dependency.AndroidAttributes                  : loaded 2 times (x 74B)
Class com.android.build.gradle.internal.AndroidTestTaskManager$createTopLevelTasks$1  : loaded 2 times (x 76B)
Class com.android.build.gradle.tasks.CompileNavigationXmlTask$CreationAction          : loaded 2 times (x 93B)
Class com.android.build.gradle.internal.tasks.CompressAssetsTask$CreationAction       : loaded 2 times (x 92B)
Class com.android.build.gradle.internal.publishing.AndroidArtifacts$ArtifactType      : loaded 2 times (x 81B)
Class com.android.build.api.variant.impl.HasTestFixtures                              : loaded 2 times (x 72B)
Class com.android.build.gradle.internal.tasks.ExtractProguardFiles$CreationAction     : loaded 2 times (x 92B)
Class com.android.build.api.dsl.TestCoverage                                          : loaded 2 times (x 72B)
Class com.android.build.gradle.internal.dsl.BundleOptionsAiModelVersion$AgpDecorated_Decorated: loaded 2 times (x 132B)
Class com.android.build.gradle.internal.variant.LegacyVariantInputManager$1           : loaded 2 times (x 77B)
Class com.android.builder.internal.BaseConfigImpl$Companion                           : loaded 2 times (x 73B)
Class com.android.build.gradle.internal.manifest.ManifestDataProvider                 : loaded 2 times (x 72B)
Class com.android.ide.common.gradle.DEV                                               : loaded 2 times (x 79B)
Class org.jetbrains.kotlin.gradle.plugin.KotlinSourceSetTree$Companion                : loaded 2 times (x 73B)
Class org.jetbrains.kotlin.gradle.plugin.KotlinGradleBuildServices$Parameters         : loaded 2 times (x 72B)
Class com.android.build.gradle.internal.core.dsl.impl.TestedVariantDslInfoImpl        : loaded 2 times (x 153B)
Class com.android.build.gradle.internal.errors.DeprecationReporter$DeprecationTarget  : loaded 2 times (x 81B)
Class com.android.build.gradle.internal.core.dsl.TestedVariantDslInfo                 : loaded 2 times (x 72B)
Class com.android.build.gradle.internal.variant.AbstractAppVariantFactory             : loaded 2 times (x 108B)
Class org.gradle.internal.classloader.VisitableURLClassLoader$Spec                    : loaded 2 times (x 76B)
Class org.gradle.internal.classpath.DefaultClassPath                                  : loaded 2 times (x 92B)
Class com.android.build.api.variant.impl.DependenciesInfoBuilderImpl                  : loaded 2 times (x 92B)
Class com.android.build.api.component.impl.MutableMapBackedUpWithMapProperty          : loaded 2 times (x 126B)
Class com.android.build.api.artifact.impl.TaskBasedOperationImpl                      : loaded 2 times (x 86B)
Class org.jetbrains.kotlin.gradle.plugin.mpp.compilationImpl.DefaultKotlinCompilationFriendPathsResolver$CompositeFriendArtifactResolver: loaded 2 times (x 77B)
Class org.jetbrains.kotlin.gradle.plugin.sources.FragmentConsistencyChecks$optInAnnotationsCheck$1: loaded 2 times (x 81B)
Class com.android.build.gradle.internal.tasks.factory.TaskFactoryUtils$dependsOn$7    : loaded 2 times (x 77B)
Class com.android.build.gradle.internal.scope.InternalArtifactType$ORIGINAL_MERGED_JAVA_RES: loaded 2 times (x 76B)
Class com.android.build.gradle.internal.TaskManager$createPackagingTask$configureResourcesAndAssetsDependencies$1: loaded 2 times (x 77B)
Class com.android.build.gradle.internal.tasks.BundleIdeModelProducerTask$CreationAction: loaded 2 times (x 92B)
Class com.android.build.gradle.internal.tasks.GlobalSyntheticsMergeTask$CreationAction: loaded 2 times (x 92B)
Class com.android.build.gradle.internal.tasks.BundleReportDependenciesTask$CreationAction$handleProvider$1: loaded 2 times (x 133B)
Class com.android.build.gradle.internal.tasks.SdkDependencyDataGeneratorTask          : loaded 2 times (x 338B)
Class org.jetbrains.kotlin.gradle.targets.native.internal.KotlinNativePlatformDependenciesKt: loaded 2 times (x 73B)
Class com.android.build.gradle.internal.SdkLocator$SdkLocationSource$INJECTED_SDK_HOME: loaded 2 times (x 82B)
Class javax.xml.bind.annotation.XmlNs                                                 : loaded 2 times (x 72B)
Class com.sun.xml.bind.v2.model.annotation.RuntimeAnnotationReader                    : loaded 2 times (x 72B)
Class com.sun.xml.bind.v2.runtime.IllegalAnnotationsException$Builder                 : loaded 2 times (x 79B)
Class com.android.sdklib.repository.generated.repository.v2.SourceDetailsType         : loaded 2 times (x 122B)
Class com.sun.xml.bind.v2.runtime.reflect.PrimitiveArrayListerInteger                 : loaded 2 times (x 78B)
Class com.android.build.api.variant.impl.VariantApiExtensionsKt                       : loaded 2 times (x 73B)
Class com.android.build.gradle.internal.tasks.MergeJavaResourceTask$Companion         : loaded 2 times (x 73B)
Class com.google.common.reflect.Invokable                                             : loaded 2 times (x 105B)
Class com.google.common.reflect.Types$ClassOwnership                                  : loaded 2 times (x 82B)
Class com.google.common.base.AbstractIterator                                         : loaded 2 times (x 82B)
Class com.android.build.gradle.internal.ide.v2.ProjectSyncIssuesImpl$Companion        : loaded 2 times (x 73B)
Class com.android.build.gradle.internal.ide.v2.LibraryInfoImpl$toKeyComponent$$inlined$sortedBy$1: loaded 2 times (x 91B)
Class com.android.build.gradle.tasks.ExtractDeepLinksTask$BaseCreationAction$configure$1$1: loaded 2 times (x 76B)
Class com.android.build.gradle.internal.tasks.ProcessJavaResTaskKt$getProjectJavaRes$2$2: loaded 2 times (x 76B)
Class com.android.build.gradle.internal.cxx.configure.NativeModelBuilderOutcome$Outcome: loaded 2 times (x 89B)
Class com.android.build.gradle.internal.lint.CustomLintCheckUtils                     : loaded 2 times (x 73B)
Class com.sun.xml.bind.api.impl.NameConverter                                         : loaded 2 times (x 72B)
Class com.sun.xml.bind.v2.model.core.NonElement                                       : loaded 2 times (x 72B)
Class com.sun.xml.bind.v2.ContextFactory                                              : loaded 2 times (x 73B)
Class com.android.repository.impl.meta.SchemaModuleUtil                               : loaded 2 times (x 73B)
Class com.android.sdklib.repository.generated.common.v4.package-info                  : loaded 2 times (x 72B)
Class com.android.build.gradle.internal.errors.SyncIssueReporterImpl$GlobalSyncIssueService$Inject_: loaded 2 times (x 104B)
Class org.jetbrains.kotlin.gradle.plugin.KotlinJsCompilerTypeHolder                   : loaded 2 times (x 72B)
Class com.android.build.gradle.internal.scope.BuildArtifactType$JAVA_COMPILE_CLASSPATH: loaded 2 times (x 76B)
Class com.android.build.gradle.api.SourceKind                                         : loaded 2 times (x 81B)
Class com.android.build.gradle.tasks.factory.AndroidUnitTest                          : loaded 2 times (x 584B)
Class [Lcom.android.build.gradle.internal.tasks.DeviceProviderInstrumentTestTask$CreationAction$Type;: loaded 2 times (x 71B)
Class com.android.build.api.artifact.SingleArtifact$VERSION_CONTROL_INFO_FILE         : loaded 2 times (x 76B)
Class [Lorg.jetbrains.kotlin.gradle.plugin.HasProject;                                : loaded 2 times (x 71B)
Class org.jetbrains.kotlin.gradle.utils.MutableObservableSetImpl                      : loaded 2 times (x 165B)
Class org.jetbrains.kotlin.gradle.plugin.mpp.compilationImpl.KotlinCompilationSourceSetInclusion$AddSourcesToCompileTask: loaded 2 times (x 72B)
Class com.android.build.gradle.internal.scope.InternalArtifactType$JAVAC              : loaded 2 times (x 76B)
Class com.android.build.gradle.internal.res.GenerateLibraryRFileTask$CreationAction$handleProvider$1: loaded 2 times (x 133B)
Class com.android.build.api.artifact.impl.OperationRequestsImplKt                     : loaded 2 times (x 73B)
Class com.android.build.gradle.internal.AndroidTestTaskManager$createTopLevelTasks$2  : loaded 2 times (x 77B)
Class com.android.build.api.component.impl.ComponentIdentityImpl                      : loaded 2 times (x 80B)
Class com.android.build.gradle.internal.tasks.factory.GlobalTaskNamesImpl             : loaded 2 times (x 83B)
Class com.android.build.gradle.internal.services.FakeDependencyJarBuildService$Inject_: loaded 2 times (x 104B)
Class com.android.build.gradle.internal.variant.LegacyVariantInputManager$2           : loaded 2 times (x 76B)
Class com.google.common.collect.MapMaker$Dummy                                        : loaded 2 times (x 81B)
Class com.android.build.api.dsl.Splits                                                : loaded 2 times (x 72B)
Class com.android.build.gradle.internal.dsl.BundleOptionsStoreArchive                 : loaded 2 times (x 79B)
Class org.jetbrains.kotlin.gradle.dsl.DefaultToolchainSupport$wireToolchainToTasks$1  : loaded 2 times (x 77B)
Class [Lorg.jetbrains.kotlin.build.report.metrics.GradleBuildTime;                    : loaded 2 times (x 71B)
Class org.jetbrains.kotlin.gradle.internal.properties.PropertiesBuildService$MemoizedCallable: loaded 2 times (x 77B)
Class org.jetbrains.kotlin.gradle.plugin.internal.DefaultMavenPublicationComponentAccessorFactory: loaded 2 times (x 78B)
Class org.jetbrains.kotlin.gradle.tasks.KotlinTasksProvider                           : loaded 2 times (x 74B)
Class org.jetbrains.kotlin.gradle.dsl.KotlinCommonCompilerOptions                     : loaded 2 times (x 72B)
Class com.google.protobuf.Reader                                                      : loaded 2 times (x 72B)
Class com.google.common.collect.Maps$UnmodifiableBiMap                                : loaded 2 times (x 155B)
Class com.android.builder.errors.IssueReporter$Companion                              : loaded 2 times (x 73B)
Class jdk.internal.jimage.decompressor.ZipDecompressorFactory                         : loaded 2 times (x 76B)
Class com.google.protobuf.MessageLiteOrBuilder                                        : loaded 2 times (x 72B)
Class com.google.protobuf.Internal$FloatList                                          : loaded 2 times (x 72B)
Class com.google.protobuf.Internal$BooleanList                                        : loaded 2 times (x 72B)
Class com.google.protobuf.InvalidProtocolBufferException$InvalidWireTypeException     : loaded 2 times (x 89B)
Class org.jetbrains.kotlin.gradle.plugin.KotlinPluginInMultipleProjectsHolder         : loaded 2 times (x 74B)
Class org.jetbrains.kotlin.gradle.report.BuildReportType$Companion                    : loaded 2 times (x 73B)
Class org.jetbrains.kotlin.gradle.plugin.mpp.KotlinUsages$KotlinCinteropDisambiguation: loaded 2 times (x 78B)
Class com.android.build.api.dsl.DataBinding                                           : loaded 2 times (x 72B)
Class com.android.builder.model.ClassField                                            : loaded 2 times (x 72B)
Class com.google.common.base.CaseFormat$5                                             : loaded 2 times (x 85B)
Class com.android.build.gradle.internal.packaging.PackagingOptionsUtilsKt             : loaded 2 times (x 73B)
Class com.google.common.collect.Sets$FilteredSet                                      : loaded 2 times (x 139B)
Class com.google.common.io.Java8Compatibility                                         : loaded 2 times (x 73B)
Class com.google.common.io.Closer                                                     : loaded 2 times (x 80B)
Class com.android.build.gradle.tasks.ExtractDeepLinksTask$BaseCreationAction$configure$1$2: loaded 2 times (x 76B)
Class com.android.build.gradle.internal.tasks.ProcessJavaResTaskKt$getProjectJavaRes$2$3: loaded 2 times (x 77B)
Class org.jetbrains.kotlin.build.report.metrics.BuildAttributes                       : loaded 2 times (x 74B)
Class com.android.build.gradle.tasks.JavaCompileKt                                    : loaded 2 times (x 73B)
Class com.sun.xml.bind.v2.runtime.unmarshaller.UnmarshallingContext$DefaultRootLoader : loaded 2 times (x 82B)
Class com.sun.xml.bind.v2.runtime.reflect.PrimitiveArrayListerLong                    : loaded 2 times (x 78B)
Class com.sun.xml.bind.v2.model.core.ClassInfo                                        : loaded 2 times (x 72B)
Class com.android.repository.impl.generated.v1.package-info                           : loaded 2 times (x 72B)
Class com.android.sdklib.repository.generated.addon.v4.package-info                   : loaded 2 times (x 72B)
Class com.android.build.gradle.internal.tasks.UnsafeOutputsTask                       : loaded 2 times (x 335B)
Class com.android.build.gradle.internal.dependency.RecalculateStackFramesTransform$Inject_1: loaded 2 times (x 112B)
Class com.android.build.gradle.internal.tasks.creationconfig.ProcessTestManifestCreationConfigKt: loaded 2 times (x 73B)
Class com.android.build.gradle.internal.tasks.PerModuleBundleTask$CreationAction$handleProvider$1: loaded 2 times (x 133B)
Class org.jetbrains.kotlin.gradle.plugin.KotlinSourceSet$Companion                    : loaded 2 times (x 73B)
Class org.jetbrains.kotlin.gradle.plugin.mpp.compilationImpl.KotlinCompilationImpl    : loaded 2 times (x 142B)
Class [Lorg.jetbrains.kotlin.gradle.plugin.mpp.compilationImpl.factory.KotlinCompilationImplFactory$PostConfigure;: loaded 2 times (x 71B)
Class com.android.build.gradle.tasks.JavaCompileCreationAction                        : loaded 2 times (x 92B)
Class com.android.build.gradle.internal.res.GenerateLibraryRFileTask$CreationAction$handleProvider$2: loaded 2 times (x 133B)
Class com.android.build.gradle.tasks.MergeSourceSetFolders                            : loaded 2 times (x 347B)
Class com.android.build.gradle.internal.AndroidTestTaskManager$createTopLevelTasks$3  : loaded 2 times (x 76B)
Class com.android.build.gradle.internal.scope.HostTestBuildFeaturesValuesImpl         : loaded 2 times (x 102B)
Class com.android.build.gradle.internal.dependency.SourceTypeAttributeKt              : loaded 2 times (x 73B)
Class com.android.build.gradle.internal.dsl.PackagingOptions$AgpDecorated             : loaded 2 times (x 117B)
Class com.android.build.api.dsl.EmulatorControl                                       : loaded 2 times (x 72B)
Class com.android.build.gradle.internal.variant.LegacyVariantInputManager$3           : loaded 2 times (x 77B)
Class com.android.build.gradle.internal.dsl.AarMetadataImpl$AgpDecorated_Decorated    : loaded 2 times (x 145B)
Class com.android.build.gradle.internal.dsl.CompileSdkDelegate                        : loaded 2 times (x 91B)
Class com.android.build.gradle.internal.dsl.CoreNdkOptions                            : loaded 2 times (x 72B)
Class com.android.build.gradle.internal.dsl.decorator.AndroidPluginDslDecoratorKt     : loaded 2 times (x 73B)
Class com.android.build.gradle.internal.utils.KgpVersion$Companion                    : loaded 2 times (x 73B)
Class org.jetbrains.kotlin.konan.util.Named                                           : loaded 2 times (x 72B)
Class [Lorg.jetbrains.kotlin.gradle.report.BuildReportMode;                           : loaded 2 times (x 71B)
Class org.jetbrains.kotlin.gradle.plugin.AbstractKotlinAndroidPluginWrapper           : loaded 2 times (x 88B)
Class com.android.build.gradle.internal.services.BuiltInKotlinServices$AvailabilityReason$BuiltInKotlinBooleanOptionEnabled: loaded 2 times (x 73B)
Class com.google.protobuf.AbstractMessage$BuilderParent                               : loaded 2 times (x 72B)
Class com.google.common.base.CharMatcher$Ascii                                        : loaded 2 times (x 114B)
Class com.android.build.gradle.internal.VariantManager$Companion                      : loaded 2 times (x 73B)
Class org.gradle.internal.classloader.ClassLoaderSpec                                 : loaded 2 times (x 73B)
Class com.android.build.gradle.internal.tasks.factory.TaskConfigurationActions        : loaded 2 times (x 77B)
Class com.android.build.gradle.internal.core.dsl.features.BuildConfigDslInfo          : loaded 2 times (x 72B)
Class com.android.build.gradle.internal.VariantManager$createVariant$pathHelper$2     : loaded 2 times (x 131B)
Class com.android.build.gradle.internal.component.features.ManifestPlaceholdersCreationConfig: loaded 2 times (x 72B)
Class com.android.build.gradle.internal.dependency.VariantDependencies$Companion$getComponentFilter$4: loaded 2 times (x 76B)
Class com.android.build.gradle.tasks.ProcessManifestForBundleTask$CreationAction$handleProvider$1: loaded 2 times (x 133B)
Class org.jetbrains.kotlin.gradle.plugin.KotlinBaseApiPlugin$registerKotlinJvmCompileTask$3: loaded 2 times (x 77B)
Class com.android.build.gradle.internal.tasks.MergeJavaResourceTask$CreationAction    : loaded 2 times (x 92B)
Class com.android.build.gradle.internal.tasks.AppMetadataTask$CreationAction          : loaded 2 times (x 92B)
Class com.android.build.gradle.internal.dependency.SubtractingArtifactCollection$SubtractingArtifactResult: loaded 2 times (x 74B)
Class com.android.build.api.variant.impl.LayeredSourceDirectoriesImpl$static$1        : loaded 2 times (x 76B)
Class com.android.build.gradle.internal.dependency.AarToClassTransform$Params_Decorated: loaded 2 times (x 135B)
Class com.android.build.gradle.internal.tasks.factory.BootClasspathConfigImpl$filteredBootClasspath$2$5: loaded 2 times (x 133B)
Class com.android.build.gradle.internal.scope.InternalArtifactType$VARIANT_TEST_RESULTS: loaded 2 times (x 76B)
Class sync_studio_tooling10_2tb5jvd32xsbf4lyx3qz5qqvo$_run_closure1                   : loaded 2 times (x 140B)
Class ijKotlinCoroutineJvmDebugInit1_1fvwp385mdn4ky7ioxxjvrpd                         : loaded 2 times (x 173B)
Class com.google.common.io.ByteSource$EmptyByteSource                                 : loaded 2 times (x 87B)
Class [Lorg.jetbrains.kotlin.gradle.dsl.ExplicitApiMode;                              : loaded 2 times (x 71B)
Class com.android.build.gradle.tasks.ExtractDeepLinksTask_Decorated                   : loaded 2 times (x 393B)
Class com.android.build.gradle.internal.lint.CustomLintCheckUtils$getLocalCustomLintChecks$1$1: loaded 2 times (x 76B)
Class com.android.build.gradle.internal.ide.v2.BundleInfoImpl$Companion               : loaded 2 times (x 73B)
Class com.android.build.gradle.internal.AndroidJarInput_Decorated                     : loaded 2 times (x 130B)
Class org.jetbrains.kotlin.gradle.tasks.DefaultKotlinJavaToolchain$DefaultJavaToolchainSetter: loaded 2 times (x 77B)
Class org.jetbrains.kotlin.build.report.metrics.BuildAttributeKind                    : loaded 2 times (x 81B)
Class com.sun.xml.bind.AccessorFactoryImpl                                            : loaded 2 times (x 83B)
Class com.sun.xml.bind.v2.model.core.MapPropertyInfo                                  : loaded 2 times (x 72B)
Class javax.xml.bind.ModuleUtil                                                       : loaded 2 times (x 73B)
Class com.android.repository.impl.meta.RepoPackageImpl$Archives                       : loaded 2 times (x 74B)
Class com.android.sdklib.repository.meta.SysImgFactory                                : loaded 2 times (x 74B)
Class com.android.build.gradle.internal.services.VersionedSdkLoaderService$sam$java_util_concurrent_Callable$0: loaded 2 times (x 77B)
Class com.android.build.gradle.internal.dependency.DexingOutputSplitTransformKt$registerTransformWithOutputType$1$1: loaded 2 times (x 77B)
Class com.android.build.gradle.internal.utils.DesugarLibConfigExtractor$Inject_1      : loaded 2 times (x 111B)
Class com.android.build.gradle.internal.dependency.MockableJarTransform$Parameters    : loaded 2 times (x 72B)
Class com.android.build.gradle.internal.cxx.logging.LoggingEnvironment                : loaded 2 times (x 72B)
Class com.android.build.gradle.internal.scope.InternalArtifactType$GLOBAL_SYNTHETICS_MIXED_SCOPE: loaded 2 times (x 76B)
Class org.jetbrains.kotlin.gradle.plugin.mpp.KotlinCompilationsKt$moduleNameForCompilation$1: loaded 2 times (x 77B)
Class org.jetbrains.kotlin.gradle.plugin.mpp.KotlinCompilationsKt$addSourcesToKotlinCompileTask$1: loaded 2 times (x 77B)
Class org.jetbrains.kotlin.gradle.plugin.diagnostics.TransformActionUsingKotlinToolingDiagnostics$Parameters: loaded 2 times (x 72B)
Class org.jetbrains.kotlin.compilerRunner.CompilerSystemPropertiesService$Companion$registerIfAbsent$2$1: loaded 2 times (x 81B)
Class com.android.build.gradle.internal.tasks.creationconfig.JavaCompileCreationConfigKt: loaded 2 times (x 73B)
Class com.android.build.gradle.internal.tasks.creationconfig.BaseJavaPreCompileTaskCreationConfig: loaded 2 times (x 106B)
Class com.android.build.gradle.internal.res.GenerateLibraryRFileTask$CreationAction$handleProvider$3: loaded 2 times (x 133B)
Class com.android.build.gradle.internal.TaskManager$MergeType$MERGE                   : loaded 2 times (x 82B)
Class com.android.build.gradle.internal.scope.InternalArtifactType$MANIFEST_METADATA  : loaded 2 times (x 76B)
Class com.android.build.gradle.internal.AndroidTestTaskManager$createTopLevelTasks$4  : loaded 2 times (x 77B)
Class com.android.build.gradle.internal.component.TestFixturesCreationConfig          : loaded 2 times (x 72B)
Class com.android.build.gradle.internal.plugins.BasePlugin$createAndroidTasks$1       : loaded 2 times (x 79B)
Class com.android.build.gradle.internal.lint.AndroidLintGlobalTask$LintFixCreationAction: loaded 2 times (x 93B)
Class com.android.build.gradle.internal.lint.AndroidLintGlobalTask$BaseGlobalCreationAction: loaded 2 times (x 93B)
Class com.android.build.gradle.ProguardFiles                                          : loaded 2 times (x 73B)
Class com.android.builder.core.DefaultDexOptions                                      : loaded 2 times (x 101B)
Class com.android.build.gradle.api.ApkVariant                                         : loaded 2 times (x 72B)
Class com.android.build.gradle.internal.dsl.ResourcesPackagingImpl$AgpDecorated_Decorated: loaded 2 times (x 131B)
Class com.android.build.gradle.internal.variant.LegacyVariantInputManager$4           : loaded 2 times (x 76B)
Class com.android.build.gradle.internal.api.artifact.SourceArtifactType$KEEP_RULES    : loaded 2 times (x 76B)
Class com.android.build.gradle.internal.api.artifact.SourceArtifactType$RENDERSCRIPT  : loaded 2 times (x 76B)
Class com.android.build.gradle.internal.dsl.NdkOptions_Decorated                      : loaded 2 times (x 167B)
Class com.android.build.gradle.internal.dsl.decorator.DslDecorator$ManagedProperty    : loaded 2 times (x 74B)
Class com.android.build.gradle.internal.SdkComponentsBuildService$VersionedSdkLoader$coreLambdaStubsProvider$1: loaded 2 times (x 77B)
Class org.jetbrains.kotlin.gradle.internal.properties.PropertiesBuildService$GradleProperty: loaded 2 times (x 72B)
Class org.jetbrains.kotlin.gradle.utils.StoredPropertyKt$projectStoredProperty$1      : loaded 2 times (x 80B)
Class org.jetbrains.kotlin.gradle.internal.Kapt3GradleSubplugin$Companion             : loaded 2 times (x 73B)
Class com.android.prefs.VariableType                                                  : loaded 2 times (x 81B)
Class com.android.sdklib.repository.meta.DetailsTypes$AddonDetailsType$Libraries      : loaded 2 times (x 74B)
Class com.android.tools.analytics.Environment                                         : loaded 2 times (x 75B)
Class com.android.build.gradle.internal.errors.DeprecationReporter                    : loaded 2 times (x 72B)
Class com.android.build.gradle.options.ApiStage$Stable                                : loaded 2 times (x 74B)
Class com.android.build.gradle.internal.crash.CrashReporting                          : loaded 2 times (x 73B)
Class com.android.build.api.variant.Component                                         : loaded 2 times (x 72B)
Class org.gradle.accessors.dm.LibrariesForLibs$VersionAccessors                       : loaded 2 times (x 84B)
Class com.android.repository.impl.generated.v2.ObjectFactory                          : loaded 2 times (x 110B)
Class com.android.repository.impl.generated.v2.RevisionType                           : loaded 2 times (x 84B)
Class javax.xml.bind.annotation.XmlAnyElement                                         : loaded 2 times (x 72B)
Class org.jetbrains.kotlin.gradle.tasks.KotlinJavaToolchain$JdkSetter                 : loaded 2 times (x 72B)
Class com.android.build.gradle.internal.tasks.BundleToApkTask_Decorated               : loaded 2 times (x 388B)
Class com.android.build.gradle.internal.dependency.GenericTransformParameters$Inject_ : loaded 2 times (x 108B)
Class [Lcom.android.ide.common.caching.CreatingCache$State;                           : loaded 2 times (x 71B)
Class com.google.common.base.Splitter$1                                               : loaded 2 times (x 79B)
Class com.google.common.collect.TransformedIterator                                   : loaded 2 times (x 82B)
Class com.google.common.collect.Interner                                              : loaded 2 times (x 72B)
Class com.google.common.collect.Interners$InternerImpl                                : loaded 2 times (x 77B)
Class [Lcom.google.common.collect.Maps$EntryFunction;                                 : loaded 2 times (x 71B)
Class com.android.build.gradle.internal.services.RunOnceBuildServiceImpl              : loaded 2 times (x 84B)
Class com.android.build.gradle.internal.profile.AnalyticsConfiguratorService          : loaded 2 times (x 84B)
Class com.google.protobuf.ExtensionRegistry                                           : loaded 2 times (x 89B)
Class com.android.build.api.dsl.Shaders                                               : loaded 2 times (x 72B)
Class com.google.common.base.CaseFormat$4                                             : loaded 2 times (x 85B)
Class com.android.build.gradle.internal.VariantDimensionData                          : loaded 2 times (x 74B)
Class com.android.build.api.dsl.TestFixtures                                          : loaded 2 times (x 72B)
Class com.android.build.api.extension.impl.VariantSelectorImpl                        : loaded 2 times (x 94B)
Class com.android.build.gradle.internal.TaskManager$Companion$createTasksBeforeEvaluate$9: loaded 2 times (x 76B)
Class com.android.build.gradle.internal.core.dsl.features.DexingDslInfo               : loaded 2 times (x 72B)
Class com.android.build.gradle.internal.VariantManager$createVariant$pathHelper$1     : loaded 2 times (x 131B)
Class com.android.build.gradle.internal.component.features.ShadersCreationConfig      : loaded 2 times (x 72B)
Class com.google.common.collect.Interners                                             : loaded 2 times (x 73B)
Class com.google.common.io.Closer$Suppressor                                          : loaded 2 times (x 72B)
Class com.android.build.gradle.tasks.ExtractDeepLinksTask$CreationAction              : loaded 2 times (x 95B)
Class com.android.build.gradle.internal.tasks.CheckDynamicFeatureVariantsTask$CreationAction: loaded 2 times (x 92B)
Class org.jetbrains.kotlin.gradle.tasks.K2MultiplatformStructure$RefinesEdge          : loaded 2 times (x 74B)
Class com.sun.xml.bind.DatatypeConverterImpl                                          : loaded 2 times (x 113B)
Class com.sun.xml.bind.v2.ClassFactory                                                : loaded 2 times (x 73B)
Class com.android.sdklib.repository.generated.addon.v2.MavenType                      : loaded 2 times (x 82B)
Class com.android.sdklib.repository.generated.repository.v4.SourceDetailsType         : loaded 2 times (x 125B)
Class com.android.repository.impl.generated.v2.LicenseRefType                         : loaded 2 times (x 79B)
Class com.android.sdklib.repository.AndroidSdkHandler$DefaultInstanceProvider         : loaded 2 times (x 77B)
Class com.android.sdklib.repository.generated.repository.v4.package-info              : loaded 2 times (x 72B)
Class com.android.repository.api.ProgressIndicatorAdapter                             : loaded 2 times (x 109B)
Class com.android.build.gradle.internal.SdkComponentsBuildService$VersionedSdkLoader  : loaded 2 times (x 74B)
Class com.android.build.gradle.internal.dependency.ShrinkerVersion                    : loaded 2 times (x 77B)
Class org.jetbrains.kotlin.gradle.tasks.configuration.TaskConfigAction$configureTask$1: loaded 2 times (x 81B)
Class com.android.build.gradle.internal.scope.InternalArtifactType$LOCAL_ONLY_SYMBOL_LIST: loaded 2 times (x 76B)
Class com.android.build.gradle.internal.tasks.CheckAarMetadataTask$CreationAction     : loaded 2 times (x 92B)
Class com.android.build.gradle.tasks.MergeResources$CreationAction                    : loaded 2 times (x 95B)
Class com.android.build.gradle.internal.core.dsl.impl.SigningConfigResolver$Companion : loaded 2 times (x 73B)
Class com.android.build.gradle.internal.variant.VariantComponentInfo                  : loaded 2 times (x 74B)
Class com.android.build.api.variant.GeneratesAar                                      : loaded 2 times (x 72B)
Class com.android.build.api.variant.Aidl                                              : loaded 2 times (x 72B)
Class com.google.protobuf.Internal$ListAdapter$Converter                              : loaded 2 times (x 72B)
Class com.android.build.gradle.internal.dsl.BundleOptionsDeviceGroup$AgpDecorated     : loaded 2 times (x 87B)
Class com.android.build.gradle.internal.dsl.EmulatorControl                           : loaded 2 times (x 85B)
Class com.android.build.gradle.internal.dsl.TestOptions_Decorated                     : loaded 2 times (x 174B)
Class com.android.build.gradle.internal.variant.LegacyVariantInputManager$5           : loaded 2 times (x 77B)
Class com.android.build.gradle.internal.tasks.AndroidVariantTask                      : loaded 2 times (x 334B)
Class com.android.build.gradle.internal.dependency.VariantDependencies$Companion$getComponentFilter$3: loaded 2 times (x 76B)
Class com.android.build.gradle.internal.dsl.MinCompileSdkSpecImpl                     : loaded 2 times (x 86B)
Class com.android.build.gradle.api.ViewBindingOptions                                 : loaded 2 times (x 72B)
Class com.android.build.api.dsl.Split                                                 : loaded 2 times (x 72B)
Class com.android.build.api.dsl.LibraryDefaultConfig                                  : loaded 2 times (x 72B)
Class org.jetbrains.kotlin.gradle.dsl.JvmTarget                                       : loaded 2 times (x 81B)
Class org.jetbrains.kotlin.gradle.internal.ClassLoadersCachingBuildService            : loaded 2 times (x 78B)
Class org.jetbrains.kotlin.gradle.plugin.internal.DefaultJavaExecTaskParametersCompatibility$Factory: loaded 2 times (x 78B)
Class org.jetbrains.kotlin.gradle.plugin.VariantImplementationFactoriesConfigurator$Companion: loaded 2 times (x 73B)
Class com.android.tools.analytics.CommonMetricsData$GarbageCollectionStatsDiffs       : loaded 2 times (x 73B)
Class com.android.build.gradle.options.Version                                        : loaded 2 times (x 81B)
Class com.android.build.gradle.internal.plugins.AppPlugin$1                           : loaded 2 times (x 88B)
Class org.gradle.api.internal.classpath.Module$ModuleAlias                            : loaded 2 times (x 72B)
Class org.jetbrains.kotlin.gradle.plugin.mpp.compilationImpl.factory.KotlinCompilationImplFactory$KotlinCompilerOptionsFactory: loaded 2 times (x 72B)
Class org.jetbrains.kotlin.gradle.plugin.LanguageSettingsBuilder                      : loaded 2 times (x 72B)
Class org.jetbrains.kotlin.gradle.plugin.mpp.compilationImpl.KotlinCompilationTaskNamesContainer: loaded 2 times (x 74B)
Class com.android.build.api.variant.impl.SigningConfigImpl$enableV2Signing$1          : loaded 2 times (x 77B)
Class com.android.build.gradle.tasks.PackageApplication$Companion                     : loaded 2 times (x 73B)
Class com.android.build.gradle.internal.tasks.MergeArtProfileTask                     : loaded 2 times (x 341B)
Class com.android.ide.common.workers.ExecutorServiceAdapter                           : loaded 2 times (x 89B)
Class com.android.build.gradle.internal.attribution.CheckJetifierBuildService$RegistrationAction: loaded 2 times (x 76B)
Class com.android.build.gradle.internal.dependency.IdentityTransform$Parameters       : loaded 2 times (x 72B)
Class com.android.build.gradle.internal.dependency.ExtractNavigationXmlTransform      : loaded 2 times (x 80B)
Class com.android.build.gradle.internal.tasks.factory.BootClasspathConfigImpl$filteredBootClasspath$2$4: loaded 2 times (x 133B)
Class com.android.build.gradle.api.ApkVariantOutput                                   : loaded 2 times (x 72B)
Class com.android.sdklib.repository.generated.addon.v4.LibrariesType                  : loaded 2 times (x 77B)
Class com.android.sdklib.repository.generated.common.v1.IdDisplayType                 : loaded 2 times (x 85B)
Class com.sun.xml.bind.v2.model.impl.RuntimeArrayInfoImpl                             : loaded 2 times (x 109B)
Class com.android.repository.impl.meta.TypeDetails                                    : loaded 2 times (x 77B)
Class javax.xml.bind.annotation.XmlID                                                 : loaded 2 times (x 72B)
Class com.android.repository.impl.generated.v2.PatchType                              : loaded 2 times (x 90B)
Class com.sun.xml.bind.v2.runtime.unmarshaller.DefaultIDResolver                      : loaded 2 times (x 78B)
Class [Lorg.objectweb.asm.Label;                                                      : loaded 2 times (x 71B)
Class com.android.build.gradle.internal.ide.v2.ViewBindingOptionsImpl                 : loaded 2 times (x 76B)
Class [Lorg.jetbrains.kotlin.compilerRunner.KotlinCompilerArgumentsLogLevel;          : loaded 2 times (x 71B)
Class org.jetbrains.kotlin.gradle.tasks.KotlinCompile_Decorated                       : loaded 2 times (x 608B)
Class com.android.build.gradle.internal.dependency.JdkImageTransformKt$getJdkImageFromTransform$1$1: loaded 2 times (x 77B)
Class com.sun.xml.bind.v2.runtime.reflect.ListIterator                                : loaded 2 times (x 72B)
Class com.sun.xml.bind.v2.model.impl.RuntimeModelBuilder$IDTransducerImpl             : loaded 2 times (x 90B)
Class com.android.sdklib.repository.generated.repository.v1.PlatformDetailsType       : loaded 2 times (x 128B)
Class javax.xml.bind.annotation.XmlElementRefs                                        : loaded 2 times (x 72B)
Class com.sun.xml.bind.v2.model.runtime.RuntimeElement                                : loaded 2 times (x 72B)
Class com.android.repository.impl.generated.v2.LicenseType                            : loaded 2 times (x 89B)
Class com.android.repository.impl.generated.v1.RepositoryType                         : loaded 2 times (x 88B)
Class com.android.sdklib.repository.generated.common.v4.ObjectFactory                 : loaded 2 times (x 77B)
Class com.android.sdklib.repository.generated.common.v2.LibraryType                   : loaded 2 times (x 92B)
Class com.android.sdklib.repository.generated.sysimg.v3.ObjectFactory                 : loaded 2 times (x 77B)
Class [Lcom.android.build.gradle.internal.SdkLocator$SdkLocationSource;               : loaded 2 times (x 71B)
Class [Lcom.android.build.gradle.internal.SdkType;                                    : loaded 2 times (x 71B)
Class com.android.build.gradle.internal.scope.BuildArtifactType                       : loaded 2 times (x 76B)
Class com.android.build.gradle.internal.api.AndroidArtifactVariantImpl                : loaded 2 times (x 232B)
Class com.android.build.gradle.internal.dependency.ModelArtifactCompatibilityRule     : loaded 2 times (x 78B)
Class com.android.build.gradle.internal.dependency.DesugarGraph                       : loaded 2 times (x 77B)
Class com.android.build.gradle.internal.dependency.DexingRegistration$ComponentSpecificParameters$Companion: loaded 2 times (x 73B)
Class com.android.build.gradle.internal.utils.DesugarLibUtils$registerDesugarLibConfigExtractorTransformIfAbsent$1: loaded 2 times (x 76B)
Class com.android.build.gradle.internal.dependency.MockableJarTransform               : loaded 2 times (x 80B)
Class com.android.build.gradle.internal.cxx.logging.ThreadLoggingEnvironment          : loaded 2 times (x 84B)
Class com.android.build.gradle.internal.tasks.CheckJetifierTask$CreationAction        : loaded 2 times (x 92B)
Class com.android.build.gradle.internal.tasks.ExtractVersionControlInfoTask$CreationAction: loaded 2 times (x 92B)
Class com.android.build.gradle.internal.tasks.MergeNativeDebugMetadataTask            : loaded 2 times (x 337B)
Class com.android.build.gradle.internal.tasks.BundleToApkTask                         : loaded 2 times (x 339B)
Class com.android.build.gradle.internal.tasks.ApplicationTaskManager$doCreateTasksForVariant$r8DexStartupOptimizationEnabled$1: loaded 2 times (x 76B)
Class com.android.build.gradle.internal.tasks.DexMergingAction                        : loaded 2 times (x 81B)
Class org.jetbrains.kotlin.gradle.targets.js.dsl.KotlinWasmSubTargetContainerDsl      : loaded 2 times (x 72B)
Class org.jetbrains.kotlin.gradle.plugin.internal.BuildIdService$Companion            : loaded 2 times (x 73B)
Class com.android.build.api.variant.GeneratesTestApkBuilder                           : loaded 2 times (x 72B)
Class com.android.build.gradle.internal.lint.AndroidLintGlobalTask$UpdateBaselineCreationAction: loaded 2 times (x 93B)
Class com.android.build.gradle.internal.ide.v2.ModelBuilder$Companion                 : loaded 2 times (x 73B)
Class com.android.build.gradle.internal.api.TestedVariant                             : loaded 2 times (x 72B)
Class com.google.wireless.android.sdk.stats.GradleBuildSplits                         : loaded 2 times (x 220B)
Class com.android.build.gradle.internal.variant.LegacyVariantInputManager$6           : loaded 2 times (x 76B)
Class org.jetbrains.kotlin.gradle.plugin.mpp.KotlinCompilationsKt$addSourcesToKotlinCompileTask$configureAction$2: loaded 2 times (x 81B)
Class org.jetbrains.kotlin.gradle.utils.StoredPropertyStorage                         : loaded 2 times (x 74B)
Class org.jetbrains.kotlin.gradle.plugin.KotlinSourceSetContainer                     : loaded 2 times (x 72B)
Class com.android.build.gradle.internal.services.Aapt2ThreadPoolBuildServiceKt        : loaded 2 times (x 73B)
Class com.android.build.gradle.internal.scope.InternalArtifactType$GENERATED_RES      : loaded 2 times (x 76B)
Class com.android.build.gradle.options.SyncOptions$ErrorFormatMode                    : loaded 2 times (x 81B)
Class com.android.build.gradle.internal.errors.SyncIssueReporter                      : loaded 2 times (x 78B)
Class com.android.build.gradle.internal.plugins.AppPlugin$2                           : loaded 2 times (x 88B)
Class com.android.build.gradle.internal.dsl.InternalTestedExtension                   : loaded 2 times (x 72B)
Class org.gradle.internal.classloader.VisitableURLClassLoader                         : loaded 2 times (x 118B)
Class com.google.wireless.android.sdk.stats.GradleTransformExecution                  : loaded 2 times (x 202B)
Class org.apache.commons.io.output.QueueOutputStream                                  : loaded 2 times (x 89B)
Class com.google.common.reflect.Types$ClassOwnership$3                                : loaded 2 times (x 73B)
Class com.google.common.collect.Collections2$FilteredCollection                       : loaded 2 times (x 121B)
Class com.android.build.gradle.internal.variant.LegacyVariantInputManager             : loaded 2 times (x 99B)
Class com.android.build.api.dsl.Lint                                                  : loaded 2 times (x 72B)
Class com.google.common.annotations.VisibleForTesting                                 : loaded 2 times (x 72B)
Class [Lcom.android.build.gradle.options.Option;                                      : loaded 2 times (x 71B)
Class com.android.ide.common.blame.MessageReceiver                                    : loaded 2 times (x 72B)
Class com.android.build.gradle.internal.errors.DeprecationReporterImpl$Companion      : loaded 2 times (x 73B)
Class com.android.build.gradle.internal.lint.LintFromMaven$Companion$from$configuration$1: loaded 2 times (x 76B)
Class com.android.tools.analytics.AnalyticsSettingsData                               : loaded 2 times (x 74B)
Class com.google.wireless.android.sdk.stats.GradleBuildProjectOrBuilder               : loaded 2 times (x 72B)
Class com.android.build.gradle.internal.profile.AnalyticsResourceManager              : loaded 2 times (x 74B)
Class com.android.build.gradle.internal.AvdComponentsBuildService$Parameters          : loaded 2 times (x 72B)
Class org.jetbrains.kotlin.gradle.plugin.mpp.AbstractKotlinTarget                     : loaded 2 times (x 152B)
Class org.jetbrains.kotlin.gradle.internal.properties.NativePropertiesLoader$kotlinNativeVersion$1: loaded 2 times (x 77B)
Class org.jetbrains.kotlin.gradle.dsl.KotlinSingleTargetExtension                     : loaded 2 times (x 126B)
Class org.jetbrains.kotlin.gradle.targets.android.internal.InternalKotlinTargetPreset : loaded 2 times (x 72B)
Class com.google.common.collect.ImmutableList$SerializedForm                          : loaded 2 times (x 75B)
Class com.google.common.io.CharSource$AsByteSource                                    : loaded 2 times (x 87B)
Class com.android.build.gradle.internal.ide.dependencies.FullDependencyGraphBuilderKt : loaded 2 times (x 73B)
Class com.android.build.gradle.internal.signing.SigningConfigProviderParams           : loaded 2 times (x 74B)
Class com.android.build.gradle.internal.signing.SigningConfigDataProvider             : loaded 2 times (x 81B)
Class com.android.build.gradle.internal.tasks.ProcessJavaResTaskKt$getProjectJavaRes$1: loaded 2 times (x 77B)
Class com.google.common.base.Verify                                                   : loaded 2 times (x 73B)
Class com.sun.xml.bind.v2.runtime.unmarshaller.Scope                                  : loaded 2 times (x 74B)
Class javax.xml.bind.helpers.DefaultValidationEventHandler                            : loaded 2 times (x 77B)
Class [Ljavax.xml.bind.annotation.adapters.XmlJavaTypeAdapter;                        : loaded 2 times (x 71B)
Class javax.xml.bind.annotation.XmlElement$DEFAULT                                    : loaded 2 times (x 73B)
Class com.sun.xml.bind.v2.runtime.InternalBridge                                      : loaded 2 times (x 89B)
Class com.android.build.gradle.internal.SdkLocator$SdkLocationSource$TEST_SDK_DIRECTORY: loaded 2 times (x 82B)
Class com.android.build.api.component.impl.OldVariantApiLegacySupportImpl$getVariantOutputs$1: loaded 2 times (x 77B)
Class com.android.build.gradle.internal.api.BaseVariantOutputImpl                     : loaded 2 times (x 114B)
Class com.android.build.gradle.internal.ApiObjectFactory                              : loaded 2 times (x 75B)
Class com.android.build.gradle.internal.utils.D8BackportedMethodsGenerator$Parameters : loaded 2 times (x 72B)
Class com.android.build.gradle.internal.scope.Java8LangSupport                        : loaded 2 times (x 81B)
Class org.jetbrains.kotlin.gradle.plugin.mpp.compilationImpl.factory.ConfigurationNaming: loaded 2 times (x 72B)
Class [Lorg.jetbrains.kotlin.tooling.core.HasExtras;                                  : loaded 2 times (x 71B)
Class org.jetbrains.kotlin.gradle.plugin.mpp.compilationImpl.DefaultKotlinCompilationPostConfigureKt: loaded 2 times (x 73B)
Class org.jetbrains.kotlin.gradle.internal.IdeaKt$isInIdeaEnvironment$1               : loaded 2 times (x 76B)
Class org.jetbrains.kotlin.gradle.tasks.configuration.BaseKotlinCompileConfig$configureCommonParameters$1: loaded 2 times (x 76B)
Class com.android.build.gradle.tasks.MergeSourceSetFolders$GenericMergeCreationAction$handleProvider$1: loaded 2 times (x 133B)
Class com.android.build.api.variant.impl.ResourcesApkPackagingImpl$excludes$1         : loaded 2 times (x 77B)
Class com.android.build.gradle.internal.attributes.VariantAttr$ImplFactory            : loaded 2 times (x 77B)
Class com.android.build.gradle.internal.core.dsl.impl.VariantDslInfoImpl$initApplicationId$2: loaded 2 times (x 77B)
Class com.android.build.api.variant.DependenciesInfoBuilder                           : loaded 2 times (x 72B)
Class com.android.build.gradle.internal.plugins.DslContainerProvider$lock$1           : loaded 2 times (x 76B)
Class com.android.build.gradle.internal.tasks.factory.TaskFactory                     : loaded 2 times (x 72B)
Class com.android.builder.core.DexOptions                                             : loaded 2 times (x 72B)
Class com.android.build.gradle.internal.dsl.LintImpl$AgpDecorated                     : loaded 2 times (x 228B)
Class com.android.build.gradle.internal.api.DefaultAndroidSourceSet                   : loaded 2 times (x 229B)
Class com.google.common.base.Converter$FunctionBasedConverter                         : loaded 2 times (x 92B)
Class com.google.common.util.concurrent.AbstractFuture$Waiter                         : loaded 2 times (x 74B)
Class com.google.common.util.concurrent.AbstractFuture$AtomicReferenceFieldUpdaterAtomicHelper: loaded 2 times (x 81B)
Class com.android.build.gradle.internal.dependency.SourceSetManager                   : loaded 2 times (x 75B)
Class org.jetbrains.kotlin.gradle.dsl.DefaultToolchainSupport$wireToolchainToTasks$1$1: loaded 2 times (x 77B)
Class org.jetbrains.kotlin.gradle.utils.SingleActionPerProject                        : loaded 2 times (x 75B)
Class org.jetbrains.kotlin.gradle.plugin.DefaultKotlinBasePlugin                      : loaded 2 times (x 84B)
Class com.android.prefs.AbstractAndroidLocations                                      : loaded 2 times (x 84B)
Class com.google.protobuf.ExtensionRegistryLite                                       : loaded 2 times (x 76B)
Class com.android.build.api.dsl.LibraryKeepRules                                      : loaded 2 times (x 72B)
Class com.android.build.gradle.internal.plugins.AppPlugin$3                           : loaded 2 times (x 88B)
Class com.android.build.api.variant.AndroidComponentsExtension                        : loaded 2 times (x 72B)
Class org.objectweb.asm.commons.GeneratorAdapter                                      : loaded 2 times (x 188B)
Class com.google.common.base.CaseFormat$3                                             : loaded 2 times (x 85B)
Class com.android.build.gradle.internal.dsl.ExternalNativeNdkBuildOptions_Decorated   : loaded 2 times (x 154B)
Class com.android.build.gradle.internal.api.DefaultAndroidSourceDirectorySet          : loaded 2 times (x 121B)
Class com.android.build.api.dsl.AdbOptions                                            : loaded 2 times (x 72B)
Class com.android.builder.model.TestOptions$Execution                                 : loaded 2 times (x 81B)
Class com.android.build.gradle.internal.dsl.decorator.LockableSet$LockableIterator    : loaded 2 times (x 83B)
Class com.google.wireless.android.sdk.stats.GradleBuildVariant                        : loaded 2 times (x 283B)
Class com.android.build.gradle.internal.TaskManager$Companion$createTasksBeforeEvaluate$8: loaded 2 times (x 76B)
Class com.android.build.gradle.internal.core.dsl.impl.HostTestComponentDslInfoImpl    : loaded 2 times (x 130B)
Class android.databinding.tool.writer.JavaFileWriter                                  : loaded 2 times (x 76B)
Class com.android.build.gradle.internal.tasks.VariantTask                             : loaded 2 times (x 72B)
Class com.android.build.gradle.tasks.ProcessMultiApkApplicationManifest               : loaded 2 times (x 347B)
Class com.android.build.gradle.internal.tasks.creationconfig.JavaPreCompileTaskCreationConfigKt: loaded 2 times (x 73B)
Class com.android.build.gradle.internal.tasks.MergeArtProfileTask$CreationAction      : loaded 2 times (x 92B)
Class com.android.build.gradle.internal.tasks.DexMergingTask$CreationAction$handleProvider$3: loaded 2 times (x 133B)
Class com.android.build.gradle.internal.AndroidTestTaskManager$createTasks$1          : loaded 2 times (x 77B)
Class ijJvmDebugger1_aluyl6mn6qsa601y9i1ndg7af                                        : loaded 2 times (x 173B)
Class com.google.common.collect.HashBiMap                                             : loaded 2 times (x 144B)
Class com.google.common.collect.MapMakerInternalMap                                   : loaded 2 times (x 162B)
Class com.android.build.gradle.internal.ide.v2.JavaArtifactImpl$Companion             : loaded 2 times (x 73B)
Class com.android.build.gradle.internal.ide.v2.BasicArtifactImpl$Companion            : loaded 2 times (x 73B)
Class com.android.build.gradle.internal.ide.v2.BasicArtifactImpl                      : loaded 2 times (x 78B)
Class com.sun.xml.bind.v2.runtime.unmarshaller.LocatorEx                              : loaded 2 times (x 72B)
Class com.android.sdklib.repository.meta.DetailsTypes$MavenType                       : loaded 2 times (x 72B)
Class com.sun.xml.bind.v2.model.core.ElementPropertyInfo                              : loaded 2 times (x 72B)
Class com.sun.xml.bind.v2.model.impl.RuntimeElementInfoImpl                           : loaded 2 times (x 121B)
Class com.android.repository.api.RemotePackage                                        : loaded 2 times (x 72B)
Class com.android.sdklib.repository.generated.sysimg.v5.package-info                  : loaded 2 times (x 72B)
Class com.android.sdklib.repository.generated.sysimg.v1.package-info                  : loaded 2 times (x 72B)
Class com.android.sdklib.repository.meta.DetailsTypes$SourceDetailsType               : loaded 2 times (x 72B)
Class org.jetbrains.kotlin.gradle.dsl.KotlinTargetContainerWithWasmPresetFunctions    : loaded 2 times (x 72B)
Class com.android.build.gradle.internal.dependency.DexingOutputSplitTransformKt       : loaded 2 times (x 73B)
Class com.android.build.gradle.internal.attribution.CheckJetifierBuildService$Parameters: loaded 2 times (x 72B)
Class com.android.build.gradle.internal.scope.InternalArtifactType$DEVICE_PROVIDER_ANDROID_TEST_ADDITIONAL_OUTPUT: loaded 2 times (x 76B)
Class org.jetbrains.kotlin.gradle.plugin.mpp.compilationImpl.KotlinCompilationCompilerOptionsFromTargetConfigurator: loaded 2 times (x 76B)
Class org.jetbrains.kotlin.gradle.plugin.mpp.compilationImpl.factory.DefaultKotlinCompilationSourceSetsContainerFactory$DefaultDefaultSourceSetNaming: loaded 2 times (x 76B)
Class [Lorg.jetbrains.kotlin.gradle.plugin.mpp.compilationImpl.DefaultKotlinCompilationFriendPathsResolver$FriendArtifactResolver;: loaded 2 times (x 71B)
Class org.jetbrains.kotlin.gradle.internal.IdeaKt$isInIdeaEnvironment$2               : loaded 2 times (x 76B)
Class org.jetbrains.kotlin.gradle.tasks.configuration.BaseKotlinCompileConfig$configureCommonParameters$2: loaded 2 times (x 77B)
Class com.android.build.gradle.internal.component.NestedComponentCreationConfig       : loaded 2 times (x 72B)
Class com.android.build.api.variant.TestedComponentPackaging                          : loaded 2 times (x 72B)
Class com.android.build.gradle.internal.core.InternalBaseVariant$MergedFlavor         : loaded 2 times (x 72B)
Class com.android.build.gradle.internal.core.dsl.impl.DslInfoBuilder                  : loaded 2 times (x 74B)
Class com.android.build.gradle.internal.plugins.DslContainerProvider$lock$2           : loaded 2 times (x 76B)
Class com.android.build.api.artifact.impl.PropertyAdapter                             : loaded 2 times (x 72B)
Class com.android.build.gradle.ProguardFiles$ProguardFile                             : loaded 2 times (x 81B)
Class com.android.build.gradle.internal.cxx.configure.NativeModelBuilderOutcomeOrBuilder: loaded 2 times (x 72B)
Class com.android.builder.testing.api.DeviceProvider                                  : loaded 2 times (x 79B)
Class com.android.build.gradle.internal.dsl.ExternalNativeBuild$AgpDecorated_Decorated: loaded 2 times (x 146B)
Class com.android.build.gradle.internal.dsl.DeviceGroupFactory                        : loaded 2 times (x 77B)
Class com.android.build.gradle.internal.tasks.factory.BootClasspathConfigImpl$filteredBootClasspath$2$3: loaded 2 times (x 133B)
Class com.android.build.gradle.internal.tasks.NdkTask                                 : loaded 2 times (x 342B)
Class com.android.build.api.dsl.Ndk                                                   : loaded 2 times (x 72B)
Class com.android.build.api.dsl.BundleStoreArchive                                    : loaded 2 times (x 72B)
Class com.android.build.api.dsl.BundleCodeTransparency                                : loaded 2 times (x 72B)
Class org.jetbrains.kotlin.gradle.plugin.GradleUtilsKt                                : loaded 2 times (x 73B)
Class org.jetbrains.kotlin.gradle.internal.properties.PropertiesBuildService$Params$Inject_: loaded 2 times (x 108B)
Class org.jetbrains.kotlin.gradle.internal.properties.PropertiesBuildService          : loaded 2 times (x 78B)
Class org.jetbrains.kotlin.gradle.plugin.BuildFinishedListenerService$Companion$registerIfAbsent$1$1$1: loaded 2 times (x 77B)
Class com.android.builder.profile.ThreadRecorder                                      : loaded 2 times (x 78B)
Class com.android.build.gradle.internal.api.ApkVariantOutputImpl_Decorated            : loaded 2 times (x 178B)
Class com.android.tools.analytics.AnalyticsSettingsData$Companion                     : loaded 2 times (x 73B)
Class com.google.gson.InstanceCreator                                                 : loaded 2 times (x 72B)
Class [Lcom.android.builder.errors.IssueReporter$Type;                                : loaded 2 times (x 71B)
Class com.android.build.gradle.internal.core.dsl.ApplicationVariantDslInfo            : loaded 2 times (x 72B)
Class com.android.build.gradle.internal.variant.DimensionCombination                  : loaded 2 times (x 72B)
Class com.android.build.gradle.internal.core.dsl.VariantDslInfo                       : loaded 2 times (x 72B)
Class com.android.build.gradle.internal.variant.VariantFactory                        : loaded 2 times (x 72B)
Class jdk.internal.jimage.decompressor.ZipDecompressor                                : loaded 2 times (x 77B)
Class com.android.build.api.variant.impl.ArtifactMetadataProcessor                    : loaded 2 times (x 73B)
Class com.android.build.gradle.internal.FileExistsValueSource$Params_Decorated        : loaded 2 times (x 132B)
Class com.android.sdklib.repository.generated.repository.v1.ObjectFactory             : loaded 2 times (x 81B)
Class com.android.repository.impl.meta.RevisionType                                   : loaded 2 times (x 82B)
Class com.sun.xml.bind.v2.runtime.JAXBContextImpl$JAXBContextBuilder                  : loaded 2 times (x 88B)
Class com.sun.xml.bind.v2.model.annotation.XmlSchemaQuick                             : loaded 2 times (x 97B)
Class com.sun.xml.bind.annotation.XmlLocation                                         : loaded 2 times (x 72B)
Class com.android.sdklib.repository.generated.addon.v2.ExtraDetailsType               : loaded 2 times (x 87B)
Class com.sun.xml.bind.v2.runtime.FilterTransducer                                    : loaded 2 times (x 90B)
Class com.android.build.gradle.internal.ide.v2.ConvertersKt                           : loaded 2 times (x 73B)
Class com.android.build.gradle.internal.ide.v2.SourceProviderImpl$Companion           : loaded 2 times (x 73B)
Class org.jetbrains.kotlin.gradle.tasks.KotlinCompile$ScriptFilterSpec                : loaded 2 times (x 77B)
Class com.android.build.gradle.internal.ide.v2.BundleInfoImpl                         : loaded 2 times (x 80B)
Class com.android.build.api.variant.impl.BuiltArtifactsImpl                           : loaded 2 times (x 88B)
Class org.jetbrains.kotlin.gradle.plugin.KotlinPluginWrapper                          : loaded 2 times (x 88B)
Class com.google.common.reflect.TypeResolver                                          : loaded 2 times (x 74B)
Class com.google.common.reflect.Types$ClassOwnership$2                                : loaded 2 times (x 82B)
Class com.google.common.collect.MapMakerInternalMap$StrongValueEntry                  : loaded 2 times (x 72B)
Class org.gradle.internal.service.UnknownServiceException                             : loaded 2 times (x 85B)
Class jdk.internal.jrtfs.SystemImage                                                  : loaded 2 times (x 76B)
Class com.google.common.cache.RemovalCause$1                                          : loaded 2 times (x 82B)
Class com.android.build.gradle.internal.ide.v2.EdgeImpl$Companion                     : loaded 2 times (x 73B)
Class org.jetbrains.kotlin.gradle.tasks.KotlinCompile$javaSources$1                   : loaded 2 times (x 77B)
Class org.jetbrains.kotlin.incremental.IncrementalCompilationFeatures                 : loaded 2 times (x 73B)
Class com.sun.xml.bind.v2.runtime.unmarshaller.StructureLoader                        : loaded 2 times (x 80B)
Class com.sun.xml.bind.v2.runtime.reflect.Accessor$SetterOnlyReflection               : loaded 2 times (x 87B)
Class com.sun.xml.bind.v2.model.impl.ElementPropertyInfoImpl                          : loaded 2 times (x 124B)
Class com.sun.xml.bind.v2.model.impl.TypeInfoSetImpl$1                                : loaded 2 times (x 82B)
Class com.sun.xml.bind.v2.model.runtime.RuntimeArrayInfo                              : loaded 2 times (x 72B)
Class com.android.repository.impl.generated.generic.v2.ObjectFactory                  : loaded 2 times (x 77B)
Class com.android.repository.impl.generated.v1.DependenciesType                       : loaded 2 times (x 77B)
Class com.android.build.gradle.internal.scope.InternalArtifactType$LINT_VITAL_LINT_MODEL: loaded 2 times (x 76B)
Class com.android.build.gradle.internal.dependency.IdentityTransform$Parameters_Decorated: loaded 2 times (x 137B)
Class com.android.build.gradle.internal.scope.InternalArtifactType$UNIT_TEST_CONFIG_DIRECTORY: loaded 2 times (x 76B)
Class com.android.build.api.variant.impl.ResSourceDirectoriesImpl                     : loaded 2 times (x 94B)
Class com.android.build.gradle.tasks.ProcessTestManifest                              : loaded 2 times (x 363B)
Class com.android.build.gradle.internal.tasks.ExtractNativeDebugMetadataTask          : loaded 2 times (x 341B)
Class com.android.build.gradle.internal.scope.InternalArtifactType$EXTERNAL_FILE_LIB_DEX_ARCHIVES: loaded 2 times (x 76B)
Class org.jetbrains.kotlin.gradle.plugin.diagnostics.KotlinToolingDiagnosticsCollector: loaded 2 times (x 78B)
Class com.android.build.gradle.internal.scope.InternalArtifactType$COMPILE_APP_CLASSES_JAR: loaded 2 times (x 76B)
Class com.android.build.gradle.internal.tasks.MergeNativeLibsTaskKt                   : loaded 2 times (x 73B)
Class com.android.build.api.variant.impl.DexPackagingOptionsImpl                      : loaded 2 times (x 77B)
Class com.android.build.gradle.internal.scope.InternalArtifactType$ANDROID_RES_SOURCE_SET_PATH_MAP: loaded 2 times (x 76B)
Class com.android.build.api.component.impl.MutableListBackedUpWithListProperty        : loaded 2 times (x 207B)
Class com.android.build.api.variant.VariantExtensionConfig                            : loaded 2 times (x 72B)
Class com.android.build.gradle.internal.core.dsl.AndroidTestComponentDslInfo          : loaded 2 times (x 72B)
Class com.android.build.api.variant.impl.VariantOutputConfigurationImplKt$WhenMappings: loaded 2 times (x 73B)
Class com.android.build.gradle.internal.dependency.VariantDependencies                : loaded 2 times (x 78B)
Class com.android.build.gradle.internal.plugins.DslContainerProvider$lock$3           : loaded 2 times (x 76B)
Class com.google.wireless.android.sdk.stats.GradleProjectOptionsSettings              : loaded 2 times (x 221B)
Class com.android.build.gradle.internal.api.artifact.SourceArtifactType               : loaded 2 times (x 76B)
Class com.android.build.gradle.internal.dsl.decorator.annotation.RuntimeGuardedExperimentalApi: loaded 2 times (x 72B)
Class com.android.build.gradle.internal.dsl.CompileSdkBetaSpecImpl                    : loaded 2 times (x 83B)
Class com.android.build.api.dsl.AgpTestSuite                                          : loaded 2 times (x 72B)
Class com.android.build.api.dsl.MaxSdkVersion                                         : loaded 2 times (x 72B)
Class [Lcom.android.build.gradle.internal.dsl.decorator.SupportedPropertyType;        : loaded 2 times (x 71B)
Class org.jetbrains.kotlin.tooling.core.MutableExtrasImpl                             : loaded 2 times (x 167B)
Class org.jetbrains.kotlin.gradle.utils.FileUtilsKt                                   : loaded 2 times (x 73B)
Class com.android.build.gradle.internal.component.ConsumableCreationConfig            : loaded 2 times (x 72B)
Class com.android.build.api.variant.HasUnitTest                                       : loaded 2 times (x 72B)
Class com.android.build.gradle.options.ApiStage                                       : loaded 2 times (x 74B)
Class [Lcom.android.tools.analytics.Environment$EnvironmentVariable;                  : loaded 2 times (x 71B)
Class com.android.SdkConstants                                                        : loaded 2 times (x 73B)
Class com.android.build.gradle.internal.services.R8D8ThreadPoolBuildService$Companion : loaded 2 times (x 73B)
Class [Lcom.android.build.gradle.options.StringOption;                                : loaded 2 times (x 71B)
Class com.android.build.api.instrumentation.manageddevice.ManagedDeviceRegistry       : loaded 2 times (x 72B)
Class com.android.build.gradle.internal.services.GlobalServiceRegistrationAction$execute$1: loaded 2 times (x 77B)
Class com.android.build.gradle.internal.services.RunOnceBuildService                  : loaded 2 times (x 72B)
Class org.gradle.internal.classpath.DefaultClassPath$ImmutableUniqueList$Builder      : loaded 2 times (x 77B)
Class com.google.wireless.android.sdk.stats.GarbageCollectionStats$1                  : loaded 2 times (x 153B)
Class org.jetbrains.kotlin.gradle.internal.properties.PropertiesBuildService$NullableBooleanGradleProperty: loaded 2 times (x 78B)
Class org.jetbrains.kotlin.build.report.metrics.GradleBuildPerformanceMetric          : loaded 2 times (x 94B)
Class [Lcom.android.builder.core.ComponentTypeImpl;                                   : loaded 2 times (x 71B)
Class com.android.build.gradle.api.AndroidSourceSet                                   : loaded 2 times (x 72B)
Class com.android.builder.model.SigningConfig                                         : loaded 2 times (x 72B)
Class com.android.build.gradle.internal.dsl.decorator.LockableSet                     : loaded 2 times (x 147B)
Class com.android.build.api.dsl.ConsumerKeepRules                                     : loaded 2 times (x 72B)
Class com.google.common.base.CaseFormat$2                                             : loaded 2 times (x 85B)
Class com.android.build.gradle.internal.dsl.ApplicationExtensionImpl$AgpDecorated     : loaded 2 times (x 390B)
Class [Lcom.android.repository.Revision$Precision;                                    : loaded 2 times (x 71B)
Class com.android.build.api.dsl.ManagedDevices                                        : loaded 2 times (x 72B)
Class com.android.build.gradle.internal.dsl.BundleOptionsTexture$AgpDecorated_Decorated: loaded 2 times (x 132B)
Class com.android.build.api.variant.DslExtension                                      : loaded 2 times (x 74B)
Class com.google.common.cache.RemovalCause$2                                          : loaded 2 times (x 82B)
Class com.google.common.collect.MapMakerInternalMap$WeakValueReference                : loaded 2 times (x 72B)
Class com.android.build.gradle.internal.ide.dependencies.LibraryServiceKt             : loaded 2 times (x 73B)
Class com.android.build.gradle.internal.ide.dependencies.GraphEdgeCache               : loaded 2 times (x 72B)
Class com.android.build.gradle.internal.ide.v2.ModelBuilder$createAndroidArtifact$testInfo$1: loaded 2 times (x 79B)
Class com.android.build.gradle.internal.dependency.JdkImageTransform$Inject_1         : loaded 2 times (x 112B)
Class com.android.build.gradle.internal.dependency.JdkImageTransformKt$registerJdkImageTransform$1: loaded 2 times (x 77B)
Class com.android.build.gradle.tasks.JavaCompileUtils                                 : loaded 2 times (x 73B)
Class com.sun.xml.bind.v2.runtime.unmarshaller.Intercepter                            : loaded 2 times (x 72B)
Class [Ljavax.xml.bind.annotation.XmlAccessOrder;                                     : loaded 2 times (x 71B)
Class javax.xml.bind.annotation.adapters.XmlJavaTypeAdapters                          : loaded 2 times (x 72B)
Class com.android.sdklib.repository.meta.AddonFactory                                 : loaded 2 times (x 76B)
Class com.android.sdklib.repository.AndroidSdkHandler$Companion                       : loaded 2 times (x 73B)
Class com.android.build.gradle.internal.SdkDirectLoadingStrategy$Companion            : loaded 2 times (x 73B)
Class com.android.build.gradle.internal.scope.InternalArtifactType$FULL_JAR           : loaded 2 times (x 76B)
Class com.android.build.gradle.internal.dependency.DexingRegistration$ComponentSpecificParameters: loaded 2 times (x 74B)
Class com.android.build.gradle.internal.utils.DesugarLibUtils                         : loaded 2 times (x 73B)
Class com.android.build.gradle.internal.dependency.AarResourcesCompilerTransform$Inject_1: loaded 2 times (x 111B)
Class com.android.build.gradle.internal.cxx.configure.NdkLocator                      : loaded 2 times (x 74B)
Class com.android.build.api.variant.impl.TestVariantImpl                              : loaded 2 times (x 695B)
Class com.android.build.gradle.tasks.ProcessTestManifestPackaging                     : loaded 2 times (x 338B)
Class com.android.build.gradle.internal.tasks.SdkDependencyDataGeneratorTask$CreationAction: loaded 2 times (x 92B)
Class com.android.build.gradle.internal.tasks.BundleReportDependenciesTask            : loaded 2 times (x 337B)
Class com.android.build.gradle.internal.tasks.CheckDuplicateClassesTask               : loaded 2 times (x 336B)
Class org.jetbrains.kotlin.gradle.plugin.mpp.KotlinCompilationFactory$DefaultImpls    : loaded 2 times (x 73B)
Class org.jetbrains.kotlin.gradle.plugin.mpp.compilationImpl.factory.DefaultKotlinCompilationDependencyConfigurationsFactory: loaded 2 times (x 77B)
Class com.android.build.gradle.internal.scope.InternalArtifactType$JAVA_RES           : loaded 2 times (x 76B)
Class com.android.build.api.variant.JniLibsTestedApkPackaging                         : loaded 2 times (x 72B)
Class [Lcom.android.build.gradle.tasks.MergeResources$Flag;                           : loaded 2 times (x 71B)
Class com.android.build.gradle.internal.dependency.VariantDependencies$WhenMappings   : loaded 2 times (x 73B)
Class com.android.build.api.variant.impl.CodeTransparencyImpl                         : loaded 2 times (x 77B)
Class com.android.build.api.variant.InternalSources                                   : loaded 2 times (x 72B)
Class com.android.build.api.component.impl.features.OptimizationCreationConfigImpl    : loaded 2 times (x 88B)
Class com.android.build.gradle.internal.plugins.DslContainerProvider$lock$4           : loaded 2 times (x 77B)
Class com.android.build.api.dsl.CompileSdkReleaseSpec                                 : loaded 2 times (x 72B)
Class com.android.build.gradle.internal.core.InternalBaseVariant                      : loaded 2 times (x 72B)
Class com.android.build.gradle.internal.scope.DelayedActionsExecutor                  : loaded 2 times (x 74B)
Class org.jetbrains.kotlin.gradle.internal.properties.PropertiesBuildService$Companion$registerIfAbsent$1: loaded 2 times (x 77B)
Class org.jetbrains.kotlin.gradle.plugin.internal.DefaultConfigurationCacheStartParameterAccessorVariantFactory: loaded 2 times (x 78B)
Class org.jetbrains.kotlin.gradle.dsl.KotlinCommonCompilerToolOptions                 : loaded 2 times (x 72B)
Class com.android.build.gradle.internal.plugins.BasePlugin$Companion$createAndroidJdkImageConfiguration$1: loaded 2 times (x 76B)
Class [Lcom.android.prefs.LocationValue;                                              : loaded 2 times (x 71B)
Class com.android.build.api.variant.impl.VariantBuilderImpl                           : loaded 2 times (x 142B)
Class com.android.build.api.variant.impl.VariantOutputList$Companion                  : loaded 2 times (x 73B)
Class com.android.utils.Environment                                                   : loaded 2 times (x 76B)
Class com.android.build.gradle.internal.plugins.LibraryPlugin                         : loaded 2 times (x 99B)
Class com.android.build.gradle.AssetPackPluginKt                                      : loaded 2 times (x 73B)
Class com.android.build.gradle.tasks.ProcessManifestForMetadataFeatureTask$CreationAction: loaded 2 times (x 92B)
Class com.android.build.gradle.internal.tasks.creationconfig.JavaPreCompileTaskCreationConfig: loaded 2 times (x 72B)
Class com.android.build.gradle.internal.services.BuiltInKaptSupportMode$SupportedForTestFixturesAndScreenshotTest: loaded 2 times (x 73B)
Class com.android.build.gradle.internal.tasks.creationconfig.BaseDexMergingCreationConfig: loaded 2 times (x 126B)
Class com.android.build.gradle.internal.cxx.configure.GradleLocalPropertiesKt         : loaded 2 times (x 73B)
Class com.android.build.gradle.internal.DependencyConfigurator$configureGeneralTransforms$8: loaded 2 times (x 77B)
Class com.android.build.gradle.internal.tasks.factory.BootClasspathConfigImpl$filteredBootClasspath$2$2: loaded 2 times (x 133B)
Class com.android.build.gradle.internal.utils.DesugarLibConfigExtractor               : loaded 2 times (x 80B)
Class com.android.build.gradle.internal.tasks.factory.BootClasspathConfigImpl$fullBootClasspathProvider$2$5: loaded 2 times (x 133B)
Class com.android.build.gradle.internal.dependency.RecalculateStackFramesTransform$Companion$registerRecalculateStackFramesTransform$1: loaded 2 times (x 77B)
Class com.android.build.gradle.internal.scope.InternalArtifactType$AAR_METADATA       : loaded 2 times (x 76B)
Class com.android.build.gradle.internal.SdkComponentsBuildService$VersionedSdkLoader$targetAndroidVersionProvider$1: loaded 2 times (x 77B)
Class com.android.build.gradle.internal.SupportToolsComponents$Companion$build$fileExists$1: loaded 2 times (x 77B)
Class com.android.repository.api.ConsoleProgressIndicator                             : loaded 2 times (x 110B)
Class com.android.sdklib.repository.generated.repository.v2.LayoutlibType             : loaded 2 times (x 76B)
Class com.sun.xml.bind.v2.runtime.JAXBContextImpl$6                                   : loaded 2 times (x 93B)
Class com.sun.xml.bind.v2.model.runtime.RuntimeTypeRef                                : loaded 2 times (x 72B)
Class com.sun.xml.bind.v2.runtime.property.SingleMapNodeProperty                      : loaded 2 times (x 104B)
Class org.jetbrains.kotlin.gradle.tasks.CacheableTasksKt                              : loaded 2 times (x 73B)
Class org.jetbrains.kotlin.gradle.tasks.KotlinJvmCompile$DefaultImpls                 : loaded 2 times (x 73B)
Class com.android.build.api.variant.impl.ApplicationMultiOutputHandler                : loaded 2 times (x 97B)
Class com.google.common.cache.RemovalCause$3                                          : loaded 2 times (x 82B)
Class org.jetbrains.kotlin.gradle.plugin.sources.SourceSetsVisibilityInferenceKt      : loaded 2 times (x 73B)
Class com.android.build.gradle.internal.ide.v2.LibraryImpl                            : loaded 2 times (x 87B)
Class com.android.build.gradle.internal.tasks.featuresplit.PackagedDependenciesWriterTask_Decorated: loaded 2 times (x 385B)
Class com.android.build.gradle.internal.tasks.ProcessJavaResTaskKt                    : loaded 2 times (x 73B)
Class com.android.build.gradle.internal.ide.dependencies.LocalJarCacheImpl            : loaded 2 times (x 77B)
Class com.android.build.gradle.internal.lint.CustomLintCheckUtils$getLocalCustomLintChecks$1: loaded 2 times (x 76B)
Class org.jetbrains.kotlin.build.report.metrics.BuildPerformanceMetrics$Companion     : loaded 2 times (x 73B)
Class com.android.build.gradle.internal.ide.dependencies.LocalJarCache                : loaded 2 times (x 72B)
Class [Lcom.sun.xml.bind.v2.runtime.property.PropertyImpl;                            : loaded 2 times (x 71B)
Class com.sun.xml.bind.v2.runtime.IllegalAnnotationException                          : loaded 2 times (x 88B)
Class com.sun.xml.bind.v2.model.impl.RuntimeEnumLeafInfoImpl                          : loaded 2 times (x 151B)
Class javax.xml.bind.JAXBIntrospector                                                 : loaded 2 times (x 75B)
Class com.android.repository.api.SettingsController                                   : loaded 2 times (x 72B)
Class com.android.build.gradle.internal.scope.InternalArtifactType$AIDL_PARCELABLE    : loaded 2 times (x 76B)
Class com.android.build.gradle.internal.dependency.AarTransform$Companion             : loaded 2 times (x 73B)
Class com.android.build.api.variant.impl.FlatSourceDirectoriesForJavaImpl$internalGenerators$2$1: loaded 2 times (x 78B)
Class com.android.build.gradle.internal.core.dsl.DynamicFeatureVariantDslInfo         : loaded 2 times (x 72B)
Class com.android.build.gradle.internal.tasks.DexMergingTask$CreationAction$WhenMappings: loaded 2 times (x 73B)
Class com.android.build.gradle.internal.tasks.CheckDuplicateClassesTask$CreationAction: loaded 2 times (x 92B)
Class com.android.build.gradle.internal.tasks.MergeJavaResourceTask                   : loaded 2 times (x 370B)
Class [Lorg.jetbrains.kotlin.gradle.plugin.sources.ConsistencyCheck;                  : loaded 2 times (x 71B)
Class com.android.build.api.variant.SourceDirectories                                 : loaded 2 times (x 72B)
Class com.android.build.gradle.internal.tasks.ProcessNavigationXmlTask                : loaded 2 times (x 341B)
Class com.android.build.gradle.internal.scope.InternalArtifactType$CHECK_MANIFEST_RESULT: loaded 2 times (x 76B)
Class com.android.build.gradle.internal.scope.InternalArtifactType$NESTED_RESOURCES_VALIDATION_REPORT: loaded 2 times (x 76B)
Class com.android.build.gradle.internal.HostTestTaskManager$createTopLevelTasksCore$1 : loaded 2 times (x 77B)
Class com.android.build.gradle.internal.core.MergedExternalNativeBuildOptions         : loaded 2 times (x 89B)
Class com.android.build.api.component.impl.OldVariantApiLegacySupportImpl             : loaded 2 times (x 91B)
Class com.android.build.gradle.internal.VariantManager$getFlavorSelection$1           : loaded 2 times (x 80B)
Class com.android.build.gradle.internal.dsl.ModulePropertyKey                         : loaded 2 times (x 72B)
Class com.android.build.api.variant.impl.LintBuilderImpl                              : loaded 2 times (x 78B)
Class com.android.build.gradle.internal.VariantManager$getLazyManifestParser$1        : loaded 2 times (x 81B)
Class com.android.build.gradle.internal.plugins.DslContainerProvider$lock$5           : loaded 2 times (x 77B)
Class com.android.build.gradle.internal.dsl.BundleOptionsStoreArchive$AgpDecorated    : loaded 2 times (x 83B)
Class com.android.build.gradle.internal.dsl.ApplicationExtensionImpl$AgpDecorated_Decorated: loaded 2 times (x 469B)
Class com.android.build.gradle.tasks.PackageAndroidArtifactKt$getPageSize$2           : loaded 2 times (x 76B)
Class org.jetbrains.kotlin.gradle.report.ReportingSettings                            : loaded 2 times (x 74B)
Class org.jetbrains.kotlin.gradle.plugin.KotlinBasePluginWrapper                      : loaded 2 times (x 88B)
Class com.android.build.gradle.internal.plugins.BasePlugin$Companion$createAndroidJdkImageConfiguration$2: loaded 2 times (x 76B)
Class com.android.build.gradle.internal.ManagedDeviceUtilsKt                          : loaded 2 times (x 73B)
Class com.android.build.gradle.internal.ide.dependencies.GraphEdgeCacheImpl$getEdge$1$1: loaded 2 times (x 81B)
Class com.google.gson.TypeAdapter$1                                                   : loaded 2 times (x 76B)
Class org.jetbrains.kotlin.gradle.plugin.CreateCompilerArgumentsContextImpl           : loaded 2 times (x 77B)
Class org.jetbrains.kotlin.cli.common.arguments.Argument                              : loaded 2 times (x 72B)
Class com.android.build.gradle.internal.services.GlobalServiceRegistrationAction      : loaded 2 times (x 75B)
Class org.jetbrains.kotlin.cli.common.CompilerSystemProperties                        : loaded 2 times (x 81B)
Class com.google.common.base.AbstractIterator$State                                   : loaded 2 times (x 81B)
Class com.google.common.reflect.Types$ClassOwnership$1                                : loaded 2 times (x 82B)
Class com.google.common.collect.MapMakerInternalMap$Strength$2                        : loaded 2 times (x 82B)
Class sync_studio_tooling10_2tb5jvd32xsbf4lyx3qz5qqvo                                 : loaded 2 times (x 173B)
Class org.gradle.api.internal.ClassPathProvider                                       : loaded 2 times (x 72B)
Class [Lorg.gradle.api.internal.ClassPathProvider;                                    : loaded 2 times (x 71B)
Class org.gradle.accessors.dm.LibrariesForLibs$BundleAccessors                        : loaded 2 times (x 75B)
Class com.android.build.api.variant.DslLifecycle                                      : loaded 2 times (x 72B)
Class com.android.build.gradle.internal.dsl.ApplicationExtensionImpl                  : loaded 2 times (x 389B)
Class com.android.build.gradle.internal.errors.SyncIssueReporterImpl                  : loaded 2 times (x 79B)
Class com.android.build.gradle.internal.component.ApplicationCreationConfig           : loaded 2 times (x 72B)
Class com.android.build.gradle.internal.lint.AndroidLintInputs                        : loaded 2 times (x 73B)
Class com.google.protobuf.AbstractMessage                                             : loaded 2 times (x 166B)
Class com.android.tools.analytics.HostDataKt                                          : loaded 2 times (x 73B)
Class org.jetbrains.kotlin.gradle.plugin.VariantImplementationFactories$Companion$getProvider$2$1: loaded 2 times (x 81B)
Class com.google.common.base.CaseFormat$1                                             : loaded 2 times (x 85B)
Class com.android.build.gradle.internal.dsl.KeepRulesImpl$AgpDecorated_Decorated      : loaded 2 times (x 144B)
Class com.android.build.gradle.internal.api.artifact.SourceArtifactType$JAVA_SOURCES  : loaded 2 times (x 76B)
Class com.android.build.gradle.internal.api.artifact.SourceArtifactType$ASSETS        : loaded 2 times (x 76B)
Class com.android.build.gradle.internal.tasks.factory.TaskFactoryUtils                : loaded 2 times (x 73B)
Class com.android.build.gradle.internal.TaskManager$Companion$createTasksBeforeEvaluate$6: loaded 2 times (x 76B)
Class com.android.build.api.variant.AndroidVersion                                    : loaded 2 times (x 72B)
Class com.android.build.gradle.tasks.ProcessPackagedManifestTask                      : loaded 2 times (x 338B)
Class com.google.common.cache.RemovalCause$4                                          : loaded 2 times (x 82B)
Class com.google.common.base.Suppliers$MemoizingSupplier                              : loaded 2 times (x 81B)
Class org.apache.commons.io.StandardLineSeparator                                     : loaded 2 times (x 81B)
Class com.google.common.io.CharSource$EmptyCharSource                                 : loaded 2 times (x 88B)
Class com.android.repository.impl.generated.v1.PatchType                              : loaded 2 times (x 89B)
Class com.sun.xml.bind.v2.runtime.reflect.Accessor$ReadOnlyFieldReflection            : loaded 2 times (x 87B)
Class com.sun.xml.bind.v2.model.core.AttributePropertyInfo                            : loaded 2 times (x 72B)
Class com.sun.xml.bind.v2.model.impl.RuntimeReferencePropertyInfoImpl                 : loaded 2 times (x 143B)
Class javax.xml.bind.Binder                                                           : loaded 2 times (x 87B)
Class javax.xml.bind.JAXBContext                                                      : loaded 2 times (x 80B)
Class [Lcom.android.repository.Revision$PreviewComparison;                            : loaded 2 times (x 71B)
Class com.android.builder.sdk.SdkLibData                                              : loaded 2 times (x 79B)
Class com.android.build.gradle.internal.scope.InternalArtifactType$CONSUMER_PROGUARD_DIR: loaded 2 times (x 76B)
Class com.android.build.gradle.internal.tasks.SigningReportTask                       : loaded 2 times (x 324B)
Class com.android.build.gradle.internal.tasks.ListingFileRedirectTask$CreationAction$handleProvider$1: loaded 2 times (x 133B)
Class com.android.build.gradle.internal.res.LinkApplicationAndroidResourcesTask$CreationAction: loaded 2 times (x 98B)
Class com.android.build.gradle.tasks.ProcessApplicationManifest$CreationAction$handleProvider$1: loaded 2 times (x 133B)
Class com.android.build.gradle.internal.HostTestTaskManager$createTopLevelTasksCore$2 : loaded 2 times (x 77B)
Class com.android.build.api.instrumentation.FramesComputationMode                     : loaded 2 times (x 81B)
Class com.android.build.api.variant.DependenciesInfo                                  : loaded 2 times (x 72B)
Class com.android.build.gradle.internal.VariantManager$getFlavorSelection$2           : loaded 2 times (x 81B)
Class com.android.build.api.variant.impl.GlobalVariantBuilderConfigImpl               : loaded 2 times (x 79B)
Class com.android.build.gradle.internal.plugins.DslContainerProvider$lock$6           : loaded 2 times (x 77B)
Class com.android.build.gradle.internal.dsl.TargetSdkSpecImpl$AgpDecorated_Decorated  : loaded 2 times (x 131B)
Class com.android.build.gradle.internal.lint.AndroidLintGlobalTask$LintFixCreationAction$Companion: loaded 2 times (x 73B)
Class com.android.build.api.artifact.impl.SinglePropertyAdapter                       : loaded 2 times (x 80B)
Class com.android.build.api.artifact.impl.TypedStorageProvider                        : loaded 2 times (x 74B)
Class com.android.build.gradle.internal.dsl.VariantDimensionBinaryCompatibilityFixParent: loaded 2 times (x 72B)
Class org.jetbrains.kotlin.gradle.dsl.JvmDefaultMode                                  : loaded 2 times (x 81B)
Class org.jetbrains.kotlin.gradle.plugin.ProjectLocalConfigurations$ProjectLocalCompatibility: loaded 2 times (x 78B)
Class org.jetbrains.kotlin.gradle.plugin.internal.DefaultMavenPublicationComponentAccessor: loaded 2 times (x 77B)
Class org.jetbrains.kotlin.gradle.plugin.internal.DefaultProjectIsolationStartParameterAccessor$Factory: loaded 2 times (x 78B)
Class org.jetbrains.kotlin.gradle.dsl.KotlinJvmCompilerOptions                        : loaded 2 times (x 72B)
Class com.android.build.gradle.internal.services.VersionedSdkLoaderService$versionedSdkLoader$2$1: loaded 2 times (x 77B)
Class com.android.build.gradle.internal.ide.dependencies.LibraryDependencyCacheBuildService$Parameters: loaded 2 times (x 72B)
Class com.google.wireless.android.sdk.stats.GradleBuildMemorySample                   : loaded 2 times (x 204B)
Class com.android.build.gradle.internal.res.Aapt2FromMaven$Companion$create$aapt2Directory$1$1: loaded 2 times (x 76B)
Class com.google.common.collect.ForwardingMap                                         : loaded 2 times (x 134B)
Class com.android.build.gradle.internal.scope.InternalArtifactType$PACKAGED_MANIFESTS : loaded 2 times (x 76B)
Class com.android.build.gradle.options.ProjectOptions$OptionValue                     : loaded 2 times (x 74B)
Class com.android.build.api.dsl.ApkExtension                                          : loaded 2 times (x 72B)
Class jdk.internal.jimage.ImageStrings                                                : loaded 2 times (x 72B)
Class com.android.build.api.artifact.OutOperationRequest                              : loaded 2 times (x 72B)
Class com.android.build.gradle.internal.scope.InternalArtifactType$SUB_PROJECT_DEX_ARCHIVE: loaded 2 times (x 76B)
Class com.android.build.gradle.internal.tasks.DexMergingTask$CreationAction$handleProvider$1: loaded 2 times (x 133B)
Class com.android.build.gradle.internal.tasks.ParseIntegrityConfigTask$CreationAction : loaded 2 times (x 92B)
Class com.android.build.api.variant.impl.SourceType                                   : loaded 2 times (x 81B)
Class com.android.build.gradle.internal.cxx.logging.ThreadLoggingEnvironment$Companion$LoggerStack: loaded 2 times (x 74B)
Class com.android.build.gradle.internal.dependency.ExtractAarTransform                : loaded 2 times (x 80B)
Class com.android.build.gradle.internal.DependencyConfigurator$configureGeneralTransforms$7: loaded 2 times (x 77B)
Class com.android.build.gradle.internal.tasks.factory.BootClasspathConfigImpl$filteredBootClasspath$2$1: loaded 2 times (x 133B)
Class com.android.build.gradle.internal.tasks.factory.BootClasspathConfigImpl$fullBootClasspathProvider$2$4: loaded 2 times (x 133B)
Class com.android.build.gradle.internal.scope.InternalArtifactType$FEATURE_PUBLISHED_DEX: loaded 2 times (x 76B)
Class com.android.repository.impl.generated.v2.DependencyType                         : loaded 2 times (x 83B)
Class com.sun.xml.bind.v2.runtime.JAXBContextImpl$5                                   : loaded 2 times (x 76B)
Class ijKotlinCoroutineJvmDebugInit1_1fvwp385mdn4ky7ioxxjvrpd$_run_closure1           : loaded 2 times (x 140B)
Class com.google.common.cache.RemovalCause$5                                          : loaded 2 times (x 82B)
Class com.google.common.collect.Maps$AbstractFilteredMap                              : loaded 2 times (x 129B)
Class [Lcom.google.common.collect.MapMakerInternalMap$Strength;                       : loaded 2 times (x 71B)
Class org.jetbrains.kotlin.gradle.tasks.CompilerPluginOptionsKt                       : loaded 2 times (x 73B)
Class com.android.ide.common.caching.CreatingCache$ValueState                         : loaded 2 times (x 74B)
Class com.android.build.gradle.internal.ide.dependencies.LibraryCacheImpl$getLibrary$1$1: loaded 2 times (x 81B)
Class com.sun.xml.bind.v2.model.runtime.RuntimeValuePropertyInfo                      : loaded 2 times (x 72B)
Class com.android.build.gradle.internal.ide.dependencies.LibraryServiceImpl           : loaded 2 times (x 78B)
Class com.android.build.gradle.internal.ide.dependencies.LibraryService               : loaded 2 times (x 72B)
Class com.android.build.gradle.internal.cxx.configure.NativeModelBuilderOutcome$1     : loaded 2 times (x 153B)
Class org.jetbrains.kotlin.buildtools.api.SourcesChanges                              : loaded 2 times (x 72B)
Class com.sun.xml.bind.v2.runtime.reflect.PrimitiveArrayListerBoolean                 : loaded 2 times (x 78B)
Class com.sun.xml.bind.v2.runtime.property.Property                                   : loaded 2 times (x 72B)
Class com.android.sdklib.repository.generated.sysimg.v3.SysImgDetailsType             : loaded 2 times (x 146B)
Class com.android.repository.api.RepositorySource                                     : loaded 2 times (x 72B)
Class com.sun.xml.bind.v2.model.impl.ClassInfoImpl$1                                  : loaded 2 times (x 73B)
Class com.sun.xml.bind.v2.runtime.reflect.Accessor$GetterOnlyReflection               : loaded 2 times (x 87B)
Class javax.xml.bind.annotation.XmlMixed                                              : loaded 2 times (x 72B)
Class com.sun.xml.bind.v2.model.nav.ReflectionNavigator                               : loaded 2 times (x 125B)
Class com.sun.xml.bind.v2.model.annotation.AnnotationReader                           : loaded 2 times (x 72B)
Class com.android.repository.impl.generated.v1.LicenseType                            : loaded 2 times (x 89B)
Class com.android.sdklib.repository.generated.common.v1.LibraryType                   : loaded 2 times (x 92B)
Class com.android.sdklib.repository.meta.DetailsTypes$AddonDetailsType                : loaded 2 times (x 72B)
Class com.android.sdklib.repository.legacy.remote.internal.DownloadCache              : loaded 2 times (x 79B)
Class com.android.build.gradle.internal.scope.InternalArtifactType$PUBLIC_RES         : loaded 2 times (x 76B)
Class com.android.build.api.variant.impl.JniLibsTestedApkPackagingImpl$testOnly$1     : loaded 2 times (x 77B)
Class com.android.build.gradle.internal.tasks.CompressAssetsTask$CreationAction$handleProvider$1: loaded 2 times (x 133B)
Class com.android.build.gradle.tasks.ProcessMultiApkApplicationManifest$CreationAction: loaded 2 times (x 92B)
Class com.android.build.gradle.tasks.ProcessApplicationManifest$CreationAction$handleProvider$2: loaded 2 times (x 133B)
Class com.android.build.gradle.internal.tasks.PrepareLintJarForPublish                : loaded 2 times (x 331B)
Class com.android.build.gradle.internal.VariantTaskManager$Companion                  : loaded 2 times (x 73B)
Class com.android.build.api.variant.VariantOutputConfiguration                        : loaded 2 times (x 72B)
Class com.android.build.gradle.internal.tasks.ExtractProguardFiles$CreationAction$handleProvider$1: loaded 2 times (x 133B)
Class com.google.wireless.android.sdk.stats.GradleBuildProject$CompileOptionsOrBuilder: loaded 2 times (x 72B)
Class com.android.build.gradle.internal.dsl.Splits$AgpDecorated_Decorated             : loaded 2 times (x 131B)
Class com.android.repository.Revision$Precision                                       : loaded 2 times (x 81B)
Class com.android.build.api.dsl.ApplicationInstallation                               : loaded 2 times (x 72B)
Class com.android.build.api.dsl.ConfigurableFiles                                     : loaded 2 times (x 72B)
Class org.jetbrains.kotlin.gradle.utils.Completable                                   : loaded 2 times (x 74B)
Class org.jetbrains.kotlin.gradle.plugin.DefaultKotlinBasePlugin$addKotlinCompilerConfiguration$2$1: loaded 2 times (x 77B)
Class org.jetbrains.kotlin.gradle.plugin.internal.DefaultCompatibilityConventionRegistrar$Factory: loaded 2 times (x 78B)
Class com.android.builder.internal.StringCachingService                               : loaded 2 times (x 72B)
Class com.google.protobuf.Internal$EnumLiteMap                                        : loaded 2 times (x 72B)
Class com.google.wireless.android.sdk.stats.GradleBuildMemorySample$1                 : loaded 2 times (x 153B)
Class com.google.gson.internal.bind.TypeAdapters$34$1                                 : loaded 2 times (x 76B)
Class com.sun.xml.bind.v2.model.impl.ClassInfoImpl$PropertyGroup                      : loaded 2 times (x 81B)
Class com.android.build.gradle.options.FeatureStage$Experimental                      : loaded 2 times (x 74B)
Class [Lcom.android.build.gradle.internal.errors.DeprecationReporter$DeprecationTarget;: loaded 2 times (x 71B)
Class com.android.build.gradle.internal.services.ProjectServices                      : loaded 2 times (x 74B)
Class com.sun.xml.bind.v2.model.core.ID                                               : loaded 2 times (x 81B)
Class com.android.sdklib.repository.generated.addon.v3.MavenType                      : loaded 2 times (x 82B)
Class com.sun.xml.bind.v2.runtime.property.ArrayProperty                              : loaded 2 times (x 104B)
Class com.sun.xml.bind.v2.runtime.property.PropertyFactory$1                          : loaded 2 times (x 73B)
Class com.android.build.gradle.internal.EmulatorComponents$Companion$build$fileExists$1: loaded 2 times (x 77B)
Class [Lcom.android.build.gradle.internal.ProguardFileType;                           : loaded 2 times (x 71B)
Class com.android.build.gradle.internal.scope.InternalArtifactType$BUILT_IN_KAPT_GENERATED_JAVA_SOURCES: loaded 2 times (x 76B)
Class com.android.build.gradle.internal.ide.dependencies.FullDependencyGraphBuilder   : loaded 2 times (x 74B)
Class com.google.common.io.CharSource$ConcatenatedCharSource                          : loaded 2 times (x 88B)
Class com.google.common.collect.Maps$ViewCachingAbstractMap                           : loaded 2 times (x 127B)
Class com.google.common.collect.MapMakerInternalMap$Strength$1                        : loaded 2 times (x 82B)
Class [Lcom.google.common.base.Function;                                              : loaded 2 times (x 71B)
Class org.gradle.api.internal.DefaultClassPathProvider                                : loaded 2 times (x 78B)
Class com.android.build.gradle.internal.dsl.CommonExtensionImpl                       : loaded 2 times (x 210B)
Class com.android.build.gradle.internal.services.BaseServicesImpl                     : loaded 2 times (x 85B)
Class org.jetbrains.kotlin.gradle.plugin.VariantImplementationFactoriesConfigurator$Companion$getProvider$1: loaded 2 times (x 76B)
Class com.google.common.collect.Iterables$4                                           : loaded 2 times (x 83B)
Class com.google.common.cache.LocalCache$WriteThroughEntry                            : loaded 2 times (x 81B)
Class com.google.common.cache.LocalCache$HashIterator                                 : loaded 2 times (x 88B)
Class com.google.common.collect.MapMakerInternalMap$StrongKeyDummyValueSegment        : loaded 2 times (x 143B)
Class org.jetbrains.kotlin.gradle.plugin.ide.IdeCompilerArgumentsResolver             : loaded 2 times (x 72B)
Class org.jetbrains.kotlin.gradle.fus.BuildUidService$Companion                       : loaded 2 times (x 73B)
Class com.android.build.gradle.internal.ide.dependencies.BuildIdentifierMethods       : loaded 2 times (x 73B)
Class com.android.build.gradle.internal.profile.AnalyticsService$Params$Inject_       : loaded 2 times (x 122B)
Class com.android.build.gradle.internal.tasks.PrepareLintJarForPublishKt$getPublishedCustomLintChecks$1: loaded 2 times (x 77B)
Class org.jetbrains.kotlin.gradle.tasks.DefaultKotlinJavaToolchain$DefaultJdkSetter   : loaded 2 times (x 78B)
Class org.jetbrains.kotlin.gradle.plugin.PropertiesProvider$kotlinExperimentalTryNext$1: loaded 2 times (x 77B)
Class com.sun.xml.bind.v2.model.impl.PropertyInfoImpl$1                               : loaded 2 times (x 73B)
Class javax.xml.bind.annotation.XmlInlineBinaryData                                   : loaded 2 times (x 72B)
Class com.sun.xml.bind.v2.runtime.Location                                            : loaded 2 times (x 72B)
Class javax.xml.bind.JAXBContextFactory                                               : loaded 2 times (x 72B)
Class com.android.build.gradle.internal.SystemPropertiesFactory                       : loaded 2 times (x 73B)
Class com.android.build.gradle.internal.scope.InternalArtifactType$DATA_BINDING_ARTIFACT: loaded 2 times (x 76B)
Class com.android.build.gradle.internal.scope.InternalArtifactType$ANDROID_TEST_LINT_PARTIAL_RESULTS: loaded 2 times (x 76B)
Class com.android.build.gradle.internal.dependency.ExtractNavigationXmlTransform$Inject_1: loaded 2 times (x 111B)
Class com.android.build.gradle.internal.dependency.ClassesDirToClassesTransform$Inject_1: loaded 2 times (x 111B)
Class com.android.build.gradle.internal.services.Aapt2Input                           : loaded 2 times (x 72B)
Class com.android.build.gradle.internal.SdkLocationSourceSet                          : loaded 2 times (x 74B)
Class com.android.build.api.variant.impl.SigningConfigImpl$storeType$1                : loaded 2 times (x 133B)
Class com.android.build.gradle.internal.tasks.GlobalSyntheticsGeneratorTask$CreationAction$handleProvider$1: loaded 2 times (x 133B)
Class org.jetbrains.kotlin.gradle.dsl.KotlinVersion$Companion                         : loaded 2 times (x 73B)
Class org.jetbrains.kotlin.gradle.plugin.mpp.KotlinOnlyTarget                         : loaded 2 times (x 155B)
Class com.android.build.gradle.tasks.KotlinTaskCreationAction                         : loaded 2 times (x 78B)
Class com.android.build.gradle.tasks.ProcessApplicationManifest$CreationAction$handleProvider$3: loaded 2 times (x 133B)
Class com.android.build.gradle.internal.scope.InternalArtifactType$APK_IDE_MODEL      : loaded 2 times (x 76B)
Class com.android.build.gradle.internal.ScreenshotTestTaskManager                     : loaded 2 times (x 84B)
Class com.android.build.gradle.internal.variant.TestVariantData                       : loaded 2 times (x 74B)
Class com.android.build.gradle.internal.scope.MutableTaskContainer                    : loaded 2 times (x 98B)
Class com.android.build.api.attributes.AgpVersionAttr$Companion                       : loaded 2 times (x 73B)
Class com.android.build.api.variant.impl.DeviceTestBuilderImpl$Companion              : loaded 2 times (x 73B)
Class com.android.build.gradle.internal.core.MergedOptimization                       : loaded 2 times (x 78B)
Class com.android.build.gradle.internal.core.dsl.impl.ComponentDslInfoImpl            : loaded 2 times (x 122B)
Class com.android.build.gradle.internal.manifest.ManifestValueSource$Params           : loaded 2 times (x 72B)
Class com.android.build.gradle.internal.services.VariantBuilderServicesImpl           : loaded 2 times (x 90B)
Class com.android.build.gradle.internal.dsl.BundleOptionsDensity$AgpDecorated_Decorated: loaded 2 times (x 127B)
Class com.android.build.gradle.internal.dsl.AdbOptions                                : loaded 2 times (x 89B)
Class com.android.build.api.artifact.ArtifactKind                                     : loaded 2 times (x 74B)
Class com.android.build.gradle.internal.dsl.PackagingOptions                          : loaded 2 times (x 113B)
Class com.android.build.api.dsl.JavaCompileOptions                                    : loaded 2 times (x 72B)
Class com.android.build.gradle.internal.dsl.BundleOptionsTexture                      : loaded 2 times (x 83B)
Class org.bouncycastle.operator.OperatorCreationException                             : loaded 2 times (x 84B)
Class org.jetbrains.kotlin.gradle.dsl.DefaultToolchainSupport                         : loaded 2 times (x 78B)
Class org.jetbrains.kotlin.gradle.plugin.VariantImplementationFactories$Inject_       : loaded 2 times (x 108B)
Class org.jetbrains.kotlin.gradle.plugin.internal.CustomPropertiesFileValueSource     : loaded 2 times (x 84B)
Class org.jetbrains.kotlin.gradle.InternalKotlinGradlePluginApi                       : loaded 2 times (x 72B)
Class [Lcom.android.prefs.VariableType;                                               : loaded 2 times (x 71B)
Class org.jetbrains.kotlin.gradle.targets.native.toolchain.KotlinNativeBundleBuildService$Companion$registerIfAbsent$1: loaded 2 times (x 77B)
Class com.google.protobuf.LazyStringList                                              : loaded 2 times (x 72B)
Class com.android.utils.Environment$Companion                                         : loaded 2 times (x 73B)
Class org.gradle.accessors.dm.LibrariesForLibs$AndroidPluginAccessors                 : loaded 2 times (x 76B)
Class org.jetbrains.kotlin.gradle.utils.ProviderApiUtilsKt$mapOrNull$1                : loaded 2 times (x 77B)
Class com.android.build.gradle.internal.dsl.OptimizationImpl$AgpDecorated_Decorated   : loaded 2 times (x 139B)
Class com.android.build.api.variant.LintLifecycleExtension                            : loaded 2 times (x 72B)
Class com.android.build.api.artifact.impl.InternalScopedArtifacts$InternalScope       : loaded 2 times (x 81B)
Class com.android.build.gradle.internal.TaskManager$Companion$createTasksBeforeEvaluate$5: loaded 2 times (x 76B)
Class com.android.build.gradle.internal.core.dsl.impl.features.RenderscriptDslInfoImpl: loaded 2 times (x 81B)
Class com.android.build.gradle.internal.publishing.AndroidArtifacts$PublishedConfigType: loaded 2 times (x 81B)
Class com.android.build.gradle.internal.component.TestComponentCreationConfig         : loaded 2 times (x 72B)
Class com.android.build.api.variant.impl.BundleConfigImpl                             : loaded 2 times (x 78B)
Class com.android.build.api.artifact.InAndOutDirectoryOperationRequest                : loaded 2 times (x 72B)
Class com.android.build.api.variant.impl.JniLibsPackagingImpl$excludes$1              : loaded 2 times (x 77B)
Class com.android.build.api.variant.JniLibsApkPackaging                               : loaded 2 times (x 72B)
Class org.jetbrains.kotlin.buildtools.api.jvm.ClassSnapshotGranularity                : loaded 2 times (x 81B)
Class org.jetbrains.kotlin.gradle.ExternalKotlinTargetApi                             : loaded 2 times (x 72B)
Class com.android.build.gradle.internal.scope.InternalMultipleArtifactType            : loaded 2 times (x 76B)
Class com.android.build.gradle.internal.tasks.SigningConfigWriterTask                 : loaded 2 times (x 339B)
Class com.android.build.api.component.impl.DefaultSourcesProviderImpl$getKotlin$1     : loaded 2 times (x 133B)
Class com.android.build.gradle.internal.cxx.logging.ThreadLoggingEnvironment$Companion$BottomLoggingEnvironment: loaded 2 times (x 82B)
Class com.android.build.gradle.internal.tasks.factory.BootClasspathConfigImpl$sam$org_gradle_api_Transformer$0: loaded 2 times (x 77B)
Class com.android.build.gradle.internal.tasks.factory.BootClasspathConfigImpl$fullBootClasspathProvider$2$3: loaded 2 times (x 133B)
Class com.google.common.collect.Iterables$5                                           : loaded 2 times (x 83B)
Class [Lcom.google.common.collect.MapMaker$Dummy;                                     : loaded 2 times (x 71B)
Class com.google.common.base.CharMatcher$Whitespace                                   : loaded 2 times (x 114B)
Class com.google.common.reflect.Types$NativeTypeVariableEquals                        : loaded 2 times (x 73B)
Class com.google.common.reflect.TypeParameter                                         : loaded 2 times (x 74B)
Class com.android.build.gradle.internal.publishing.PublishingSpecsKt                  : loaded 2 times (x 73B)
Class com.android.build.gradle.internal.ide.v2.ProjectInfoImpl                        : loaded 2 times (x 85B)
Class com.android.build.gradle.internal.ide.v2.ArtifactDependenciesAdjacencyListImpl  : loaded 2 times (x 79B)
Class com.android.build.gradle.internal.signing.SigningConfigDataProvider_Decorated   : loaded 2 times (x 143B)
Class com.android.build.gradle.internal.ide.v2.LintOptionsImpl$Companion              : loaded 2 times (x 73B)
Class com.android.build.gradle.internal.ide.v2.LintOptionsImpl                        : loaded 2 times (x 109B)
Class com.android.build.gradle.internal.ide.Utils                                     : loaded 2 times (x 73B)
Class org.jetbrains.kotlin.gradle.tasks.TaskOutputsBackup                             : loaded 2 times (x 74B)
Class com.android.build.api.variant.impl.FlatSourceDirectoriesImpl$getAsFileTreesForOldVariantAPI$1: loaded 2 times (x 77B)
Class com.sun.xml.bind.v2.runtime.JaxBeanInfo$1                                       : loaded 2 times (x 79B)
Class javax.xml.bind.ValidationEvent                                                  : loaded 2 times (x 72B)
Class com.sun.xml.bind.v2.model.impl.Utils                                            : loaded 2 times (x 73B)
Class com.android.repository.api.Channel                                              : loaded 2 times (x 83B)
Class com.android.sdklib.repository.meta.Library                                      : loaded 2 times (x 91B)
Class com.android.sdklib.repository.generated.sysimg.v4.ObjectFactory                 : loaded 2 times (x 77B)
Class com.android.build.gradle.internal.PlatformToolsComponents$Companion$build$fileExists$1: loaded 2 times (x 77B)
Class com.android.build.gradle.internal.SdkComponentsBuildService$VersionedSdkLoader$coreForSystemModulesProvider$1: loaded 2 times (x 77B)
Class com.android.build.gradle.internal.scope.InternalArtifactType$FEATURE_NAME       : loaded 2 times (x 76B)
Class com.android.build.gradle.internal.scope.InternalArtifactType$AAPT_PROGUARD_FILE : loaded 2 times (x 76B)
Class com.android.build.api.artifact.SingleArtifact$OBFUSCATION_MAPPING_FILE          : loaded 2 times (x 76B)
Class com.android.build.gradle.internal.dependency.DexingOutputSplitTransform$DexOutput: loaded 2 times (x 81B)
Class com.android.build.gradle.internal.dependency.LibrarySymbolTableTransform$Inject_1: loaded 2 times (x 111B)
Class com.android.build.gradle.internal.NdkHandlerInput                               : loaded 2 times (x 75B)
Class com.android.build.gradle.internal.scope.InternalArtifactType$CODE_COVERAGE      : loaded 2 times (x 76B)
Class com.android.build.api.variant.impl.FileBasedDirectoryEntryImpl                  : loaded 2 times (x 87B)
Class com.android.build.gradle.internal.scope.InternalArtifactType$NATIVE_SYMBOL_TABLES: loaded 2 times (x 76B)
Class [Lcom.android.build.gradle.internal.scope.Java8LangSupport;                     : loaded 2 times (x 71B)
Class com.android.build.gradle.internal.tasks.MergeGeneratedProguardFilesCreationAction$Companion: loaded 2 times (x 73B)
Class org.jetbrains.kotlin.gradle.internal.CompilerOptionsDslHelpersKt                : loaded 2 times (x 73B)
Class org.jetbrains.kotlin.gradle.internal.transforms.BuildToolsApiClasspathEntrySnapshotTransform$Inject_1: loaded 2 times (x 115B)
Class com.android.build.gradle.internal.component.KmpComponentCreationConfig          : loaded 2 times (x 72B)
Class com.android.build.gradle.tasks.ProcessApplicationManifest$CreationAction$handleProvider$4: loaded 2 times (x 76B)
Class com.android.build.gradle.tasks.ProcessApplicationManifest                       : loaded 2 times (x 365B)
Class com.android.build.gradle.internal.scope.AndroidTestBuildFeatureValuesImpl       : loaded 2 times (x 102B)
Class com.android.build.gradle.internal.tasks.factory.GlobalTaskCreationConfigImpl$Companion: loaded 2 times (x 73B)
Class com.android.build.api.dsl.UnitTestOptions                                       : loaded 2 times (x 72B)
Class com.android.builder.core.ToolsRevisionUtils                                     : loaded 2 times (x 73B)
Class com.android.sdklib.repository.legacy.FileOp                                     : loaded 2 times (x 79B)
Class com.android.builder.model.BaseConfig                                            : loaded 2 times (x 72B)
Class com.android.build.gradle.internal.dsl.AndroidSourceSetFactory                   : loaded 2 times (x 79B)
Class [Lcom.google.wireless.android.sdk.stats.GradleBuildVariant$VariantType;         : loaded 2 times (x 71B)
Class org.jetbrains.kotlin.gradle.internal.properties.NativePropertiesLoader$konanDataDirProperty$1: loaded 2 times (x 77B)
Class org.jetbrains.kotlin.gradle.plugin.KotlinGradleBuildServices$Inject_            : loaded 2 times (x 102B)
Class org.jetbrains.kotlin.gradle.plugin.KotlinGradleBuildServices$Companion$registerIfAbsent$2$1: loaded 2 times (x 81B)
Class org.jetbrains.kotlin.gradle.plugin.PropertiesProvider$keepIncrementalCompilationCachesInMemory$1: loaded 2 times (x 81B)
Class org.jetbrains.kotlin.gradle.plugin.VariantImplementationFactoriesConfigurator$Inject_: loaded 2 times (x 98B)
Class com.android.prefs.QueryResult                                                   : loaded 2 times (x 84B)
Class com.google.protobuf.MutabilityOracle                                            : loaded 2 times (x 72B)
Class com.google.protobuf.GeneratedMessageV3$Builder                                  : loaded 2 times (x 280B)
Class com.android.build.gradle.options.ApiStage$Removed                               : loaded 2 times (x 74B)
Class com.android.build.gradle.internal.plugins.BasePlugin$apply$1                    : loaded 2 times (x 77B)
Class com.sun.xml.bind.v2.model.core.Element                                          : loaded 2 times (x 72B)
Class com.android.sdklib.repository.generated.repository.v4.PlatformDetailsType       : loaded 2 times (x 131B)
Class com.sun.xml.bind.v2.model.impl.DummyPropertyInfo                                : loaded 2 times (x 72B)
Class com.sun.xml.bind.v2.model.impl.AttributePropertyInfoImpl                        : loaded 2 times (x 126B)
Class com.sun.xml.bind.v2.model.impl.MapPropertyInfoImpl                              : loaded 2 times (x 121B)
Class com.sun.xml.bind.v2.model.impl.RuntimeMapPropertyInfoImpl                       : loaded 2 times (x 139B)
Class com.android.build.gradle.internal.scope.BootClasspathBuilder$CacheKey           : loaded 2 times (x 74B)
Class com.android.build.gradle.internal.dependency.JdkImageTransform$Parameters_Decorated: loaded 2 times (x 140B)
Class org.jetbrains.kotlin.incremental.ClasspathChanges                               : loaded 2 times (x 73B)
Class com.android.build.gradle.internal.ide.v2.LibraryInfoImpl$Companion              : loaded 2 times (x 73B)
Class org.jetbrains.kotlin.gradle.tasks.KotlinCompile$createCompilerArguments$1$2$1   : loaded 2 times (x 81B)
Class com.google.common.base.Splitter                                                 : loaded 2 times (x 74B)
Class com.google.common.collect.Iterators$EmptyModifiableIterator                     : loaded 2 times (x 88B)
Class org.gradle.accessors.dm.LibrariesForLibs                                        : loaded 2 times (x 88B)
Class com.android.build.gradle.internal.plugins.AppPlugin                             : loaded 2 times (x 99B)
Class com.android.build.gradle.options.FutureStage                                    : loaded 2 times (x 74B)
Class com.google.gson.internal.bind.TypeAdapters$34                                   : loaded 2 times (x 78B)
Class com.google.protobuf.Internal                                                    : loaded 2 times (x 73B)
Class org.jetbrains.kotlin.gradle.plugin.sources.DefaultKotlinSourceSetFactory        : loaded 2 times (x 82B)
Class com.android.build.api.dsl.LibraryAndroidResources                               : loaded 2 times (x 72B)
Class com.google.common.collect.ImmutableMapKeySet                                    : loaded 2 times (x 154B)
Class org.jetbrains.kotlin.cli.common.arguments.InternalArgument                      : loaded 2 times (x 72B)
Class com.android.ide.common.caching.CreatingCache$State                              : loaded 2 times (x 81B)
Class com.android.build.api.dsl.TestExtension                                         : loaded 2 times (x 72B)
Class com.google.common.base.VerifyException                                          : loaded 2 times (x 84B)
Class com.android.build.gradle.internal.ide.v2.TestInfoImpl$Companion                 : loaded 2 times (x 73B)
Class org.jetbrains.kotlin.gradle.internal.Kapt3KotlinGradleSubpluginKt               : loaded 2 times (x 73B)
Class com.android.build.gradle.internal.ProguardFileType                              : loaded 2 times (x 81B)
Class com.sun.xml.bind.v2.runtime.property.ArrayERProperty$ReceiverImpl               : loaded 2 times (x 77B)
Class com.sun.xml.bind.v2.runtime.reflect.Utils$1                                     : loaded 2 times (x 79B)
Class [Ljavax.xml.bind.annotation.XmlElement;                                         : loaded 2 times (x 71B)
Class javax.xml.bind.annotation.XmlAccessType                                         : loaded 2 times (x 81B)
Class javax.xml.bind.annotation.XmlType                                               : loaded 2 times (x 72B)
Class com.sun.xml.bind.v2.model.annotation.XmlEnumQuick                               : loaded 2 times (x 93B)
Class com.sun.xml.bind.v2.model.annotation.RuntimeInlineAnnotationReader              : loaded 2 times (x 108B)
Class com.android.build.gradle.tasks.GenerateBuildConfig                              : loaded 2 times (x 348B)
Class com.android.build.gradle.tasks.AidlCompile                                      : loaded 2 times (x 340B)
Class com.android.build.gradle.internal.dependency.RecalculateStackFramesTransform$Companion$registerRecalculateStackFramesTransform$1$1: loaded 2 times (x 77B)
Class com.android.build.gradle.internal.dependency.RecalculateStackFramesTransform    : loaded 2 times (x 81B)
Class com.android.build.api.artifact.SingleArtifact$BUNDLE                            : loaded 2 times (x 76B)
Class com.android.build.gradle.internal.tasks.ApplicationTaskManager$doCreateTasksForVariant$d8DexStartupOptimizationEnabled$1: loaded 2 times (x 76B)
Class com.android.build.gradle.internal.scope.InternalArtifactType$DEX_METADATA_DIRECTORY: loaded 2 times (x 76B)
Class org.jetbrains.kotlin.gradle.dsl.KotlinJvmCompile                                : loaded 2 times (x 72B)
Class com.android.build.gradle.internal.scope.InternalArtifactType$ANNOTATION_PROCESSOR_LIST: loaded 2 times (x 76B)
Class com.android.build.gradle.tasks.GenerateManifestJarTask$CreationAction           : loaded 2 times (x 92B)
Class com.android.build.gradle.internal.tasks.ExtractNativeDebugMetadataTask$CreationAction: loaded 2 times (x 93B)
Class com.android.build.gradle.internal.core.dsl.InstrumentedTestComponentDslInfo     : loaded 2 times (x 72B)
Class com.android.build.api.variant.impl.LintReportsBuilderImpl                       : loaded 2 times (x 83B)
Class com.android.build.gradle.internal.core.dsl.impl.features.BuildConfigDslInfoImpl : loaded 2 times (x 77B)
Class com.android.build.gradle.internal.core.dsl.impl.DslInfoBuilder$Companion        : loaded 2 times (x 73B)
Class com.android.build.gradle.internal.api.ReadOnlyObjectProvider                    : loaded 2 times (x 78B)
Class com.android.builder.core.LibraryRequest                                         : loaded 2 times (x 74B)
Class com.google.common.base.Enums                                                    : loaded 2 times (x 73B)
Class com.android.builder.model.VectorDrawablesOptions                                : loaded 2 times (x 72B)
Class com.android.build.api.dsl.ExternalNativeBuildFlags                              : loaded 2 times (x 72B)
Class com.android.build.gradle.internal.dsl.MaxSdkSpecImpl                            : loaded 2 times (x 81B)
Class com.android.build.gradle.internal.dsl.DefaultConfig                             : loaded 2 times (x 439B)
Class org.jetbrains.kotlin.gradle.plugin.UsesVariantImplementationFactories           : loaded 2 times (x 72B)
Class org.jetbrains.kotlin.gradle.internal.Kapt3GradleSubplugin                       : loaded 2 times (x 85B)
Class com.android.build.gradle.internal.services.AndroidLocationsBuildService$AndroidDirectoryCreator$Inject_: loaded 2 times (x 113B)
Class com.android.build.gradle.internal.dsl.BundleOptions$AgpDecorated                : loaded 2 times (x 141B)
Class [Lcom.android.build.gradle.options.BooleanOption;                               : loaded 2 times (x 71B)
Class com.android.build.gradle.internal.services.ServiceRegistrationAction$execute$1  : loaded 2 times (x 77B)
Class [Lcom.google.common.util.concurrent.DirectExecutor;                             : loaded 2 times (x 71B)
Class com.google.wireless.android.sdk.stats.ProjectApiUse                             : loaded 2 times (x 199B)
Class com.android.build.gradle.options.SigningOptions                                 : loaded 2 times (x 74B)
Class com.android.build.gradle.internal.services.TaskCreationServicesImpl             : loaded 2 times (x 104B)
Class com.android.build.gradle.internal.TaskManager$Companion$createTasksBeforeEvaluate$4: loaded 2 times (x 77B)
Class com.android.build.api.variant.impl.ApkPackagingImpl                             : loaded 2 times (x 91B)
Class com.android.build.api.variant.impl.DependenciesInfoImpl                         : loaded 2 times (x 79B)
Class com.android.build.gradle.internal.services.BuiltInKotlinSupportMode             : loaded 2 times (x 73B)
Class com.android.build.gradle.internal.scope.UnitTestBuildFeatureValuesImpl          : loaded 2 times (x 89B)
Class com.android.build.gradle.internal.tasks.CheckManifest$CreationAction            : loaded 2 times (x 92B)
Class com.android.build.gradle.internal.component.MergeSourceSetFoldersCreationConfig : loaded 2 times (x 72B)
Class com.android.build.gradle.internal.component.ComponentBasedBuiltInKotlinCreationConfig: loaded 2 times (x 113B)
Class org.jetbrains.kotlin.gradle.tasks.TasksProviderKt                               : loaded 2 times (x 73B)
Class org.jetbrains.kotlin.gradle.plugin.diagnostics.ToolingDiagnostic                : loaded 2 times (x 74B)
Class org.jetbrains.kotlin.gradle.plugin.mpp.compilationImpl.DefaultKotlinCompilationConfigurationsContainer: loaded 2 times (x 86B)
Class com.android.build.api.variant.impl.SigningConfigImpl$enableV3Signing$1          : loaded 2 times (x 77B)
Class sync_studio_tooling6_ccelmevog3frp30rwbaudfy37                                  : loaded 2 times (x 173B)
Class com.google.common.collect.FluentIterable                                        : loaded 2 times (x 83B)
Class org.jetbrains.kotlin.compilerRunner.ArgumentsToStrings                          : loaded 2 times (x 73B)
Class org.jetbrains.kotlin.gradle.utils.CompilerArgsUtilsKt                           : loaded 2 times (x 73B)
Class com.android.build.gradle.internal.ide.dependencies.ResolvedArtifact             : loaded 2 times (x 74B)
Class com.android.build.gradle.internal.workeractions.DecoratedWorkParameters         : loaded 2 times (x 72B)
Class com.android.build.gradle.internal.dependency.JdkImageTransform                  : loaded 2 times (x 81B)
Class com.sun.xml.bind.v2.runtime.Utils$1                                             : loaded 2 times (x 79B)
Class com.sun.xml.bind.v2.runtime.reflect.PrimitiveArrayListerFloat                   : loaded 2 times (x 78B)
Class com.sun.xml.bind.v2.util.FlattenIterator                                        : loaded 2 times (x 81B)
Class com.sun.xml.bind.v2.model.impl.RuntimeElementInfoImpl$RuntimePropertyImpl       : loaded 2 times (x 162B)
Class com.sun.xml.bind.v2.model.runtime.RuntimePropertyInfo                           : loaded 2 times (x 72B)
Class com.sun.xml.bind.v2.model.annotation.XmlElementRefsQuick                        : loaded 2 times (x 93B)
Class javax.xml.bind.annotation.XmlElementRef                                         : loaded 2 times (x 72B)
Class com.android.repository.impl.generated.v1.ArchivesType                           : loaded 2 times (x 77B)
Class com.android.sdklib.BuildToolInfo                                                : loaded 2 times (x 78B)
Class com.android.build.gradle.internal.EnvironmentVariablesPropertiesFactory         : loaded 2 times (x 73B)
Class com.android.build.gradle.internal.publishing.LibraryVariantSpecBuilder          : loaded 2 times (x 92B)
Class com.android.build.gradle.internal.dependency.RecalculateStackFramesTransform$Companion$registerRecalculateStackFramesTransform$1$2: loaded 2 times (x 79B)
Class com.android.build.gradle.internal.dependency.DexingRegistration                 : loaded 2 times (x 73B)
Class com.android.build.gradle.internal.dependency.ExtractProGuardRulesTransform$Companion: loaded 2 times (x 73B)
Class com.android.build.api.variant.DynamicFeatureVariant                             : loaded 2 times (x 72B)
Class com.android.build.gradle.internal.tasks.creationconfig.TestComponentProcessTestManifestCreationConfig: loaded 2 times (x 146B)
Class com.android.build.gradle.internal.utils.GlobalSyntheticsMergingUtilsKt          : loaded 2 times (x 73B)
Class org.jetbrains.kotlin.gradle.plugin.mpp.compilationImpl.factory.KotlinCompilationImplFactory$PostConfigure: loaded 2 times (x 72B)
Class org.jetbrains.kotlin.gradle.tasks.configuration.BaseKotlinCompileConfig$1$1     : loaded 2 times (x 77B)
Class com.android.build.gradle.internal.res.GenerateLibraryRFileTask                  : loaded 2 times (x 352B)
Class com.android.build.gradle.internal.scope.InternalArtifactType$MERGED_RES_BLAME_FOLDER: loaded 2 times (x 76B)
Class com.android.build.gradle.internal.AndroidTestTaskManager                        : loaded 2 times (x 84B)
Class com.android.build.api.variant.TestFixtures                                      : loaded 2 times (x 72B)
Class com.android.build.api.variant.DeviceTest                                        : loaded 2 times (x 72B)
Class com.android.build.gradle.internal.SdkComponentsBuildService$VersionedNdkHandler : loaded 2 times (x 74B)
Class com.android.build.gradle.internal.dsl.CmakeOptions$AgpDecorated                 : loaded 2 times (x 103B)
Class com.android.build.gradle.internal.dsl.JavaCompileOptions$AgpDecorated           : loaded 2 times (x 88B)
Class com.android.build.api.dsl.NdkBuildFlags                                         : loaded 2 times (x 72B)
Class com.android.build.gradle.internal.dsl.CoreExternalNativeNdkBuildOptions         : loaded 2 times (x 72B)
Class com.google.common.base.CaseFormat                                               : loaded 2 times (x 85B)
Class com.android.build.gradle.internal.dsl.DefaultConfig$AgpDecorated_Decorated      : loaded 2 times (x 518B)
Class com.android.build.gradle.internal.scope.InternalArtifactType$APP_METADATA       : loaded 2 times (x 76B)
Class com.android.build.gradle.internal.tasks.FinalizeBundleTask$CreationAction$handleProvider$bundleNameProvider$1: loaded 2 times (x 77B)
Class org.jetbrains.kotlin.gradle.plugin.mpp.AbstractKotlinTarget$kotlinComponents$2  : loaded 2 times (x 81B)
Class org.jetbrains.kotlin.gradle.plugin.KotlinPlatformType$CompatibilityRule         : loaded 2 times (x 78B)
Class org.jetbrains.kotlin.gradle.internal.properties.NativePropertiesLoader$actualNativeHomeDirectory$1: loaded 2 times (x 77B)
Class org.jetbrains.kotlin.gradle.internal.properties.NativePropertiesKt              : loaded 2 times (x 73B)
Class com.android.build.gradle.internal.SdkComponentsBuildService$sdkDirectoryProvider$1: loaded 2 times (x 77B)
Class com.google.gson.internal.bind.TypeAdapters$EnumTypeAdapter                      : loaded 2 times (x 76B)
Class com.google.gson.internal.bind.TypeAdapters$28                                   : loaded 2 times (x 77B)
Class com.android.build.api.variant.CanMinifyCodeBuilder                              : loaded 2 times (x 72B)
Class com.android.build.gradle.internal.DependencyConfigurator$configureGeneralTransforms$5: loaded 2 times (x 77B)
Class com.android.build.gradle.internal.tasks.factory.BootClasspathConfigImpl$fullBootClasspathProvider$2$2: loaded 2 times (x 133B)
Class com.android.build.gradle.internal.scope.ArtifactPublishingUtil$publishArtifactToConfiguration$1: loaded 2 times (x 77B)
Class com.android.repository.impl.meta.PackageDisplayNameQualifier                    : loaded 2 times (x 72B)
Class com.android.repository.impl.generated.v2.LocalPackage                           : loaded 2 times (x 142B)
Class com.sun.xml.bind.v2.runtime.JAXBContextImpl$3                                   : loaded 2 times (x 76B)
Class com.sun.istack.Pool$Impl                                                        : loaded 2 times (x 79B)
Class com.sun.xml.bind.v2.runtime.Transducer                                          : loaded 2 times (x 72B)
Class com.sun.xml.bind.v2.model.impl.RuntimeClassInfoImpl                             : loaded 2 times (x 164B)
Class com.sun.xml.bind.v2.model.impl.RuntimeBuiltinLeafInfoImpl$StringImplImpl        : loaded 2 times (x 138B)
Class com.sun.xml.bind.v2.runtime.reflect.ListTransducedAccessorImpl                  : loaded 2 times (x 82B)
Class javax.xml.bind.PropertyException                                                : loaded 2 times (x 87B)
Class com.sun.xml.bind.v2.runtime.unmarshaller.TagName                                : loaded 2 times (x 77B)
Class org.apache.commons.io.output.StringBuilderWriter                                : loaded 2 times (x 102B)
Class [Lorg.apache.commons.io.StandardLineSeparator;                                  : loaded 2 times (x 71B)
Class com.google.common.collect.CollectSpliterators$1WithCharacteristics              : loaded 2 times (x 92B)
Class org.gradle.accessors.dm.LibrariesForLibsInPluginsBlock$PluginAccessors          : loaded 2 times (x 76B)
Class com.android.build.gradle.options.SyncOptions$EvaluationMode                     : loaded 2 times (x 81B)
Class com.google.gson.internal.bind.TypeAdapters$33                                   : loaded 2 times (x 78B)
Class com.google.protobuf.UnknownFieldSet                                             : loaded 2 times (x 89B)
Class com.google.wireless.android.sdk.stats.GradleBuildProfile$Builder                : loaded 2 times (x 349B)
Class org.jetbrains.kotlin.tooling.core.TypeUtils                                     : loaded 2 times (x 73B)
Class org.jetbrains.kotlin.gradle.plugin.AndroidGradlePluginVersionKt                 : loaded 2 times (x 73B)
Class org.jetbrains.kotlin.gradle.report.ConfigureReporingKt                          : loaded 2 times (x 73B)
Class org.jetbrains.kotlin.gradle.report.ReportingSettings$Companion                  : loaded 2 times (x 73B)
Class com.google.common.base.Suppliers$NonSerializableMemoizingSupplier               : loaded 2 times (x 81B)
Class org.jetbrains.kotlin.gradle.plugin.mpp.KotlinTargetComponentWithPublication     : loaded 2 times (x 72B)
Class com.android.build.gradle.internal.tasks.ProcessJavaResTask_Decorated            : loaded 2 times (x 638B)
Class [Lcom.android.build.gradle.internal.cxx.configure.NativeModelBuilderOutcome$Outcome;: loaded 2 times (x 71B)
Class com.android.ide.common.process.ProcessException                                 : loaded 2 times (x 84B)
Class org.jetbrains.kotlin.gradle.tasks.GradleCompileTaskProvider                     : loaded 2 times (x 74B)
Class javax.xml.bind.annotation.W3CDomHandler                                         : loaded 2 times (x 87B)
Class com.sun.xml.bind.v2.runtime.reflect.TransducedAccessor$IDREFTransducedAccessorImpl: loaded 2 times (x 82B)
Class com.sun.xml.bind.v2.runtime.unmarshaller.WildcardLoader                         : loaded 2 times (x 81B)
Class com.sun.xml.bind.v2.runtime.unmarshaller.XsiTypeLoader                          : loaded 2 times (x 80B)
Class com.sun.xml.bind.v2.runtime.reflect.AdaptedAccessor                             : loaded 2 times (x 87B)
Class com.sun.xml.bind.v2.model.impl.LeafInfoImpl                                     : loaded 2 times (x 104B)
Class com.android.sdklib.repository.generated.addon.v1.LibrariesType                  : loaded 2 times (x 77B)
Class com.android.sdklib.repository.AndroidSdkHandler                                 : loaded 2 times (x 74B)
Class [Lcom.android.sdklib.repository.legacy.remote.internal.DownloadCache$Strategy;  : loaded 2 times (x 71B)
Class com.android.build.gradle.internal.GradleLocalPropertiesFactory$get$propertiesContent$1: loaded 2 times (x 77B)
Class com.android.build.gradle.internal.dependency.RecalculateStackFramesTransform$Parameters_Decorated: loaded 2 times (x 140B)
Class com.android.build.gradle.internal.scope.InternalArtifactType$DEVICE_PROVIDER_CODE_COVERAGE: loaded 2 times (x 76B)
Class org.jetbrains.kotlin.gradle.plugin.mpp.compilationImpl.factory.KotlinCompilationDependencyConfigurationsFactoriesKt: loaded 2 times (x 73B)
Class org.jetbrains.kotlin.gradle.plugin.mpp.compilationImpl.DefaultKotlinCompilationFriendPathsResolver: loaded 2 times (x 77B)
Class org.jetbrains.kotlin.gradle.tasks.configuration.BaseKotlinCompileConfig$registerBuildToolsApiTransformations$1: loaded 2 times (x 77B)
Class org.jetbrains.kotlin.gradle.tasks.configuration.AbstractKotlinCompileConfigKt$sam$org_gradle_api_Action$0: loaded 2 times (x 77B)
Class org.jetbrains.kotlin.gradle.plugin.internal.BuildIdService                      : loaded 2 times (x 78B)
Class com.android.build.gradle.internal.res.ParseLibraryResourcesTask                 : loaded 2 times (x 345B)
Class com.android.build.gradle.internal.res.LinkApplicationAndroidResourcesTask$CreationAction$handleProvider$1: loaded 2 times (x 133B)
Class com.android.build.gradle.internal.TaskManager$MergeType$PACKAGE                 : loaded 2 times (x 82B)
Class com.android.build.gradle.internal.tasks.ValidateResourcesTask                   : loaded 2 times (x 337B)
Class com.android.build.gradle.internal.services.BuiltInKotlinSupportMode$Supported$BuiltInKotlinBooleanOptionEnabled: loaded 2 times (x 73B)
Class com.android.build.api.variant.SigningConfig                                     : loaded 2 times (x 72B)
Class com.android.build.api.variant.Renderscript                                      : loaded 2 times (x 72B)
Class com.android.build.gradle.internal.component.features.DexingCreationConfig       : loaded 2 times (x 72B)
Class com.android.build.gradle.internal.dependency.SourceTypeCompatibilityRule        : loaded 2 times (x 78B)
Class com.android.build.gradle.internal.core.dsl.impl.features.ShadersDslInfoImpl     : loaded 2 times (x 78B)
Class com.android.build.gradle.internal.dsl.BaseAppModuleExtension_Decorated          : loaded 2 times (x 541B)
Class com.android.build.gradle.internal.api.artifact.SourceArtifactType$JNI           : loaded 2 times (x 76B)
Class org.jetbrains.kotlin.gradle.plugin.mpp.KotlinAndroidTargetVariantDslImpl        : loaded 2 times (x 77B)
Class com.android.build.gradle.internal.dsl.LibraryAndroidResourcesImpl               : loaded 2 times (x 128B)
Class com.android.build.gradle.internal.model.CoreExternalNativeBuild                 : loaded 2 times (x 72B)
Class com.android.build.api.dsl.ApplicationProductFlavor                              : loaded 2 times (x 72B)
Class org.jetbrains.kotlin.gradle.dsl.KotlinVersion                                   : loaded 2 times (x 81B)
Class org.jetbrains.kotlin.gradle.internal.properties.NativePropertiesLoader$actualNativeHomeDirectory$2: loaded 2 times (x 76B)
Class org.jetbrains.kotlin.gradle.utils.StoredPropertyKt                              : loaded 2 times (x 73B)
Class com.android.build.gradle.internal.variant.AbstractVariantInputManager$Companion : loaded 2 times (x 73B)
Class com.google.protobuf.AbstractProtobufList                                        : loaded 2 times (x 231B)
Class com.android.tools.analytics.AnalyticsState                                      : loaded 2 times (x 74B)
Class com.android.build.gradle.internal.dsl.decorator.SupportedPropertyType$Collection$Map: loaded 2 times (x 76B)
Class com.google.common.util.concurrent.ListeningScheduledExecutorService             : loaded 2 times (x 72B)
Class com.android.build.gradle.internal.dsl.DeclarativeApplicationExtension           : loaded 2 times (x 72B)
Class jdk.internal.jrtfs.JrtFileSystem                                                : loaded 2 times (x 104B)
Class com.android.build.gradle.internal.dsl.SplitOptions                              : loaded 2 times (x 90B)
Class com.android.build.gradle.internal.dsl.LibraryPublishingImpl                     : loaded 2 times (x 88B)
Class com.android.build.gradle.internal.dsl.ConfigurableFilesImpl                     : loaded 2 times (x 82B)
Class com.google.common.base.Enums$StringConverter                                    : loaded 2 times (x 92B)
Class com.android.build.gradle.internal.api.DefaultAndroidSourceSet_Decorated         : loaded 2 times (x 274B)
Class com.android.builder.model.LintOptions                                           : loaded 2 times (x 72B)
Class com.android.build.gradle.internal.dsl.BundleOptionsStoreArchive$AgpDecorated_Decorated: loaded 2 times (x 127B)
Class com.android.build.gradle.LintLifecycleExtensionImpl_Decorated                   : loaded 2 times (x 126B)
Class com.android.build.gradle.internal.TaskManager$Companion$createTasksBeforeEvaluate$3: loaded 2 times (x 76B)
Class com.android.build.gradle.internal.tasks.factory.GlobalTaskCreationAction        : loaded 2 times (x 91B)
Class com.android.build.gradle.internal.core.dsl.features.NativeBuildDslInfo          : loaded 2 times (x 72B)
Class com.android.build.api.variant.UnitTest                                          : loaded 2 times (x 72B)
Class com.android.build.api.component.impl.features.ShadersCreationConfigImpl         : loaded 2 times (x 78B)
Class com.android.build.gradle.internal.instrumentation.AsmClassVisitorsFactoryRegistry: loaded 2 times (x 74B)
Class org.jetbrains.kotlin.gradle.plugin.mpp.compilationImpl.KotlinCompilationLanguageSettingsConfigurator: loaded 2 times (x 76B)
Class [Lorg.jetbrains.kotlin.gradle.plugin.KotlinCompilation;                         : loaded 2 times (x 71B)
Class com.google.common.collect.AbstractMapBasedMultimap$RandomAccessWrappedList      : loaded 2 times (x 207B)
Class org.jetbrains.kotlin.cli.common.CompilerSystemProperties$Companion              : loaded 2 times (x 73B)
Class com.android.build.gradle.internal.ide.dependencies.AdditionalArtifacts          : loaded 2 times (x 74B)
Class com.android.build.gradle.internal.tasks.MergeFileTask                           : loaded 2 times (x 337B)
Class org.jetbrains.kotlin.gradle.internal.build.SourcesUtilsKt                       : loaded 2 times (x 73B)
Class javax.xml.bind.ValidationEventLocator                                           : loaded 2 times (x 72B)
Class com.sun.xml.bind.v2.runtime.ElementBeanInfoImpl$IntercepterLoader               : loaded 2 times (x 83B)
Class com.android.sdklib.repository.generated.repository.v2.PlatformDetailsType       : loaded 2 times (x 128B)
Class [Lcom.sun.xml.bind.v2.model.impl.PropertyInfoImpl;                              : loaded 2 times (x 71B)
Class com.sun.xml.bind.v2.model.annotation.XmlElementDeclQuick                        : loaded 2 times (x 98B)
Class com.android.repository.impl.generated.v2.ChannelRefType                         : loaded 2 times (x 79B)
Class com.android.build.gradle.internal.SdkComponentsBuildService$VersionedSdkLoader$emulatorDirectoryProvider$1: loaded 2 times (x 77B)
Class com.android.repository.impl.downloader.LocalFileAwareDownloader                 : loaded 2 times (x 86B)
Class com.android.build.gradle.internal.publishing.PublishingSpecs$VariantSpecBuilder : loaded 2 times (x 72B)
Class com.android.build.gradle.internal.tasks.ApplicationTaskManager$createDynamicBundleTask$3: loaded 2 times (x 77B)
Class com.android.build.gradle.internal.tasks.ValidateSigningTask$CreationAction      : loaded 2 times (x 92B)
Class com.android.build.gradle.internal.tasks.CheckDuplicateClassesTask$CreationAction$handleProvider$1: loaded 2 times (x 133B)
Class org.jetbrains.kotlin.gradle.plugin.mpp.compilationImpl.KotlinCompilationSourceSetsContainerKt: loaded 2 times (x 73B)
Class org.jetbrains.kotlin.gradle.tasks.configuration.BaseKotlinCompileConfig$registerBuildToolsApiTransformations$2: loaded 2 times (x 77B)
Class org.jetbrains.kotlin.gradle.tasks.KotlinJvmCompile                              : loaded 2 times (x 72B)
Class com.android.build.api.variant.impl.ResourcesPackagingImpl$excludes$1            : loaded 2 times (x 77B)
Class com.android.build.gradle.internal.res.LinkApplicationAndroidResourcesTask$CreationAction$handleProvider$2: loaded 2 times (x 133B)
Class com.android.build.api.variant.impl.SourceDirectoriesImpl                        : loaded 2 times (x 88B)
Class com.android.build.api.component.impl.HostTestImpl_Decorated                     : loaded 2 times (x 488B)
Class com.android.build.gradle.internal.services.BuiltInKaptSupportMode               : loaded 2 times (x 73B)
Class com.android.build.gradle.internal.cxx.configure.NativeModelBuilderOutcome$Builder: loaded 2 times (x 323B)
Class com.android.build.gradle.internal.variant.VariantModelImpl                      : loaded 2 times (x 89B)
Class com.android.build.api.variant.VariantSelector                                   : loaded 2 times (x 72B)
Class com.android.build.gradle.api.InstallableVariant                                 : loaded 2 times (x 72B)
Class com.android.build.gradle.internal.dsl.LintImpl$AgpDecorated_Decorated           : loaded 2 times (x 309B)
Class com.android.build.gradle.internal.dsl.PackagingOptions$AgpDecorated_Decorated   : loaded 2 times (x 163B)
Class com.android.build.gradle.internal.dsl.CoreProductFlavor                         : loaded 2 times (x 72B)
Class com.android.build.api.dsl.BuildType                                             : loaded 2 times (x 72B)
Class org.jetbrains.kotlin.gradle.internal.properties.NativePropertiesLoader$actualNativeHomeDirectory$3: loaded 2 times (x 77B)
Class org.jetbrains.kotlin.gradle.report.BuildReportMode                              : loaded 2 times (x 81B)
Class org.jetbrains.kotlin.gradle.plugin.VariantImplementationFactories$Companion$getProvider$2$1$1: loaded 2 times (x 77B)
Class org.jetbrains.kotlin.gradle.plugin.internal.ProjectIsolationStartParameterAccessor$Factory: loaded 2 times (x 72B)
Class com.google.protobuf.Message$Builder                                             : loaded 2 times (x 72B)
Class com.android.tools.analytics.Environment$EnvironmentVariable                     : loaded 2 times (x 81B)
Class com.android.build.gradle.internal.errors.AndroidProblemReporterProvider$Parameters_Decorated: loaded 2 times (x 132B)
Class com.android.build.gradle.internal.errors.AndroidProblemReporterProvider$Parameters: loaded 2 times (x 72B)
Class jdk.internal.jimage.decompressor.CompressedResourceHeader                       : loaded 2 times (x 73B)
Class com.android.build.gradle.internal.scope.InternalArtifactType$GLOBAL_SYNTHETICS_DEX: loaded 2 times (x 76B)
Class com.android.build.gradle.internal.scope.InternalArtifactType$DEX_NUMBER_OF_BUCKETS_FILE: loaded 2 times (x 76B)
Class com.android.build.gradle.internal.tasks.OptimizeResourcesTask$CreateAction      : loaded 2 times (x 95B)
Class com.android.build.gradle.tasks.factory.AndroidUnitTest$CreationAction           : loaded 2 times (x 93B)
Class com.android.build.gradle.tasks.AnalyzeDependenciesTask                          : loaded 2 times (x 344B)
Class com.android.build.gradle.internal.SdkComponentsBuildService$Parameters$Inject_  : loaded 2 times (x 122B)
Class com.android.build.gradle.internal.cxx.configure.ExperimentalPropertyExtensionsKt: loaded 2 times (x 73B)
Class com.android.build.gradle.internal.DependencyConfigurator$configureGeneralTransforms$4: loaded 2 times (x 77B)
Class com.android.build.gradle.internal.dependency.DexingOutputSplitTransform         : loaded 2 times (x 80B)
Class com.android.build.gradle.internal.tasks.factory.BootClasspathConfigImpl$fullBootClasspathProvider$2$1: loaded 2 times (x 133B)
Class com.android.build.gradle.internal.api.ApplicationVariantImpl                    : loaded 2 times (x 264B)
Class org.jetbrains.kotlin.gradle.dsl.KotlinTargetContainerWithJsPresetFunctions      : loaded 2 times (x 72B)
Class com.android.sdklib.repository.meta.DetailsTypes$ApiDetailsType                  : loaded 2 times (x 72B)
Class com.android.repository.impl.meta.RemotePackageImpl$ChannelRef                   : loaded 2 times (x 75B)
Class com.sun.xml.bind.v2.runtime.JAXBContextImpl$2                                   : loaded 2 times (x 80B)
Class javax.xml.bind.annotation.XmlEnum                                               : loaded 2 times (x 72B)
Class com.sun.xml.bind.v2.runtime.reflect.Utils                                       : loaded 2 times (x 73B)
Class com.google.common.collect.AbstractIterator$State                                : loaded 2 times (x 81B)
Class com.google.common.reflect.Types$JavaVersion$1                                   : loaded 2 times (x 85B)
Class com.android.build.gradle.internal.ide.v2.ProjectInfoImpl$toKeyComponent$$inlined$sortedBy$1: loaded 2 times (x 91B)
Class [Lcom.sun.xml.bind.v2.runtime.property.Property;                                : loaded 2 times (x 71B)
Class com.android.build.gradle.internal.ide.dependencies.ArtifactUtils                : loaded 2 times (x 73B)
Class org.jetbrains.kotlin.gradle.tasks.DefaultKotlinJavaToolchain$javaExecutable$1   : loaded 2 times (x 77B)
Class org.jetbrains.kotlin.build.report.metrics.BuildAttribute                        : loaded 2 times (x 81B)
Class com.android.build.gradle.internal.tasks.factory.GlobalTaskCreationConfigImpl$platformAttrs$2$attributes$1: loaded 2 times (x 76B)
Class com.android.build.gradle.tasks.JavaCompileOptionsForRoom                        : loaded 2 times (x 77B)
Class com.sun.xml.bind.v2.runtime.property.SingleMapNodeProperty$1                    : loaded 2 times (x 80B)
Class javax.xml.bind.annotation.XmlList                                               : loaded 2 times (x 72B)
Class com.sun.xml.bind.v2.model.core.EnumLeafInfo                                     : loaded 2 times (x 72B)
Class com.android.build.gradle.internal.SupportToolsComponents                        : loaded 2 times (x 74B)
Class com.android.build.gradle.internal.PlatformToolsComponents                       : loaded 2 times (x 74B)
Class [Lcom.android.build.gradle.internal.SdkLocator$PropertyLocation;                : loaded 2 times (x 71B)
Class com.android.repository.io.FileOpUtils                                           : loaded 2 times (x 73B)
Class com.android.build.gradle.internal.scope.InternalArtifactType$LINT_MODEL         : loaded 2 times (x 76B)
Class com.android.build.gradle.tasks.ProcessTestManifest$CreationAction               : loaded 2 times (x 92B)
Class com.android.build.gradle.internal.tasks.ApplicationTaskManager$createDynamicBundleTask$4: loaded 2 times (x 77B)
Class com.android.build.gradle.internal.tasks.ExtractApksTask$CreationAction$handleProvider$1: loaded 2 times (x 133B)
Class com.android.build.gradle.internal.tasks.ParseIntegrityConfigTask$CreationAction$handleProvider$1: loaded 2 times (x 133B)
Class com.android.build.gradle.internal.scope.InternalArtifactType$BINARY_ART_PROFILE_METADATA: loaded 2 times (x 76B)
Class com.android.build.gradle.tasks.PackageApplication$CreationAction                : loaded 2 times (x 94B)
Class org.jetbrains.kotlin.gradle.plugin.mpp.compilationImpl.KotlinCompilationRegisterInSourceSetsConfigurator: loaded 2 times (x 76B)
Class org.jetbrains.kotlin.gradle.plugin.mpp.compilationImpl.factory.DefaultKotlinCompilationTaskNamesContainerFactory: loaded 2 times (x 76B)
Class org.jetbrains.kotlin.gradle.plugin.mpp.compilationImpl.DefaultKotlinCompilationFriendPathsResolver$FriendArtifactResolver$Companion: loaded 2 times (x 73B)
Class com.android.build.gradle.internal.dependency.ProvidedClasspathSubtractor        : loaded 2 times (x 74B)
Class [Lcom.android.build.gradle.internal.dependency.AdditionalArtifactType;          : loaded 2 times (x 71B)
Class com.android.build.gradle.internal.api.DefaultAndroidSourceSet$AndroidSourceDirectorySetFactory: loaded 2 times (x 77B)
Class com.android.build.gradle.internal.dsl.KmpOptimizationImpl                       : loaded 2 times (x 85B)
Class com.android.build.api.dsl.BundleTexture                                         : loaded 2 times (x 72B)
Class com.android.build.api.dsl.ApkSigningConfig                                      : loaded 2 times (x 72B)
Class org.jetbrains.kotlin.gradle.plugin.mpp.AbstractKotlinTarget$components$2        : loaded 2 times (x 81B)
Class org.jetbrains.kotlin.gradle.plugin.mpp.KotlinUsages$setupAttributesMatchingStrategy$1: loaded 2 times (x 76B)
Class org.jetbrains.kotlin.gradle.plugin.KotlinGradleBuildServices$Companion$registerIfAbsent$2$1$1: loaded 2 times (x 77B)
Class org.jetbrains.kotlin.gradle.plugin.PropertiesProvider$preciseCompilationResultsBackup$1: loaded 2 times (x 81B)
Class org.jetbrains.kotlin.gradle.internal.diagnostics.AgpCompatibilityCheck$runAgpCompatibilityCheckIfAgpIsApplied$1$1: loaded 2 times (x 77B)
Class org.jetbrains.kotlin.gradle.utils.AndroidPluginIdsKt                            : loaded 2 times (x 73B)
Class org.jetbrains.kotlin.gradle.plugin.KotlinBaseApiPlugin_Decorated                : loaded 2 times (x 164B)
Class org.jetbrains.kotlin.gradle.plugin.KotlinCompilerPluginSupportPlugin            : loaded 2 times (x 72B)
Class org.jetbrains.kotlin.gradle.plugin.KotlinBasePlugin                             : loaded 2 times (x 72B)
Class javax.xml.bind.DatatypeConverterInterface                                       : loaded 2 times (x 72B)
Class com.android.build.gradle.internal.services.FakeDependencyJarBuildService        : loaded 2 times (x 84B)
Class com.android.build.gradle.internal.dependency.JacocoInstrumentationService$RegistrationAction: loaded 2 times (x 76B)
Class org.jetbrains.kotlin.build.report.metrics.BuildPerformanceMetrics               : loaded 2 times (x 74B)
Class com.android.build.gradle.internal.plugins.AndroidPluginBaseServices$projectServices$2$1$1: loaded 2 times (x 131B)
Class [Lcom.android.build.gradle.options.ReplacedOption;                              : loaded 2 times (x 71B)
Class com.android.build.gradle.internal.plugins.BasePlugin$Companion                  : loaded 2 times (x 73B)
Class com.android.build.gradle.tasks.PackageAndroidArtifact$CreationAction$finalConfigure$1$1: loaded 2 times (x 76B)
Class com.android.build.gradle.internal.ide.dependencies.LocalJarCacheImpl$cache$1$jarFiles$1: loaded 2 times (x 76B)
Class sync_studio_tooling4791_a5mcsyp2ybfj410kplrq1jfcq$_run_closure1                 : loaded 2 times (x 140B)
Class com.android.build.gradle.internal.plugins.AbstractAppPlugin                     : loaded 2 times (x 96B)
Class com.android.build.gradle.options.BooleanOption                                  : loaded 2 times (x 90B)
Class [Lcom.android.build.gradle.options.IntegerOption;                               : loaded 2 times (x 71B)
Class com.android.build.gradle.internal.profile.AnalyticsService                      : loaded 2 times (x 112B)
Class com.google.wireless.android.sdk.stats.GarbageCollectionStatsOrBuilder           : loaded 2 times (x 72B)
Class com.android.utils.EnvironmentProvider$DirectEnvironmentProvider                 : loaded 2 times (x 82B)
Class org.jetbrains.kotlin.gradle.report.BuildMetricsService                          : loaded 2 times (x 88B)
Class org.jetbrains.kotlin.gradle.plugin.PropertiesProvider$classLoaderCacheTimeoutInSeconds$1: loaded 2 times (x 77B)
Class com.android.build.gradle.internal.dsl.BaseFlavor                                : loaded 2 times (x 429B)
Class com.android.build.gradle.internal.dsl.SigningConfigFactory                      : loaded 2 times (x 79B)
Class com.android.build.gradle.internal.dsl.ShaderOptions                             : loaded 2 times (x 89B)
Class com.android.build.gradle.internal.cxx.model.CxxAbiModel                         : loaded 2 times (x 74B)
Class com.google.common.reflect.Types$JavaVersion$2                                   : loaded 2 times (x 85B)
Class com.google.common.reflect.Types                                                 : loaded 2 times (x 73B)
Class com.google.common.hash.PrimitiveSink                                            : loaded 2 times (x 72B)
Class org.jetbrains.kotlin.gradle.tasks.internal.KotlinJvmOptionsCompat               : loaded 2 times (x 103B)
Class com.android.build.gradle.internal.TaskManager$Companion$createTasksBeforeEvaluate$2: loaded 2 times (x 76B)
Class com.android.sdklib.repository.targets.PlatformTarget                            : loaded 2 times (x 131B)
Class javax.xml.bind.helpers.AbstractUnmarshallerImpl                                 : loaded 2 times (x 132B)
Class com.sun.xml.bind.v2.runtime.property.SingleMapNodeProperty$2                    : loaded 2 times (x 80B)
Class com.android.repository.impl.meta.Archive$PatchType                              : loaded 2 times (x 83B)
Class com.sun.xml.bind.v2.model.core.ValuePropertyInfo                                : loaded 2 times (x 72B)
Class com.sun.xml.bind.v2.runtime.RuntimeUtil                                         : loaded 2 times (x 73B)
Class com.android.sdklib.repository.meta.DetailsTypes$SysImgDetailsType               : loaded 2 times (x 72B)
Class com.android.build.gradle.internal.utils.ConsoleProgressIndicatorFactory$create$1: loaded 2 times (x 110B)
Class com.android.build.gradle.internal.dependency.IdentityTransform                  : loaded 2 times (x 80B)
Class com.android.build.api.variant.impl.FlatSourceDirectoriesForJavaImpl$all$2$1     : loaded 2 times (x 78B)
Class com.android.build.api.variant.impl.ApplicationAndroidResourcesBuilderImpl       : loaded 2 times (x 77B)
Class com.android.build.gradle.internal.component.TestVariantCreationConfig           : loaded 2 times (x 72B)
Class com.android.build.gradle.internal.tasks.ClasspathComparisonTask                 : loaded 2 times (x 338B)
Class com.android.build.gradle.internal.tasks.ExtractApksTask$CreationAction$handleProvider$2: loaded 2 times (x 133B)
Class com.android.build.gradle.internal.tasks.SigningConfigVersionsWriterTask$CreationAction: loaded 2 times (x 92B)
Class com.android.build.gradle.internal.tasks.DexMergingTask                          : loaded 2 times (x 347B)
Class com.android.build.gradle.tasks.MapSourceSetPathsTask                            : loaded 2 times (x 349B)
Class com.android.build.gradle.internal.tasks.ModuleMetadataWriterTask                : loaded 2 times (x 344B)
Class com.android.build.api.component.impl.LifecycleTasksImpl                         : loaded 2 times (x 78B)
Class com.android.build.api.component.impl.TestFixturesImpl                           : loaded 2 times (x 370B)
Class com.android.build.gradle.internal.core.dsl.features.ManifestPlaceholdersDslInfo : loaded 2 times (x 72B)
Class com.android.build.gradle.internal.core.dsl.impl.features.OptimizationDslInfoImpl: loaded 2 times (x 100B)
Class com.android.build.gradle.internal.dsl.MinSdkVersionImpl                         : loaded 2 times (x 78B)
Class com.android.build.gradle.internal.dsl.SigningConfig$AgpDecorated                : loaded 2 times (x 152B)
Class com.android.build.api.variant.Aapt2                                             : loaded 2 times (x 72B)
Class com.android.build.gradle.internal.dsl.ApplicationPublishingImpl$AgpDecorated    : loaded 2 times (x 87B)
Class com.android.build.gradle.internal.dsl.ManagedDevices_Decorated                  : loaded 2 times (x 125B)
Class com.android.build.gradle.internal.dsl.SdkComponentsImpl                         : loaded 2 times (x 88B)
Class com.android.build.gradle.internal.api.AndroidSourceSetName$Companion            : loaded 2 times (x 73B)
Class com.android.build.gradle.internal.core.dsl.impl.VariantDslInfoImpl$namespace$1  : loaded 2 times (x 77B)
Class org.jetbrains.kotlin.gradle.utils.FutureKt                                      : loaded 2 times (x 73B)
Class org.jetbrains.kotlin.gradle.targets.native.internal.PlatformLibrariesGenerator$GeneratedPlatformLibrariesService: loaded 2 times (x 78B)
Class org.jetbrains.kotlin.gradle.logging.GradleLoggingUtilsKt                        : loaded 2 times (x 73B)
Class org.jetbrains.kotlin.gradle.plugin.KotlinAndroidPluginWrapper                   : loaded 2 times (x 88B)
Class com.android.build.gradle.internal.AvdComponentsBuildService$RegistrationAction  : loaded 2 times (x 76B)
Class com.android.build.gradle.internal.ide.dependencies.MavenCoordinatesCacheBuildService$RegistrationAction: loaded 2 times (x 76B)
Class com.android.build.api.artifact.Artifact$Appendable                              : loaded 2 times (x 72B)
Class com.android.build.api.artifact.impl.ArtifactTransformationRequestImpl           : loaded 2 times (x 78B)
Class com.android.build.gradle.internal.plugins.DslContainerProvider                  : loaded 2 times (x 72B)
Class com.android.build.gradle.AppExtension                                           : loaded 2 times (x 217B)
Class com.android.build.gradle.DynamicFeaturePlugin                                   : loaded 2 times (x 78B)
Class com.android.build.gradle.AppPlugin                                              : loaded 2 times (x 78B)
Class com.android.build.api.artifact.Artifact$Multiple                                : loaded 2 times (x 76B)
Class org.jetbrains.kotlin.compilerRunner.CompilerSystemPropertiesService$Parameters_Decorated: loaded 2 times (x 132B)
Class org.jetbrains.kotlin.gradle.plugin.diagnostics.UsesKotlinToolingDiagnosticsParameters: loaded 2 times (x 72B)
Class org.jetbrains.kotlin.gradle.plugin.diagnostics.ToolingDiagnosticRenderingOptions: loaded 2 times (x 74B)
Class [Lorg.jetbrains.kotlin.gradle.dsl.KotlinVersion;                                : loaded 2 times (x 71B)
Class org.jetbrains.kotlin.gradle.plugin.KotlinTargetWithTests                        : loaded 2 times (x 72B)
Class com.android.build.gradle.internal.tasks.DexArchiveBuilderTask$CreationAction    : loaded 2 times (x 95B)
Class com.android.build.gradle.internal.scope.InternalArtifactType$EXTERNAL_LIBS_DEX_ARCHIVE: loaded 2 times (x 76B)
Class com.android.build.api.variant.impl.SigningConfigImpl$configProvider$1           : loaded 2 times (x 77B)
Class com.android.build.gradle.internal.tasks.FinalizeBundleTask$CreationAction       : loaded 2 times (x 92B)
Class com.android.build.gradle.internal.core.dsl.impl.DslInfoUtilsKt$getInstrumentationRunner$1: loaded 2 times (x 77B)
Class [Lcom.android.build.api.variant.impl.SourceType;                                : loaded 2 times (x 71B)
Class com.android.build.api.variant.impl.DirectoryEntry                               : loaded 2 times (x 72B)
Class com.android.build.gradle.internal.DependencyConfigurator$configureGeneralTransforms$3: loaded 2 times (x 77B)
Class com.android.build.gradle.tasks.ExternalNativeBuildTask                          : loaded 2 times (x 337B)
Class com.android.build.FilterData                                                    : loaded 2 times (x 72B)
Class com.android.sdklib.repository.legacy.remote.internal.DownloadCache$Strategy     : loaded 2 times (x 81B)
Class com.sun.xml.bind.v2.runtime.JAXBContextImpl$1                                   : loaded 2 times (x 80B)
Class com.sun.xml.bind.v2.model.impl.TypeInfoImpl                                     : loaded 2 times (x 87B)
Class com.android.sdklib.repository.generated.addon.v4.ExtraDetailsType               : loaded 2 times (x 87B)
Class com.android.sdklib.repository.generated.sysimg.v4.SysImgDetailsType             : loaded 2 times (x 146B)
Class com.sun.xml.bind.v2.runtime.property.Utils$1                                    : loaded 2 times (x 79B)
Class org.jetbrains.kotlin.gradle.plugin.PropertiesProvider$kotlinCompilerArgumentsLogLevel$1: loaded 2 times (x 76B)
Class com.android.build.gradle.internal.ide.dependencies.StringCache                  : loaded 2 times (x 72B)
Class org.jetbrains.kotlin.gradle.plugin.CreateCompilerArgumentsContextImpl$ContributeCompilerArgumentsContextImpl: loaded 2 times (x 81B)
Class com.android.build.gradle.internal.ide.v2.ProjectSyncIssuesImpl                  : loaded 2 times (x 77B)
Class com.google.common.collect.ImmutableSetMultimap                                  : loaded 2 times (x 182B)
Class com.google.common.reflect.Types$JavaVersion$3                                   : loaded 2 times (x 85B)
Class [Lorg.apache.commons.io.file.DeleteOption;                                      : loaded 2 times (x 71B)
Class com.google.common.io.ByteSource$ConcatenatedByteSource                          : loaded 2 times (x 87B)
Class org.jetbrains.kotlin.compilerRunner.GradleCompilerRunner$Companion              : loaded 2 times (x 73B)
Class com.sun.xml.bind.v2.runtime.unmarshaller.ChildLoader                            : loaded 2 times (x 74B)
Class javax.xml.bind.JAXBElement$GlobalScope                                          : loaded 2 times (x 73B)
Class com.sun.xml.bind.v2.runtime.property.ValueProperty                              : loaded 2 times (x 104B)
Class com.android.sdklib.repository.generated.addon.v4.AddonDetailsType               : loaded 2 times (x 146B)
Class com.android.sdklib.repository.generated.repository.v1.SourceDetailsType         : loaded 2 times (x 122B)
Class javax.xml.bind.annotation.XmlSchemaTypes                                        : loaded 2 times (x 72B)
Class javax.xml.bind.annotation.XmlIDREF                                              : loaded 2 times (x 72B)
Class javax.xml.bind.annotation.XmlElement                                            : loaded 2 times (x 72B)
Class com.sun.xml.bind.v2.model.runtime.RuntimeLeafInfo                               : loaded 2 times (x 72B)
Class com.android.repository.impl.meta.RepoPackageImpl$UsesLicense                    : loaded 2 times (x 75B)
Class com.android.build.gradle.internal.scope.InternalArtifactType$RUNTIME_LIBRARY_CLASSES_DIR: loaded 2 times (x 76B)
Class com.android.build.gradle.internal.scope.InternalArtifactType$UNIT_TEST_LINT_MODEL: loaded 2 times (x 76B)
Class com.android.build.gradle.internal.cxx.logging.ThreadLoggingEnvironment$Companion: loaded 2 times (x 73B)
Class com.android.build.gradle.internal.tasks.ExtractApksTask$CreationAction$handleProvider$3: loaded 2 times (x 133B)
Class com.android.build.gradle.internal.tasks.factory.AndroidVariantTaskCreationAction: loaded 2 times (x 94B)
Class com.android.build.gradle.internal.tasks.DexFileDependenciesTask$CreationAction  : loaded 2 times (x 95B)
Class org.jetbrains.kotlin.gradle.plugin.mpp.compilationImpl.factory.KotlinJvmCompilerOptionsFactory$create$kotlinOptions$1: loaded 2 times (x 103B)
Class com.android.build.gradle.internal.tasks.CheckManifest$CreationAction$handleProvider$1: loaded 2 times (x 133B)
Class com.android.build.gradle.internal.dependency.VariantDependencies$computeArtifactCollection$2: loaded 2 times (x 77B)
Class com.android.build.gradle.internal.TestFixturesTaskManager                       : loaded 2 times (x 84B)
Class com.android.build.gradle.internal.core.dsl.impl.DslInfoCommonKt$initTestApplicationId$2: loaded 2 times (x 76B)
Class com.android.build.api.instrumentation.InstrumentationScope                      : loaded 2 times (x 81B)
Class com.android.build.gradle.internal.lint.AndroidLintGlobalTask$UpdateBaselineCreationAction$Companion: loaded 2 times (x 73B)
Class com.android.builder.signing.DefaultSigningConfig$Companion                      : loaded 2 times (x 73B)
Class com.android.build.gradle.internal.dsl.BundleOptionsAbi$AgpDecorated_Decorated   : loaded 2 times (x 127B)
Class com.android.build.api.artifact.Artifact$Companion                               : loaded 2 times (x 73B)
Class com.google.common.base.CharMatcher$None                                         : loaded 2 times (x 114B)
Class org.apache.commons.io.file.PathUtils                                            : loaded 2 times (x 73B)
Class [Lcom.google.common.collect.AbstractIterator$State;                             : loaded 2 times (x 71B)
Class com.android.build.api.dsl.FusedLibraryExtension                                 : loaded 2 times (x 72B)
Class com.android.build.gradle.internal.dsl.AndroidTestImpl                           : loaded 2 times (x 79B)
Class org.jetbrains.kotlin.gradle.plugin.DefaultKotlinBasePlugin$setupAttributeMatchingStrategy$1$1: loaded 2 times (x 81B)
Class org.jetbrains.kotlin.gradle.internal.properties.PropertiesBuildService$property$1: loaded 2 times (x 81B)
Class com.android.build.gradle.internal.ManagedDeviceUtilsKt$getManagedDeviceAvdFolder$1: loaded 2 times (x 77B)
Class com.android.build.gradle.internal.services.AndroidLocationsBuildService$Inject_ : loaded 2 times (x 112B)
Class com.google.protobuf.PrimitiveNonBoxingCollection                                : loaded 2 times (x 72B)
Class com.google.wireless.android.sdk.stats.InstantRunStatus                          : loaded 2 times (x 206B)
Class com.android.build.gradle.internal.profile.AnalyticsConfiguratorService$State    : loaded 2 times (x 81B)
Class com.android.build.gradle.options.FeatureStage$SoftlyEnforced                    : loaded 2 times (x 74B)
Class com.android.build.gradle.api.FusedLibraryPlugin                                 : loaded 2 times (x 76B)
Class org.gradle.accessors.dm.LibrariesForLibsInPluginsBlock_Decorated                : loaded 2 times (x 131B)
Class org.gradle.internal.classloader.DefaultClassLoaderFactory                       : loaded 2 times (x 84B)
Class com.android.build.api.variant.HasDeviceTestsBuilder                             : loaded 2 times (x 72B)
Class com.android.build.gradle.options.Option$Status$STABLE                           : loaded 2 times (x 73B)
Class com.google.protobuf.GeneratedMessageV3$BuilderParent                            : loaded 2 times (x 72B)
Class com.google.protobuf.Internal$IntList                                            : loaded 2 times (x 72B)
Class org.jetbrains.kotlin.gradle.plugin.KotlinGradleBuildServices                    : loaded 2 times (x 82B)
Class org.jetbrains.kotlin.gradle.internal.properties.PropertiesBuildService$MemoizedCallable$value$2: loaded 2 times (x 81B)
Class org.jetbrains.kotlin.gradle.targets.native.toolchain.KotlinNativeBundleBuildService: loaded 2 times (x 79B)
Class org.jetbrains.kotlin.gradle.targets.native.toolchain.KotlinNativeBundleBuildService$Parameters: loaded 2 times (x 72B)
Class org.jetbrains.kotlin.gradle.tasks.DefaultKotlinJavaToolchain                    : loaded 2 times (x 79B)
Class org.jetbrains.kotlin.gradle.tasks.DefaultKotlinJavaToolchain$Companion          : loaded 2 times (x 73B)
Class com.android.build.gradle.internal.dsl.BuildTypeFactory                          : loaded 2 times (x 79B)
Class com.android.build.api.dsl.AssetPackBundleExtension                              : loaded 2 times (x 72B)
Class com.android.build.api.dsl.JniLibsPackaging                                      : loaded 2 times (x 72B)
Class com.android.build.gradle.internal.TaskManager$Companion$createTasksBeforeEvaluate$1: loaded 2 times (x 76B)
Class com.android.build.api.artifact.impl.ArtifactContainer                           : loaded 2 times (x 77B)
Class com.android.build.api.artifact.impl.SingleArtifactContainer                     : loaded 2 times (x 77B)
Class com.android.build.api.variant.ResValue$Key                                      : loaded 2 times (x 72B)
Class com.android.build.api.variant.LifecycleTasks                                    : loaded 2 times (x 72B)
Class com.android.build.gradle.tasks.MapSourceSetPathsTask$CreateAction               : loaded 2 times (x 95B)
Class org.jetbrains.kotlin.gradle.plugin.mpp.compilationImpl.factory.DefaultKotlinCompilationSourceSetsContainerFactory$DefaultSourceSetNaming: loaded 2 times (x 72B)
Class org.jetbrains.kotlin.gradle.plugin.sources.DefaultKotlinSourceSet$MetadataDependencyTransformation: loaded 2 times (x 74B)
Class JetGradlePlugin                                                                 : loaded 2 times (x 98B)
Class com.google.common.collect.RangeGwtSerializationDependencies                     : loaded 2 times (x 73B)
Class com.google.common.collect.MapMakerInternalMap$InternalEntryHelper               : loaded 2 times (x 72B)
Class com.google.common.collect.Maps$IteratorBasedAbstractMap                         : loaded 2 times (x 127B)
Class com.google.common.reflect.Types$JavaVersion$4                                   : loaded 2 times (x 85B)
Class com.google.common.collect.Table                                                 : loaded 2 times (x 72B)
Class com.google.common.io.ByteSource$AsCharSource                                    : loaded 2 times (x 88B)
Class com.android.build.gradle.internal.ide.v2.LibraryImpl$Companion                  : loaded 2 times (x 73B)
Class com.android.build.api.attributes.ProductFlavorAttr$Companion                    : loaded 2 times (x 73B)
Class org.jetbrains.kotlin.build.report.metrics.BuildAttributes$Companion             : loaded 2 times (x 73B)
Class com.sun.xml.bind.v2.runtime.property.TagAndType                                 : loaded 2 times (x 74B)
Class com.android.repository.impl.generated.v2.PatchesType                            : loaded 2 times (x 77B)
Class com.android.sdklib.repository.generated.common.v4.ApiDetailsType                : loaded 2 times (x 118B)
Class com.android.repository.impl.generated.v1.DependencyType                         : loaded 2 times (x 83B)
Class com.android.repository.api.LocalPackage                                         : loaded 2 times (x 72B)
Class javax.xml.bind.annotation.XmlSchema                                             : loaded 2 times (x 72B)
Class com.android.builder.sdk.LicenceNotAcceptedException                             : loaded 2 times (x 84B)
Class com.android.build.gradle.internal.ide.v2.VersionsImpl                           : loaded 2 times (x 78B)
Class com.android.build.gradle.internal.scope.BuildArtifactSpec                       : loaded 2 times (x 74B)
Class com.android.build.gradle.internal.scope.InternalArtifactType$ANDROID_TEST_LINT_MODEL: loaded 2 times (x 76B)
Class com.android.build.gradle.internal.VariantTaskManager$createAnchorAssembleTasks$3: loaded 2 times (x 77B)
Class com.android.build.gradle.internal.lint.VariantWithTests                         : loaded 2 times (x 74B)
Class com.android.build.gradle.internal.variant.BuildAuthorSpecifiedDefaultBuildTypeComparator: loaded 2 times (x 92B)
Class com.android.build.api.component.impl.DefaultSourcesProviderImpl$getBaselineProfiles$1: loaded 2 times (x 133B)
Class com.android.build.gradle.internal.scope.InternalArtifactType$MERGED_JAVA_RES    : loaded 2 times (x 76B)
Class org.jetbrains.kotlin.gradle.plugin.mpp.compilationImpl.factory.KotlinCompilationImplFactory$ProcessResourcesTaskNameFactory: loaded 2 times (x 72B)
Class org.jetbrains.kotlin.gradle.tasks.KotlinCompilationTask                         : loaded 2 times (x 72B)
Class com.android.build.gradle.internal.tasks.ProcessJavaResTask$CreationAction$handleProvider$1: loaded 2 times (x 133B)
Class com.android.build.api.variant.impl.ResourcesApkPackagingImpl                    : loaded 2 times (x 82B)
Class com.android.build.gradle.internal.tasks.factory.features.AndroidResourcesTaskCreationActionImpl: loaded 2 times (x 77B)
Class com.android.build.gradle.internal.scope.InternalArtifactType$METADATA_APPLICATION_ID: loaded 2 times (x 76B)
Class com.android.build.api.component.impl.ComponentImpl$computeLocalPackagedJars$1   : loaded 2 times (x 82B)
Class [Lcom.android.builder.dexing.DexingType;                                        : loaded 2 times (x 71B)
Class com.android.build.gradle.internal.VariantTaskManager$checkMultidexDependency$$inlined$filterIsInstance$1: loaded 2 times (x 76B)
Class com.android.build.gradle.internal.core.dsl.NestedComponentDslInfo               : loaded 2 times (x 72B)
Class com.android.build.api.variant.BuildConfigField                                  : loaded 2 times (x 74B)
Class com.android.build.gradle.internal.component.features.BuildConfigCreationConfig  : loaded 2 times (x 72B)
Class com.android.build.api.variant.AndroidTestBuilder                                : loaded 2 times (x 72B)
Class com.android.build.gradle.internal.core.dsl.impl.DslInfoUtilsKt                  : loaded 2 times (x 73B)
Class com.android.build.gradle.internal.tasks.NonIncrementalGlobalTask                : loaded 2 times (x 329B)
Class com.android.build.gradle.internal.plugins.BasePlugin$createTasks$1              : loaded 2 times (x 77B)
Class com.android.build.gradle.internal.dsl.AnnotationProcessorOptions$AgpDecorated   : loaded 2 times (x 108B)
Class com.android.build.gradle.internal.dependency.ShrinkerVersion$Companion          : loaded 2 times (x 73B)
Class com.android.build.gradle.tasks.PackageApplication                               : loaded 2 times (x 380B)
Class com.android.build.gradle.internal.dsl.InternalFusedLibraryExtension             : loaded 2 times (x 72B)
Class com.android.build.gradle.internal.dsl.MultiDexConfigImpl                        : loaded 2 times (x 82B)
Class org.jetbrains.kotlin.gradle.plugin.DefaultKotlinBasePlugin$setupAttributeMatchingStrategy$1$2: loaded 2 times (x 81B)
Class org.jetbrains.kotlin.gradle.targets.native.internal.PlatformLibrariesGenerator$Companion: loaded 2 times (x 73B)
Class com.android.tools.analytics.CommonMetricsData                                   : loaded 2 times (x 73B)
Class com.android.build.gradle.internal.scope.InternalArtifactType$MERGED_ART_PROFILE : loaded 2 times (x 76B)
Class com.android.build.gradle.internal.scope.InternalArtifactType$EXTRACTED_APKS     : loaded 2 times (x 76B)
Class com.android.build.gradle.internal.profile.AnalyticsConfiguratorService$Params$Inject_: loaded 2 times (x 108B)
Class com.android.build.api.variant.impl.DynamicFeatureVariantImpl                    : loaded 2 times (x 613B)
Class com.android.build.gradle.options.FeatureStage                                   : loaded 2 times (x 74B)
Class com.android.build.gradle.internal.component.PublishableCreationConfig           : loaded 2 times (x 72B)
Class com.android.build.gradle.internal.dependency.ExtractAarTransform$Inject_1       : loaded 2 times (x 111B)
Class com.android.build.gradle.internal.utils.DesugarLibUtils$getDesugarLibConfigFromTransform$1: loaded 2 times (x 76B)
Class com.android.build.gradle.internal.VariantTaskManager$addBindingDependenciesIfNecessary$dataBindingEnabled$1: loaded 2 times (x 82B)
Class com.android.build.gradle.internal.scope.InternalArtifactType$LIBRARY_AND_LOCAL_JARS_JNI: loaded 2 times (x 76B)
Class com.android.build.gradle.internal.scope.ArtifactPublishingUtil$publishArtifactToConfiguration$1$1: loaded 2 times (x 77B)
Class com.android.builder.model.v2.models.Versions$Companion                          : loaded 2 times (x 73B)
Class com.android.build.gradle.internal.SdkComponentsBuildService$VersionedSdkLoader$buildToolsRevisionProvider$1: loaded 2 times (x 77B)
Class com.android.build.gradle.internal.dependency.JdkImageTransform$Parameters       : loaded 2 times (x 72B)
Class com.android.build.gradle.internal.ide.dependencies.LibraryUtils                 : loaded 2 times (x 73B)
Class com.android.build.gradle.internal.ide.dependencies.LibraryCacheImpl$WhenMappings: loaded 2 times (x 73B)
Class com.google.common.collect.MapMakerInternalMap$Strength                          : loaded 2 times (x 82B)
Class com.google.common.collect.MapMakerInternalMap$StrongKeyDummyValueEntry$LinkedStrongKeyDummyValueEntry: loaded 2 times (x 84B)
Class jdk.internal.jimage.decompressor.StringSharingDecompressorFactory               : loaded 2 times (x 76B)
Class com.android.build.gradle.internal.tasks.factory.TaskManagerConfig               : loaded 2 times (x 72B)
Class com.google.common.reflect.Types$JavaVersion$5                                   : loaded 2 times (x 73B)
Class [Lcom.google.common.reflect.Types$ClassOwnership;                               : loaded 2 times (x 71B)
Class com.android.build.gradle.internal.ide.dependencies.LocalJarCacheImpl$cache$1$create$$inlined$sortedBy$1: loaded 2 times (x 91B)
Class com.android.build.gradle.internal.tasks.featuresplit.PackagedDependenciesWriterTaskKt: loaded 2 times (x 73B)
Class com.android.build.gradle.internal.ide.v2.JavaArtifactImpl                       : loaded 2 times (x 88B)
Class com.sun.istack.SAXParseException2                                               : loaded 2 times (x 89B)
Class com.sun.xml.bind.v2.runtime.unmarshaller.DomLoader                              : loaded 2 times (x 80B)
Class com.sun.xml.bind.v2.runtime.ValueListBeanInfoImpl                               : loaded 2 times (x 91B)
Class com.android.repository.impl.meta.RepoPackageImpl$Dependencies                   : loaded 2 times (x 74B)
Class com.android.sdklib.repository.generated.sysimg.v5.ObjectFactory                 : loaded 2 times (x 77B)
Class com.android.build.gradle.internal.SdkComponentsBuildService$VersionedSdkLoader$optionalLibrariesProvider$1: loaded 2 times (x 77B)
Class [Lcom.android.build.api.artifact.Artifact$Single;                               : loaded 2 times (x 71B)
Class com.android.build.api.artifact.SingleArtifact$AAR                               : loaded 2 times (x 76B)
Class com.android.build.gradle.internal.publishing.PublishingSpecs$VariantSpec        : loaded 2 times (x 72B)
Class com.android.build.gradle.internal.VariantTaskManager$createAnchorAssembleTasks$4: loaded 2 times (x 77B)
Class com.android.build.gradle.internal.scope.InternalArtifactType$BUNDLE_IDE_REDIRECT_FILE: loaded 2 times (x 76B)
Class com.android.build.gradle.internal.scope.InternalArtifactType$APK_IDE_REDIRECT_FILE: loaded 2 times (x 76B)
Class com.android.build.gradle.internal.scope.InternalArtifactType$EXTERNAL_LIBS_DEX_ARCHIVE_WITH_ARTIFACT_TRANSFORMS: loaded 2 times (x 76B)
Class org.jetbrains.kotlin.tooling.core.ExtrasProperty                                : loaded 2 times (x 72B)
Class org.jetbrains.kotlin.gradle.plugin.mpp.compilationImpl.KotlinCompilationSourceSetInclusion$Companion: loaded 2 times (x 73B)
Class [Lorg.jetbrains.kotlin.gradle.plugin.sources.android.AndroidVariantType;        : loaded 2 times (x 71B)
Class org.jetbrains.kotlin.compilerRunner.UsesCompilerSystemPropertiesService         : loaded 2 times (x 72B)
Class com.android.build.api.artifact.SingleArtifact$RUNTIME_SYMBOL_LIST               : loaded 2 times (x 76B)
Class com.android.build.gradle.tasks.CompatibleScreensManifest$CreationAction$handleProvider$1: loaded 2 times (x 133B)
Class com.android.build.gradle.tasks.ExtractDeepLinksTask$BaseCreationAction$handleProvider$1: loaded 2 times (x 133B)
Class com.android.build.gradle.internal.plugins.BasePlugin$createTasks$2              : loaded 2 times (x 79B)
Class com.android.build.gradle.internal.tasks.BaseTask                                : loaded 2 times (x 328B)
Class com.android.build.gradle.internal.dsl.BuildType$AgpDecorated_Decorated          : loaded 2 times (x 446B)
Class com.android.build.api.dsl.ApplicationBuildFeatures                              : loaded 2 times (x 72B)
Class com.android.build.gradle.internal.dsl.Splits                                    : loaded 2 times (x 83B)
Class com.android.build.gradle.internal.dsl.BundleOptionsDeviceGroup                  : loaded 2 times (x 83B)
Class com.android.build.gradle.internal.dsl.ProductFlavorFactory                      : loaded 2 times (x 79B)
Class com.android.build.api.dsl.TestVariantDimension                                  : loaded 2 times (x 72B)
Class com.android.build.api.dsl.ApplicationVariantDimension                           : loaded 2 times (x 72B)
Class org.jetbrains.kotlin.gradle.plugin.mpp.KotlinTargetSoftwareComponent            : loaded 2 times (x 91B)
Class org.jetbrains.kotlin.gradle.plugin.mpp.KotlinVariant                            : loaded 2 times (x 103B)
Class org.jetbrains.kotlin.gradle.utils.WhenPluginEnabledKt                           : loaded 2 times (x 73B)
Class org.jetbrains.kotlin.gradle.plugin.VariantImplementationFactories               : loaded 2 times (x 77B)
Class org.jetbrains.kotlin.gradle.internal.diagnostics.KotlinCompilerEmbeddableCheck  : loaded 2 times (x 73B)
Class org.jetbrains.kotlin.gradle.plugin.sources.android.AndroidVariantType           : loaded 2 times (x 81B)
Class com.android.build.gradle.internal.ide.dependencies.MavenCoordinatesCacheBuildService$Parameters_Decorated: loaded 2 times (x 132B)
Class com.android.build.gradle.options.Option                                         : loaded 2 times (x 72B)
Class com.android.build.gradle.internal.profile.AnalyticsService$Params               : loaded 2 times (x 72B)
Class com.android.build.gradle.internal.utils.AnalyticsEnabledValueSource$Inject_     : loaded 2 times (x 111B)
Class com.android.build.gradle.internal.utils.AnalyticsEnabledValueSource$Params_Decorated: loaded 2 times (x 132B)
Class com.android.build.gradle.internal.dependency.GenericTransformParameters         : loaded 2 times (x 72B)
Class com.android.build.gradle.options.HasFutureStage                                 : loaded 2 times (x 72B)
Class com.android.build.gradle.options.ProjectOptionService$Inject_                   : loaded 2 times (x 99B)
Class com.android.build.gradle.internal.plugins.AppPlugin$ApplicationAndroidComponentsExtensionImplCompat: loaded 2 times (x 116B)
Class com.android.build.gradle.options.SyncOptions                                    : loaded 2 times (x 73B)
Class com.android.utils.ILogger                                                       : loaded 2 times (x 72B)
Class com.android.utils.NullLogger                                                    : loaded 2 times (x 87B)
Class org.jetbrains.kotlin.gradle.dsl.KotlinProjectExtension                          : loaded 2 times (x 124B)
Class org.jetbrains.kotlin.gradle.internal.properties.PropertiesBuildService$BooleanGradleProperty: loaded 2 times (x 78B)
Class org.jetbrains.kotlin.gradle.plugin.VariantImplementationFactories$Companion$getProvider$1: loaded 2 times (x 77B)
Class org.jetbrains.kotlin.gradle.plugin.KotlinTargetComponent                        : loaded 2 times (x 72B)
Class com.android.build.gradle.internal.dsl.InternalBuildType                         : loaded 2 times (x 72B)
Class com.android.build.gradle.internal.dsl.SigningConfig                             : loaded 2 times (x 149B)
Class com.android.ide.common.signing.KeytoolException                                 : loaded 2 times (x 86B)
Class com.android.build.api.dsl.TestDefaultConfig                                     : loaded 2 times (x 72B)
Class com.android.build.gradle.internal.dsl.decorator.SupportedPropertyType$Var$NullableInt: loaded 2 times (x 76B)
Class com.android.build.gradle.internal.dsl.BaselineProfileImpl$AgpDecorated_Decorated: loaded 2 times (x 130B)
Class com.android.build.gradle.internal.core.dsl.features.DeviceTestOptionsDslInfo    : loaded 2 times (x 72B)
Class com.android.build.gradle.internal.manifest.LazyManifestParser$manifestData$2    : loaded 2 times (x 77B)
Class com.android.build.api.variant.HostTestBuilder                                   : loaded 2 times (x 72B)
Class com.android.build.gradle.internal.component.features.OptimizationCreationConfig : loaded 2 times (x 72B)
Class com.android.build.gradle.tasks.MergeResources$Flag                              : loaded 2 times (x 81B)
Class com.android.build.gradle.internal.dependency.AdditionalArtifactType             : loaded 2 times (x 81B)
Class com.android.build.gradle.internal.component.ComponentBasedBuiltInKotlinCreationConfig$Companion: loaded 2 times (x 73B)
Class JetGradlePlugin$_apply_closure1                                                 : loaded 2 times (x 141B)
Class com.google.common.collect.CollectCollectors                                     : loaded 2 times (x 73B)
Class com.android.build.gradle.internal.ide.v2.GraphItemImpl$Companion                : loaded 2 times (x 73B)
Class com.android.ide.common.build.CommonBuiltArtifacts                               : loaded 2 times (x 72B)
Class com.android.build.gradle.internal.tasks.factory.BootClasspathConfigImpl$androidJar$2$1$1: loaded 2 times (x 76B)
Class com.google.gson.internal.$Gson$Types$ParameterizedTypeImpl                      : loaded 2 times (x 83B)
Class com.sun.xml.bind.v2.runtime.reflect.TransducedAccessor$CompositeTransducedAccessorImpl: loaded 2 times (x 81B)
Class com.sun.xml.bind.v2.runtime.unmarshaller.XsiNilLoader$Single                    : loaded 2 times (x 82B)
Class com.android.repository.impl.meta.TrimStringAdapter                              : loaded 2 times (x 77B)
Class javax.xml.bind.annotation.XmlSchemaType                                         : loaded 2 times (x 72B)
Class com.sun.xml.bind.v2.model.impl.RuntimeBuiltinLeafInfoImpl                       : loaded 2 times (x 135B)
Class com.sun.xml.bind.v2.model.impl.BuiltinLeafInfoImpl                              : loaded 2 times (x 107B)
Class com.android.build.gradle.internal.DependencyConfigurator$configureVariantTransforms$3$1$1: loaded 2 times (x 77B)
Class com.android.build.gradle.internal.dependency.LayoutlibExtractor$Inject_1        : loaded 2 times (x 111B)
Class com.android.build.gradle.internal.cxx.configure.GradleLocalPropertiesKt$gradleLocalProperties$propertiesContent$1: loaded 2 times (x 77B)
Class org.jetbrains.kotlin.tooling.core.Extras$Entry$Companion                        : loaded 2 times (x 73B)
Class org.jetbrains.kotlin.gradle.targets.js.dsl.KotlinWasmWasiTargetDsl              : loaded 2 times (x 72B)
Class com.android.build.api.variant.JniLibsTestedComponentPackaging                   : loaded 2 times (x 72B)
Class com.android.build.api.variant.JniLibsPackaging                                  : loaded 2 times (x 72B)
Class com.android.build.api.artifact.impl.ScopedArtifactsImpl$ScopedArtifactsContainer: loaded 2 times (x 74B)
Class com.android.build.gradle.internal.core.dsl.impl.ConsumableComponentDslInfoImpl  : loaded 2 times (x 134B)
Class com.android.build.gradle.internal.profile.AnalyticsUtil                         : loaded 2 times (x 73B)
Class com.android.build.gradle.internal.dsl.SigningConfig$AgpDecorated_Decorated      : loaded 2 times (x 202B)
Class org.jetbrains.kotlin.gradle.dsl.KotlinCommonCompilerToolOptionsHelper           : loaded 2 times (x 73B)
Class com.android.build.gradle.internal.dsl.TargetSdkSpecImpl                         : loaded 2 times (x 83B)
Class com.android.build.api.dsl.DexPackaging                                          : loaded 2 times (x 72B)
Class com.android.build.api.dsl.TestBuildType                                         : loaded 2 times (x 72B)
Class org.jetbrains.kotlin.gradle.internal.CompilerArgumentAware                      : loaded 2 times (x 72B)
Class org.jetbrains.kotlin.gradle.utils.StoredLazyProperty                            : loaded 2 times (x 77B)
Class com.android.prefs.Global                                                        : loaded 2 times (x 81B)
Class org.jetbrains.kotlin.gradle.internal.transforms.BuildToolsApiClasspathEntrySnapshotTransform: loaded 2 times (x 84B)
Class org.jetbrains.kotlin.gradle.plugin.mpp.compilationImpl.factory.KotlinCompilationImplFactory$PreConfigure: loaded 2 times (x 72B)
Class com.android.build.gradle.internal.profile.NoOpAnalyticsConfiguratorService$Inject_: loaded 2 times (x 104B)
Class kotlinx.coroutines.flow.MutableStateFlow                                        : loaded 2 times (x 72B)
Class org.jetbrains.kotlin.gradle.targets.js.dsl.KotlinJsTargetDsl                    : loaded 2 times (x 72B)
Class [Lcom.android.build.gradle.options.SyncOptions$EvaluationMode;                  : loaded 2 times (x 71B)
Class com.android.build.gradle.internal.tasks.GlobalSyntheticsGeneratorTask$CreationAction: loaded 2 times (x 92B)
Class com.android.build.api.extension.impl.VariantApiOperationsRegistrar              : loaded 2 times (x 74B)
Class com.android.build.api.variant.ApplicationAndroidComponentsExtension             : loaded 2 times (x 72B)
Class com.android.build.gradle.internal.tasks.AppMetadataTaskKt$configureTaskOutputs$1: loaded 2 times (x 133B)
Class [Lcom.android.build.api.variant.impl.DirectoryEntry$Kind;                       : loaded 2 times (x 71B)
Class com.android.build.gradle.internal.variant.DefaultBuildTypeComparator            : loaded 2 times (x 92B)
Class com.android.build.gradle.internal.api.ApkVariantOutputImpl                      : loaded 2 times (x 132B)
Class com.android.build.gradle.internal.publishing.PublishingSpecs                    : loaded 2 times (x 73B)
Class com.android.build.gradle.internal.scope.InternalArtifactType$RES_STATIC_LIBRARY : loaded 2 times (x 76B)
Class com.android.build.gradle.internal.scope.InternalArtifactType$RUNTIME_LIBRARY_CLASSES_JAR: loaded 2 times (x 76B)
Class javax.xml.bind.ContextFinder$1                                                  : loaded 2 times (x 75B)
Class com.sun.xml.bind.api.Bridge                                                     : loaded 2 times (x 87B)
Class com.sun.xml.bind.v2.model.impl.RuntimeTypeInfoSetImpl                           : loaded 2 times (x 125B)
Class com.sun.xml.bind.v2.model.impl.Utils$1                                          : loaded 2 times (x 79B)
Class javax.xml.bind.annotation.XmlMimeType                                           : loaded 2 times (x 72B)
Class javax.xml.bind.annotation.adapters.CollapsedStringAdapter                       : loaded 2 times (x 77B)
Class com.sun.xml.bind.v2.runtime.unmarshaller.XmlVisitor                             : loaded 2 times (x 72B)
Class javax.xml.bind.UnmarshalException                                               : loaded 2 times (x 87B)
Class org.jetbrains.kotlin.gradle.tasks.CacheableTasksKt$cacheOnlyIfEnabledForKotlin$1: loaded 2 times (x 77B)
Class org.jetbrains.kotlin.gradle.tasks.AbstractKotlinCompile$compilerRunner$1        : loaded 2 times (x 77B)
Class com.android.build.gradle.internal.scope.ArtifactTypeUtil$getRegularFiles$1      : loaded 2 times (x 77B)
Class com.android.build.gradle.internal.ide.v2.VariantDependenciesAdjacencyListImpl   : loaded 2 times (x 85B)
Class com.android.build.gradle.internal.ide.v2.VariantDependenciesAdjacencyListImpl$Companion: loaded 2 times (x 73B)
Class com.google.common.reflect.TypeCapture                                           : loaded 2 times (x 73B)
Class com.google.common.collect.TransformedListIterator                               : loaded 2 times (x 95B)
Class com.google.common.cache.LocalCache$Values                                       : loaded 2 times (x 120B)
Class com.google.common.collect.SetMultimap                                           : loaded 2 times (x 72B)
Class org.jetbrains.kotlin.gradle.plugin.KotlinCompilerArgumentsProducerKt            : loaded 2 times (x 73B)
Class com.android.build.gradle.internal.signing.SigningConfigData                     : loaded 2 times (x 74B)
Class com.android.build.gradle.internal.utils.DesugarLibUtils$getD8DesugarMethodFileFromTransform$1$1: loaded 2 times (x 76B)
Class org.jetbrains.kotlin.gradle.tasks.K2MultiplatformStructure_Decorated            : loaded 2 times (x 133B)
Class org.jetbrains.kotlin.compilerRunner.GradleCompilerRunner                        : loaded 2 times (x 75B)
Class com.android.build.gradle.internal.ide.v2.ModelBuilder$BaseSourceSetContainerBuilder: loaded 2 times (x 85B)
Class com.sun.xml.bind.v2.runtime.NameList                                            : loaded 2 times (x 74B)
Class com.sun.xml.bind.v2.runtime.reflect.TransducedAccessor                          : loaded 2 times (x 80B)
Class com.sun.xml.bind.v2.model.impl.RuntimeClassInfoImpl$RuntimePropertySeed         : loaded 2 times (x 86B)
Class javax.xml.bind.annotation.XmlAttachmentRef                                      : loaded 2 times (x 72B)
Class com.android.repository.api.Repository                                           : loaded 2 times (x 81B)
Class com.android.build.gradle.internal.scope.InternalArtifactType$PREFAB_PACKAGE     : loaded 2 times (x 76B)
Class com.android.build.gradle.internal.dependency.RecalculateStackFramesTransform$Parameters: loaded 2 times (x 72B)
Class com.android.build.gradle.internal.dependency.LayoutlibExtractor                 : loaded 2 times (x 80B)
Class com.android.build.gradle.internal.lint.AndroidLintTextOutputTask$SingleVariantCreationAction: loaded 2 times (x 94B)
Class com.android.build.gradle.internal.scope.InternalArtifactType$SIGNING_CONFIG_DATA: loaded 2 times (x 76B)
Class org.jetbrains.kotlin.gradle.plugin.mpp.KotlinJvmAgpCompilationFactory$WhenMappings: loaded 2 times (x 73B)
Class org.jetbrains.kotlin.gradle.plugin.sources.FragmentConsistencyChecks            : loaded 2 times (x 74B)
Class org.jetbrains.kotlin.gradle.plugin.diagnostics.IsAttachedToTerminalValueSource  : loaded 2 times (x 82B)
Class com.android.build.gradle.internal.scope.InternalArtifactType$LINT_PUBLISH_JAR   : loaded 2 times (x 76B)
Class com.android.build.gradle.internal.tasks.ProcessNavigationXmlTask$CreationAction : loaded 2 times (x 93B)
Class com.android.build.api.variant.impl.VariantOutputConfigurationImplKt             : loaded 2 times (x 73B)
Class com.android.build.api.component.impl.AnnotationProcessorImpl$finalListOfClassNames$1: loaded 2 times (x 77B)
Class com.android.build.api.AndroidPluginVersion                                      : loaded 2 times (x 77B)
Class com.android.build.gradle.internal.services.GlobalServiceRegistrationAction$execute$globalService$1: loaded 2 times (x 77B)
Class com.android.build.gradle.internal.api.artifact.SourceArtifactType$ANDROID_RESOURCES: loaded 2 times (x 76B)
Class org.jetbrains.kotlin.gradle.plugin.mpp.KotlinAndroidTarget$kotlinComponents$2   : loaded 2 times (x 81B)
Class org.jetbrains.kotlin.gradle.plugin.mpp.InternalKotlinTargetComponent            : loaded 2 times (x 95B)
Class org.jetbrains.kotlin.gradle.utils.ProviderApiUtilsKt                            : loaded 2 times (x 73B)
Class org.jetbrains.kotlin.gradle.targets.native.UsesKonanPropertiesBuildService      : loaded 2 times (x 72B)
Class org.jetbrains.kotlin.gradle.internal.properties.NativePropertiesLoader$forceDisableRunningInProcess$1: loaded 2 times (x 77B)
Class org.jetbrains.kotlin.gradle.utils.PersistentCachesKt                            : loaded 2 times (x 73B)
Class org.jetbrains.kotlin.gradle.internal.tasks.TaskWithLocalState                   : loaded 2 times (x 72B)
Class org.jetbrains.kotlin.gradle.internal.properties.PropertiesBuildService$Params   : loaded 2 times (x 72B)
Class org.jetbrains.kotlin.gradle.internal.diagnostics.GradleCompatibilityCheck       : loaded 2 times (x 73B)
Class com.android.build.gradle.options.FeatureStage$Enforced                          : loaded 2 times (x 74B)
Class com.google.protobuf.Descriptors$Descriptor                                      : loaded 2 times (x 78B)
Class com.google.wireless.android.sdk.stats.InstantRunStatusOrBuilder                 : loaded 2 times (x 72B)
Class [Lcom.android.tools.analytics.Environment$SystemProperty;                       : loaded 2 times (x 71B)
Class com.android.tools.analytics.AnalyticsSettings                                   : loaded 2 times (x 73B)
Class com.android.ide.common.blame.SourceFilePosition                                 : loaded 2 times (x 74B)
Class com.android.build.gradle.internal.res.Aapt2FromMaven                            : loaded 2 times (x 74B)
Class com.android.build.gradle.internal.res.Aapt2FromMaven$Companion                  : loaded 2 times (x 73B)
Class com.google.wireless.android.sdk.stats.GradleBuildMemorySample$Builder           : loaded 2 times (x 304B)
Class org.jetbrains.kotlin.gradle.plugin.KotlinBaseApiPlugin$kaptExtension$2          : loaded 2 times (x 81B)
Class org.jetbrains.kotlin.gradle.internal.properties.PropertiesBuildService$IntGradleProperty: loaded 2 times (x 78B)
Class org.jetbrains.kotlin.gradle.plugin.mpp.KotlinUsages$KotlinMetadataDisambiguation: loaded 2 times (x 78B)
Class org.jetbrains.kotlin.gradle.plugin.mpp.KotlinAndroidTargetVariantDsl            : loaded 2 times (x 72B)
Class com.android.build.gradle.internal.dsl.AgpExperimentalApiOptInRequiredException  : loaded 2 times (x 84B)
Class [Lcom.android.build.gradle.internal.core.Abi;                                   : loaded 2 times (x 71B)
Class com.android.build.gradle.internal.dsl.MinSdkSpecImpl$AgpDecorated               : loaded 2 times (x 86B)
Class com.android.build.gradle.internal.manifest.LazyManifestParser$manifestData$1    : loaded 2 times (x 77B)
Class com.android.build.api.component.impl.ComponentBuilderImpl                       : loaded 2 times (x 94B)
Class com.android.build.gradle.internal.variant.BaseVariantData                       : loaded 2 times (x 74B)
Class com.android.build.api.variant.ExternalNativeBuild                               : loaded 2 times (x 72B)
Class com.android.build.gradle.internal.core.dsl.impl.InstrumentedTestDslInfoImpl     : loaded 2 times (x 82B)
Class org.jetbrains.kotlin.gradle.tasks.configuration.AbstractKotlinCompileConfig$1   : loaded 2 times (x 81B)
Class org.jetbrains.kotlin.gradle.plugin.mpp.compilationImpl.KotlinCompilationFriendPathsResolver: loaded 2 times (x 72B)
Class com.android.build.api.variant.impl.SigningConfigImpl$enableV4Signing$1          : loaded 2 times (x 77B)
Class com.android.build.gradle.tasks.ProcessTestManifest$CreationAction$handleProvider$2: loaded 2 times (x 133B)
Class org.jetbrains.kotlin.gradle.dsl.KotlinCommonCompilerOptionsExtensionsKt         : loaded 2 times (x 73B)
Class org.jetbrains.kotlin.gradle.plugin.ide.IdeCompilerArgumentsResolverKt$kotlinIdeCompilerArgumentsResolver$2: loaded 2 times (x 80B)
Class com.android.build.api.variant.impl.ManifestFilesImpl                            : loaded 2 times (x 82B)
Class com.android.build.gradle.tasks.PackageAndroidArtifactKt                         : loaded 2 times (x 73B)
Class com.sun.xml.bind.v2.runtime.unmarshaller.LocatorExWrapper                       : loaded 2 times (x 88B)
Class [Lcom.sun.xml.bind.v2.model.annotation.AnnotationSource;                        : loaded 2 times (x 71B)
Class com.sun.xml.bind.InternalAccessorFactory                                        : loaded 2 times (x 72B)
Class com.sun.xml.bind.v2.model.impl.SingleTypePropertyInfoImpl                       : loaded 2 times (x 115B)
Class com.sun.xml.bind.v2.model.core.LeafInfo                                         : loaded 2 times (x 72B)
Class com.android.repository.impl.generated.generic.v2.package-info                   : loaded 2 times (x 72B)
Class com.android.sdklib.repository.generated.common.v3.package-info                  : loaded 2 times (x 72B)
Class com.android.sdklib.repository.generated.addon.v2.LibrariesType                  : loaded 2 times (x 77B)
Class com.android.sdklib.AndroidTargetHash                                            : loaded 2 times (x 73B)
Class com.android.build.gradle.internal.SdkComponentsBuildService$VersionedSdkLoader$aapt2ExecutableProvider$1: loaded 2 times (x 76B)
Class com.android.build.gradle.internal.ide.v2.VersionsImpl$Companion                 : loaded 2 times (x 73B)
Class com.android.build.gradle.internal.dependency.BaseDexingTransform$Parameters_Decorated: loaded 2 times (x 161B)
Class com.android.build.gradle.internal.dependency.AarTransform$Parameters            : loaded 2 times (x 72B)
Class com.android.build.gradle.internal.utils.HasConfigurableValuesKt                 : loaded 2 times (x 73B)
Class com.android.build.api.variant.impl.LibraryVariantImpl                           : loaded 2 times (x 569B)
Class com.android.build.gradle.internal.tasks.ProcessNavigationXmlTask$LibraryCreationAction: loaded 2 times (x 93B)
Class com.android.build.gradle.internal.tasks.featuresplit.FeatureSetMetadataWriterTask: loaded 2 times (x 336B)
Class org.jetbrains.kotlin.gradle.utils.ConfigurationsKt$maybeCreateDependencyScope$1 : loaded 2 times (x 80B)
Class org.jetbrains.kotlin.gradle.plugin.sources.FragmentConsistencyChecks$languageVersionCheck$1: loaded 2 times (x 81B)
Class org.jetbrains.kotlin.gradle.plugin.statistics.UsesBuildFusService               : loaded 2 times (x 72B)
Class org.jetbrains.kotlin.gradle.tasks.K2MultiplatformCompilationTask                : loaded 2 times (x 72B)
Class com.android.build.gradle.internal.scope.InternalArtifactType$FEATURE_RESOURCE_PKG: loaded 2 times (x 76B)
Class com.android.build.gradle.internal.core.dsl.impl.InstrumentedTestDslInfoImpl$handleProfiling$2: loaded 2 times (x 76B)
Class com.android.build.api.variant.impl.HasDeviceTestsCreationConfig                 : loaded 2 times (x 72B)
Class com.android.build.api.variant.impl.LintBuilderImpl_Decorated                    : loaded 2 times (x 121B)
Class com.android.build.gradle.internal.core.dsl.features.RenderscriptDslInfo         : loaded 2 times (x 72B)
Class com.android.build.gradle.internal.variant.DimensionCombinator$Companion         : loaded 2 times (x 73B)
Class com.android.build.gradle.internal.variant.DimensionCombinator                   : loaded 2 times (x 74B)
Class com.android.build.gradle.internal.dsl.NdkBuildOptions$AgpDecorated_Decorated    : loaded 2 times (x 141B)
Class com.android.build.gradle.internal.dsl.NdkBuildOptions$AgpDecorated              : loaded 2 times (x 97B)
Class com.android.builder.model.PackagingOptions                                      : loaded 2 times (x 72B)
Class com.android.build.api.dsl.DynamicFeatureDefaultConfig                           : loaded 2 times (x 72B)
Class [Lcom.android.builder.core.ComponentType;                                       : loaded 2 times (x 71B)
Class [Lorg.jetbrains.kotlin.gradle.plugin.KotlinPlatformType;                        : loaded 2 times (x 71B)
Class org.jetbrains.kotlin.gradle.plugin.BuildFinishedListenerService$Companion$registerIfAbsent$1$1: loaded 2 times (x 81B)
Class org.jetbrains.kotlin.gradle.internal.diagnostics.GradleCompatibilityCheck$CurrentGradleVersionProvider: loaded 2 times (x 72B)
Class org.jetbrains.kotlin.gradle.plugin.mpp.DecoratedKotlinCompilation               : loaded 2 times (x 193B)
Class com.android.build.gradle.internal.lint.LintFixBuildService$RegistrationAction   : loaded 2 times (x 76B)
Class com.android.build.gradle.internal.tasks.Workers$ProfileAwareExecutorServiceAdapter: loaded 2 times (x 89B)
Class com.android.builder.profile.NameAnonymizer$ProjectCacheLoader                   : loaded 2 times (x 78B)
Class com.android.tools.analytics.AnalyticsPaths                                      : loaded 2 times (x 73B)
Class com.android.build.api.extension.impl.DslLifecycleComponentsOperationsRegistrar  : loaded 2 times (x 74B)
Class com.android.build.gradle.internal.scope.BootClasspathBuilder$computeClasspath$1 : loaded 2 times (x 77B)
Class com.android.build.gradle.internal.dependency.DexingNoClasspathTransform$Inject_1: loaded 2 times (x 114B)
Class com.android.build.gradle.internal.api.ApkVariantImpl                            : loaded 2 times (x 251B)
Class com.android.build.gradle.internal.SdkLibDataFactory                             : loaded 2 times (x 74B)
Class com.sun.xml.bind.api.CompositeStructure                                         : loaded 2 times (x 74B)
Class javax.xml.bind.annotation.XmlValue                                              : loaded 2 times (x 72B)
Class com.sun.xml.bind.v2.runtime.reflect.Accessor$2                                  : loaded 2 times (x 89B)
Class com.sun.xml.bind.v2.runtime.unmarshaller.DefaultValueLoaderDecorator            : loaded 2 times (x 80B)
Class org.jetbrains.kotlin.gradle.report.GradleBuildMetricsReporter                   : loaded 2 times (x 100B)
Class org.jetbrains.kotlin.gradle.tasks.KotlinCompile$androidLayoutResources$1        : loaded 2 times (x 76B)
Class com.android.build.gradle.internal.SdkComponentsKt                               : loaded 2 times (x 73B)
Class ijKotlinCoroutineJvmDebugInit1_1fvwp385mdn4ky7ioxxjvrpd$_run_closure1$_closure2 : loaded 2 times (x 140B)
Class com.android.build.gradle.internal.scope.BuildFeatureValues                      : loaded 2 times (x 72B)
Class com.android.builder.errors.EvalIssueException                                   : loaded 2 times (x 84B)
Class com.android.ide.common.blame.SourcePosition                                     : loaded 2 times (x 73B)
Class com.android.build.gradle.internal.utils.AnalyticsEnabledValueSource$Params$Inject_: loaded 2 times (x 108B)
Class com.google.common.collect.HashMultimap                                          : loaded 2 times (x 175B)
Class org.apache.commons.io.output.AppendableWriter                                   : loaded 2 times (x 102B)
Class com.android.build.gradle.internal.tasks.UsesAnalytics$ConfigureAction           : loaded 2 times (x 73B)
Class com.android.build.gradle.internal.tasks.BaseTask$ConfigureAction                : loaded 2 times (x 73B)
Class com.android.build.gradle.internal.ide.v2.ModelBuilder$DimensionInformation      : loaded 2 times (x 74B)
Class com.sun.xml.bind.IDResolver                                                     : loaded 2 times (x 77B)
Class com.android.sdklib.repository.generated.addon.v2.AddonDetailsType               : loaded 2 times (x 143B)
Class com.sun.xml.bind.v2.model.impl.Util                                             : loaded 2 times (x 73B)
Class [Lcom.sun.xml.bind.v2.model.core.PropertyKind;                                  : loaded 2 times (x 71B)
Class [Lcom.sun.xml.bind.v2.runtime.Location;                                         : loaded 2 times (x 71B)
Class com.sun.xml.bind.api.JAXBRIContext                                              : loaded 2 times (x 91B)
Class com.android.sdklib.repository.generated.addon.v3.package-info                   : loaded 2 times (x 72B)
Class com.android.build.gradle.internal.SdkLocator$SdkLocationSource                  : loaded 2 times (x 82B)
Class org.jetbrains.kotlin.gradle.dsl.KotlinTargetContainerWithPresetFunctions        : loaded 2 times (x 72B)
Class com.android.build.gradle.internal.DependencyConfigurator$configureVariantTransforms$3$1: loaded 2 times (x 77B)
Class com.android.build.gradle.internal.DependencyConfigurator$configureGeneralTransforms$10: loaded 2 times (x 77B)
Class com.android.build.gradle.internal.tasks.CompileArtProfileTask                   : loaded 2 times (x 345B)
Class org.jetbrains.kotlin.gradle.targets.js.dsl.KotlinWasmJsTargetDsl                : loaded 2 times (x 72B)
Class org.jetbrains.kotlin.gradle.plugin.mpp.compilationImpl.factory.ConfigurationNaming$Default: loaded 2 times (x 77B)
Class org.jetbrains.kotlin.gradle.plugin.sources.DefaultLanguageSettingsBuilder       : loaded 2 times (x 102B)
Class org.jetbrains.kotlin.gradle.plugin.sources.FragmentConsistencyChecks$languageVersionCheck$2: loaded 2 times (x 80B)
Class org.jetbrains.kotlin.gradle.plugin.mpp.compilationImpl.KotlinCompilationSourceSetInclusion: loaded 2 times (x 74B)
Class org.jetbrains.kotlin.gradle.plugin.diagnostics.ToolingDiagnosticRenderingOptionsKt$WhenMappings: loaded 2 times (x 73B)
Class org.jetbrains.kotlin.gradle.tasks.configuration.BaseKotlinCompileConfig$1       : loaded 2 times (x 81B)
Class com.android.build.gradle.internal.scope.InternalArtifactType$COMPILE_R_CLASS_JAR: loaded 2 times (x 76B)
Class com.android.build.gradle.tasks.MergeResources                                   : loaded 2 times (x 358B)
Class [Lcom.android.build.gradle.internal.TaskManager$MergeType;                      : loaded 2 times (x 71B)
Class com.android.build.gradle.internal.scope.InternalArtifactType$MANIFEST_MERGE_BLAME_FILE: loaded 2 times (x 76B)
Class com.android.build.gradle.internal.AbstractAppTaskManager$1                      : loaded 2 times (x 93B)
Class com.android.build.api.variant.Dexing                                            : loaded 2 times (x 72B)
Class com.android.build.api.variant.PropertyAccessNotAllowedException                 : loaded 2 times (x 84B)
Class com.android.build.api.artifact.impl.SingleInitialProviderRequestImpl            : loaded 2 times (x 74B)
Class com.android.build.gradle.internal.BuildTypeData                                 : loaded 2 times (x 74B)
Class com.android.build.gradle.internal.ndk.NdkHandler                                : loaded 2 times (x 74B)
Class com.android.build.gradle.api.UnitTestVariant                                    : loaded 2 times (x 72B)
Class com.google.wireless.android.sdk.stats.ProjectApiUseOrBuilder                    : loaded 2 times (x 72B)
Class com.google.common.base.Converter$ReverseConverter                               : loaded 2 times (x 92B)
Class com.android.build.gradle.internal.dsl.MinSdkDelegate                            : loaded 2 times (x 86B)
Class com.android.build.gradle.internal.dsl.SigningConfigImpl                         : loaded 2 times (x 99B)
Class com.android.ide.common.signing.KeystoreHelper                                   : loaded 2 times (x 73B)
Class org.jetbrains.kotlin.gradle.utils.GradleConfigurationUtilsKt                    : loaded 2 times (x 73B)
Class org.jetbrains.kotlin.gradle.plugin.internal.CustomPropertiesFileValueSource$Parameters: loaded 2 times (x 72B)
Class org.jetbrains.kotlin.gradle.plugin.UsesBuildFinishedListenerService             : loaded 2 times (x 72B)
Class org.jetbrains.kotlin.gradle.dsl.KotlinPublishingDsl                             : loaded 2 times (x 72B)
Class org.jetbrains.kotlin.gradle.plugin.KotlinBaseApiPlugin                          : loaded 2 times (x 120B)
Class com.android.build.gradle.internal.services.SymbolTableBuildService$RegistrationAction: loaded 2 times (x 76B)
Class com.google.protobuf.CodedInputStream$StreamDecoder                              : loaded 2 times (x 121B)
Class kotlinx.coroutines.flow.StateFlowKt                                             : loaded 2 times (x 73B)
Class com.android.build.gradle.internal.dsl.InternalCommonExtension                   : loaded 2 times (x 72B)
Class org.gradle.accessors.dm.LibrariesForLibsInPluginsBlock$BundleAccessors          : loaded 2 times (x 75B)
Class org.gradle.internal.installation.CurrentGradleInstallationLocator               : loaded 2 times (x 73B)
Class com.android.build.gradle.internal.services.Aapt2ThreadPoolBuildService$RegistrationAction: loaded 2 times (x 76B)
Class com.android.build.gradle.internal.AvdComponentsBuildService                     : loaded 2 times (x 78B)
Class com.android.build.gradle.internal.services.FakeDependencyJarBuildService$Params : loaded 2 times (x 72B)
Class org.jetbrains.kotlin.gradle.plugin.internal.CustomPropertiesFileValueSource$Parameters$Inject_: loaded 2 times (x 108B)
Class org.jetbrains.kotlin.gradle.report.BuildReportType                              : loaded 2 times (x 81B)
Class org.jetbrains.kotlin.gradle.targets.native.KonanPropertiesBuildService$Companion$registerIfAbsent$2$1: loaded 2 times (x 81B)
Class com.android.build.api.dsl.JUnitEngineSpec                                       : loaded 2 times (x 72B)
Class com.android.build.gradle.internal.dsl.ApplicationBuildFeaturesImpl_Decorated    : loaded 2 times (x 171B)
Class com.android.build.gradle.internal.dsl.JniLibsPackagingImpl$AgpDecorated_Decorated: loaded 2 times (x 139B)
Class com.android.build.gradle.internal.dsl.DexOptions                                : loaded 2 times (x 105B)
Class com.android.build.api.artifact.impl.StorageProviderImpl                         : loaded 2 times (x 74B)
Class com.android.build.gradle.internal.tasks.LintCompile                             : loaded 2 times (x 330B)
Class com.android.build.gradle.internal.manifest.ManifestValueSource$Params_Decorated : loaded 2 times (x 132B)
Class com.android.build.gradle.internal.dependency.VariantDependenciesBuilder         : loaded 2 times (x 84B)
Class com.android.build.api.attributes.AgpVersionAttr                                 : loaded 2 times (x 72B)
Class com.android.build.gradle.internal.variant.ApkVariantData                        : loaded 2 times (x 74B)
Class org.objectweb.asm.ClassReader                                                   : loaded 2 times (x 96B)
Class org.apache.commons.io.output.ThresholdingOutputStream                           : loaded 2 times (x 97B)
Class com.google.common.io.ByteSource$SlicedByteSource                                : loaded 2 times (x 87B)
Class com.android.build.api.variant.AnnotationProcessor                               : loaded 2 times (x 72B)
Class com.android.build.gradle.internal.ide.dependencies.VariantKey                   : loaded 2 times (x 74B)
Class com.android.build.gradle.internal.dependency.VariantDependencies$Companion$getComponentFilter$2$1: loaded 2 times (x 77B)
Class com.android.build.gradle.internal.ide.v2.VectorDrawableOptionsImpl              : loaded 2 times (x 78B)
Class org.jetbrains.kotlin.gradle.tasks.DefaultKotlinJavaToolchain$getToolsJarFromJvm$1: loaded 2 times (x 77B)
Class org.jetbrains.kotlin.build.report.metrics.GcMetrics                             : loaded 2 times (x 74B)
Class com.android.build.gradle.internal.scope.BootClasspathBuilder$computeAdditionalAndRequestedOptionalLibraries$1: loaded 2 times (x 81B)
Class com.android.repository.impl.generated.v2.RepositoryType                         : loaded 2 times (x 88B)
Class [Ljavax.xml.bind.annotation.XmlNs;                                              : loaded 2 times (x 71B)
Class com.android.build.gradle.internal.publishing.KotlinMultiplatformVariantSpecBuilder: loaded 2 times (x 92B)
Class com.android.build.gradle.internal.scope.InternalArtifactType$UNIT_TEST_LINT_PARTIAL_RESULTS: loaded 2 times (x 76B)
Class [Lcom.android.build.gradle.internal.dependency.DexingOutputSplitTransform$DexOutput;: loaded 2 times (x 71B)
Class com.android.build.gradle.internal.DependencyConfigurator$configureVariantTransforms$3$2: loaded 2 times (x 77B)
Class com.android.build.gradle.internal.dependency.ClassesDirToClassesTransform       : loaded 2 times (x 80B)
Class com.android.build.gradle.internal.dependency.AarResourcesCompilerTransform      : loaded 2 times (x 80B)
Class com.android.build.gradle.internal.dependency.MockableJarTransform$Inject_1      : loaded 2 times (x 111B)
Class com.android.build.gradle.tasks.ExtractDeepLinksTask$BaseCreationAction          : loaded 2 times (x 95B)
Class com.android.builder.compiling.BuildConfigType                                   : loaded 2 times (x 81B)
Class com.android.build.api.component.impl.DefaultSourcesProvider                     : loaded 2 times (x 72B)
Class com.android.build.gradle.internal.tasks.creationconfig.ProcessTestManifestCreationConfigKt$forTestComponent$2: loaded 2 times (x 146B)
Class com.android.build.gradle.internal.scope.InternalArtifactType$GLOBAL_SYNTHETICS_PROJECT: loaded 2 times (x 76B)
Class com.android.build.gradle.internal.tasks.GlobalSyntheticsGeneratorTask           : loaded 2 times (x 338B)
Class org.jetbrains.kotlin.gradle.plugin.diagnostics.UsesKotlinToolingDiagnosticsKt   : loaded 2 times (x 73B)
Class com.android.build.gradle.internal.res.LinkAndroidResForBundleTask               : loaded 2 times (x 352B)
Class com.android.build.api.component.impl.OldVariantApiLegacySupportImpl$JavaCompileOptionsForOldVariantAPI: loaded 2 times (x 77B)
Class com.android.build.gradle.internal.tasks.ApplicationIdWriterTask                 : loaded 2 times (x 337B)
Class [Lcom.android.build.gradle.internal.publishing.AndroidArtifacts$ArtifactType;   : loaded 2 times (x 71B)
Class com.android.build.api.variant.impl.VariantOutputConfigurationImpl               : loaded 2 times (x 78B)
Class com.android.build.gradle.internal.component.features.InstrumentationCreationConfig: loaded 2 times (x 72B)
Class com.android.build.api.variant.impl.HasHostTestsCreationConfig                   : loaded 2 times (x 72B)
Class com.android.build.gradle.internal.utils.GuavaKtxKt                              : loaded 2 times (x 73B)
Class com.android.build.gradle.internal.services.VariantServicesImpl                  : loaded 2 times (x 116B)
Class com.android.build.gradle.internal.ide.v2.NativeModelBuilder_Decorated           : loaded 2 times (x 131B)
Class com.google.wireless.android.sdk.stats.GradleBuildProjectMetricsOrBuilder        : loaded 2 times (x 72B)
Class com.android.build.gradle.internal.tasks.AppClasspathCheckTask$CreationAction    : loaded 2 times (x 92B)
Class com.android.build.gradle.internal.dsl.ExternalNativeBuildOptions                : loaded 2 times (x 95B)
Class com.android.build.api.dsl.KeepRules                                             : loaded 2 times (x 72B)
Class org.jetbrains.kotlin.gradle.plugin.AbstractKotlinJsPluginWrapper                : loaded 2 times (x 88B)
Class org.jetbrains.kotlin.gradle.plugin.internal.MavenPublicationComponentAccessor   : loaded 2 times (x 72B)
Class org.jetbrains.kotlin.gradle.fus.BuildUidService                                 : loaded 2 times (x 82B)
Class org.jetbrains.kotlin.gradle.plugin.KotlinPluginWrapperKt                        : loaded 2 times (x 73B)
Class org.jetbrains.kotlin.gradle.plugin.mpp.InternalKotlinCompilation                : loaded 2 times (x 72B)
Class org.jetbrains.kotlin.gradle.plugin.KotlinJvmFactory                             : loaded 2 times (x 72B)
Class [Lcom.google.protobuf.Internal$EnumLite;                                        : loaded 2 times (x 71B)
Class com.google.protobuf.CodedInputStream$ArrayDecoder                               : loaded 2 times (x 121B)
Class com.android.tools.analytics.HostData                                            : loaded 2 times (x 73B)
Class com.android.build.gradle.internal.dependency.VariantDependencies$Companion$WhenMappings: loaded 2 times (x 73B)
Class com.android.tools.analytics.AnalyticsLevel                                      : loaded 2 times (x 81B)
Class com.android.build.gradle.internal.LoggerWrapper                                 : loaded 2 times (x 88B)
Class com.android.build.gradle.options.Option$Status$Deprecated                       : loaded 2 times (x 74B)
Class com.android.build.gradle.internal.plugins.TestPlugin                            : loaded 2 times (x 99B)
Class org.gradle.internal.service.DefaultServiceLocator                               : loaded 2 times (x 85B)
Class com.android.build.gradle.internal.tasks.ModuleMetadataWriterTask$CreationAction$handleProvider$1: loaded 2 times (x 133B)
Class com.android.build.gradle.internal.component.ComponentBasedMergeSourceSetFoldersCreationConfig: loaded 2 times (x 96B)
Class com.android.build.gradle.tasks.MergeSourceSetFolders$MergeAssetCreationAction   : loaded 2 times (x 93B)
Class com.android.build.api.variant.impl.JniLibsTestedApkPackagingImpl                : loaded 2 times (x 93B)
Class org.jetbrains.kotlin.gradle.report.UsesBuildMetricsService                      : loaded 2 times (x 72B)
Class org.jetbrains.kotlin.gradle.utils.ConfigurationCacheOpaqueValueSource           : loaded 2 times (x 81B)
Class org.jetbrains.kotlin.gradle.plugin.mpp.compilationImpl.factory.KotlinCompilationImplFactory$KotlinCompilationSourceSetsContainerFactory: loaded 2 times (x 72B)
Class org.jetbrains.kotlin.gradle.utils.MutableObservableSet                          : loaded 2 times (x 72B)
Class org.jetbrains.kotlin.gradle.plugin.hierarchy.KotlinSourceSetTreeClassifierKt    : loaded 2 times (x 73B)
Class com.android.build.gradle.internal.tasks.SigningConfigWriterTask$CreationAction$handleProvider$1: loaded 2 times (x 133B)
Class com.android.build.gradle.internal.tasks.GlobalSyntheticsMergeTask               : loaded 2 times (x 338B)
Class com.android.build.gradle.tasks.ProcessTestManifest$CreationAction$handleProvider$1: loaded 2 times (x 133B)
Class com.android.build.gradle.internal.TaskManager$PreBuildCreationAction            : loaded 2 times (x 93B)
Class com.android.build.gradle.internal.attribution.CheckJetifierBuildService         : loaded 2 times (x 82B)
Class org.jetbrains.kotlin.gradle.dsl.KotlinHierarchyDsl                              : loaded 2 times (x 72B)
Class com.android.build.gradle.internal.SdkParsingUtilsKt                             : loaded 2 times (x 73B)
Class com.android.sdklib.repository.generated.repository.v1.LayoutlibType             : loaded 2 times (x 76B)
Class com.sun.xml.bind.v2.runtime.reflect.Accessor$1                                  : loaded 2 times (x 87B)
Class com.sun.xml.bind.v2.runtime.property.SingleReferenceNodeProperty                : loaded 2 times (x 104B)
Class com.sun.xml.bind.v2.runtime.unmarshaller.StructureLoader$1                      : loaded 2 times (x 73B)
Class com.android.sdklib.IAndroidTarget                                               : loaded 2 times (x 72B)
Class com.android.build.gradle.internal.ide.v2.ViewBindingOptionsImpl$Companion       : loaded 2 times (x 73B)
Class com.google.common.cache.LocalCache$SoftValueReference                           : loaded 2 times (x 100B)
Class com.google.common.collect.Maps$EntrySet                                         : loaded 2 times (x 138B)
Class org.jetbrains.kotlin.gradle.plugin.KotlinCompilerArgumentsProducer$ArgumentType : loaded 2 times (x 81B)
Class com.android.build.gradle.internal.ide.dependencies.StringCacheImpl              : loaded 2 times (x 77B)
Class com.android.build.gradle.internal.ide.dependencies.LibraryCache                 : loaded 2 times (x 72B)
Class com.google.wireless.android.sdk.stats.AndroidStudioEvent$Builder                : loaded 2 times (x 1084B)
Class com.android.build.gradle.internal.ide.v2.ApiVersionImpl                         : loaded 2 times (x 78B)
Class org.jetbrains.kotlin.gradle.tasks.configuration.BaseKotlinCompileConfig$1$1$1   : loaded 2 times (x 77B)
Class org.jetbrains.kotlin.gradle.tasks.KotlinCompile$scriptExtensions$1              : loaded 2 times (x 81B)
Class org.jetbrains.kotlin.gradle.tasks.K2MultiplatformStructure$Fragment             : loaded 2 times (x 74B)
Class com.android.build.gradle.internal.scope.BootClasspathBuilder$computeAdditionalAndRequestedOptionalLibraries$2: loaded 2 times (x 82B)
Class com.android.repository.impl.generated.v1.PatchesType                            : loaded 2 times (x 77B)
Class [Lcom.sun.xml.bind.v2.model.core.ID;                                            : loaded 2 times (x 71B)
Class javax.xml.bind.annotation.XmlAttribute                                          : loaded 2 times (x 72B)
Class com.android.sdklib.repository.generated.repository.v3.package-info              : loaded 2 times (x 72B)
Class com.android.build.gradle.internal.FileExistsValueSource$Params$Inject_          : loaded 2 times (x 108B)
Class com.android.build.gradle.internal.api.BaseVariantImpl                           : loaded 2 times (x 217B)
Class com.android.build.gradle.internal.tasks.PackageBundleTask$CreationAction        : loaded 2 times (x 92B)
Class com.google.common.collect.AbstractMapBasedMultimap$WrappedCollection            : loaded 2 times (x 126B)
Class org.jetbrains.kotlin.gradle.plugin.mpp.compilationImpl.KotlinAndroidCompilationAssociator: loaded 2 times (x 76B)
Class org.jetbrains.kotlin.compilerRunner.CompilerSystemPropertiesService$Companion$registerIfAbsent$1: loaded 2 times (x 77B)
Class com.android.build.gradle.internal.component.BuiltInKotlinCreationConfig         : loaded 2 times (x 72B)
Class com.android.build.gradle.tasks.JavaPreCompileTask                               : loaded 2 times (x 337B)
Class com.android.build.gradle.internal.scope.InternalArtifactType$MERGED_NATIVE_LIBS_BLAME: loaded 2 times (x 76B)
Class com.android.build.gradle.internal.res.LinkAndroidResForBundleTask$CreationAction$handleProvider$1: loaded 2 times (x 133B)
Class com.android.build.gradle.tasks.ProcessApplicationManifest$CreationAction        : loaded 2 times (x 92B)
Class com.android.build.gradle.internal.scope.InternalArtifactType$COMPILE_MANIFEST_JAR: loaded 2 times (x 76B)
Class com.android.build.gradle.internal.tasks.StripDebugSymbolsTask$CreationAction    : loaded 2 times (x 92B)
Class com.android.build.api.variant.impl.ApplicationVariantImpl_Decorated             : loaded 2 times (x 695B)
Class com.android.build.gradle.internal.variant.ApplicationVariantData                : loaded 2 times (x 78B)
Class com.android.build.gradle.internal.profile.ProfilingMode                         : loaded 2 times (x 81B)
Class com.android.build.gradle.internal.tasks.GlobalTask                              : loaded 2 times (x 72B)
Class com.android.build.gradle.internal.cxx.gradle.generator.CxxMetadataGenerator     : loaded 2 times (x 72B)
Class com.google.wireless.android.sdk.stats.GradlePluginData                          : loaded 2 times (x 201B)
Class com.android.build.api.dsl.JacocoOptions                                         : loaded 2 times (x 72B)
Class com.android.build.gradle.internal.api.LazyAndroidSourceSet                      : loaded 2 times (x 74B)
Class com.android.build.api.dsl.DefaultConfig                                         : loaded 2 times (x 72B)
Class org.jetbrains.kotlin.gradle.plugin.internal.DefaultProjectIsolationStartParameterAccessor_Decorated: loaded 2 times (x 123B)
Class org.jetbrains.kotlin.gradle.plugin.internal.ProjectIsolationStartParameterAccessorKt: loaded 2 times (x 73B)
Class org.jetbrains.kotlin.gradle.dsl.KaptExtensionConfig                             : loaded 2 times (x 72B)
Class com.android.builder.profile.AnalyticsProfileWriter$Companion                    : loaded 2 times (x 73B)
Class [Lcom.google.common.cache.RemovalCause;                                         : loaded 2 times (x 71B)
Class com.google.protobuf.ProtocolStringList                                          : loaded 2 times (x 72B)
Class com.android.build.gradle.internal.errors.SyncIssueReporterImpl$GlobalSyncIssueService$Parameters_Decorated: loaded 2 times (x 141B)
Class com.android.build.gradle.internal.VariantManager                                : loaded 2 times (x 74B)
Class jdk.internal.jrtfs.JrtDirectoryStream                                           : loaded 2 times (x 91B)
Class org.gradle.internal.installation.CurrentGradleInstallation                      : loaded 2 times (x 75B)
Class org.gradle.internal.classloader.ClassLoaderHierarchy                            : loaded 2 times (x 72B)
Class jdk.internal.jimage.BasicImageReader                                            : loaded 2 times (x 97B)
Class com.android.build.gradle.internal.plugins.AndroidPluginBaseServices             : loaded 2 times (x 80B)
Class com.android.build.gradle.internal.ClasspathVerifier                             : loaded 2 times (x 73B)
Class com.android.build.gradle.internal.errors.AndroidProblemReporterProvider$Parameters$Inject_: loaded 2 times (x 108B)
Class com.android.build.gradle.internal.errors.AndroidProblemReporterProvider$Inject_ : loaded 2 times (x 98B)
Class com.google.protobuf.MapField                                                    : loaded 2 times (x 91B)
Class com.android.builder.profile.NameAnonymizer                                      : loaded 2 times (x 74B)
Class com.google.protobuf.CodedInputStream$UnsafeDirectNioDecoder                     : loaded 2 times (x 121B)
Class org.jetbrains.kotlin.gradle.plugin.KotlinPlatformType$Companion                 : loaded 2 times (x 73B)
Class org.jetbrains.kotlin.gradle.plugin.KotlinPlatformType$DisambiguationRule        : loaded 2 times (x 78B)
Class com.android.build.api.dsl.DynamicFeatureVariantDimension                        : loaded 2 times (x 72B)
Class com.android.build.gradle.internal.dsl.decorator.SupportedPropertyType$Collection$Set: loaded 2 times (x 76B)
Class com.android.build.gradle.internal.dsl.ConsumerKeepRulesImpl                     : loaded 2 times (x 94B)
Class com.android.build.gradle.internal.dsl.VcsInfoImpl                               : loaded 2 times (x 79B)
Class com.android.build.gradle.internal.dsl.CompileSdkSpecImpl                        : loaded 2 times (x 92B)
Class com.android.build.gradle.internal.dsl.CoreExternalNativeCmakeOptions            : loaded 2 times (x 72B)
Class com.android.build.api.dsl.AndroidSourceFile                                     : loaded 2 times (x 72B)
Class com.android.build.gradle.internal.dsl.ManagedDevices                            : loaded 2 times (x 82B)
Class com.android.build.gradle.internal.dsl.TestOptions$screenshotTests$1             : loaded 2 times (x 77B)
Class com.android.build.gradle.internal.dsl.CmakeOptions$AgpDecorated_Decorated       : loaded 2 times (x 148B)
Class org.jetbrains.kotlin.gradle.tasks.KotlinCompilerExecutionStrategy               : loaded 2 times (x 81B)
Class com.android.build.gradle.internal.ide.v2.BasicVariantImpl$Companion             : loaded 2 times (x 73B)
Class com.android.build.gradle.internal.scope.BootClasspathBuilder$computeAdditionalAndRequestedOptionalLibraries$3: loaded 2 times (x 79B)
Class com.sun.xml.bind.v2.model.impl.TypeRefImpl                                      : loaded 2 times (x 89B)
Class com.android.repository.api.Dependency                                           : loaded 2 times (x 79B)
Class com.android.repository.impl.meta.Archive                                        : loaded 2 times (x 86B)
Class [Lcom.android.repository.api.SchemaModule;                                      : loaded 2 times (x 71B)
Class com.android.build.gradle.internal.utils.ConsoleProgressIndicatorFactory$IsTerminalSmartValueSource$Inject_: loaded 2 times (x 111B)
Class com.android.ide.common.workers.WorkerExecutorFacade                             : loaded 2 times (x 72B)
Class com.android.build.gradle.internal.scope.InternalArtifactType$RESOURCES_CONFIG_MAP_FILE: loaded 2 times (x 76B)
Class com.android.build.gradle.internal.scope.InternalArtifactType$MERGED_STARTUP_PROFILE: loaded 2 times (x 76B)
Class com.android.build.gradle.internal.tasks.featuresplit.PackagedDependenciesWriterTask: loaded 2 times (x 337B)
Class com.android.build.gradle.internal.tasks.R8VersionCheckException                 : loaded 2 times (x 84B)
Class org.jetbrains.kotlin.gradle.plugin.sources.DefaultKotlinSourceSet$special$$inlined$Iterable$1: loaded 2 times (x 81B)
Class org.jetbrains.kotlin.gradle.plugin.KotlinTargetConfiguratorKt                   : loaded 2 times (x 73B)
Class org.jetbrains.kotlin.gradle.plugin.mpp.compilationImpl.factory.KotlinCompilationImplFactory$KotlinCompilerOptionsFactory$Options: loaded 2 times (x 74B)
Class org.jetbrains.kotlin.gradle.plugin.diagnostics.ToolingDiagnosticRenderingOptionsKt: loaded 2 times (x 73B)
Class com.android.build.gradle.internal.tasks.factory.features.AndroidResourcesTaskCreationAction: loaded 2 times (x 72B)
Class com.android.build.gradle.tasks.ProcessPackagedManifestTask$CreationAction$handleProvider$1: loaded 2 times (x 133B)
Class com.android.build.gradle.internal.tasks.ExtractNativeDebugMetadataTask$FullCreationAction: loaded 2 times (x 93B)
Class com.android.build.gradle.internal.services.VariantBuilderServicesImpl$ValueImpl : loaded 2 times (x 78B)
Class com.android.build.gradle.internal.tasks.DeviceSerialTestTask                    : loaded 2 times (x 323B)
Class com.google.wireless.android.sdk.stats.GradleBuildProjectMetrics                 : loaded 2 times (x 201B)
Class com.android.build.gradle.internal.dsl.ApplicationAndroidResourcesImpl           : loaded 2 times (x 126B)
Class com.android.build.gradle.internal.dsl.JniLibsPackagingImpl                      : loaded 2 times (x 91B)
Class com.android.build.api.dsl.BundleLanguage                                        : loaded 2 times (x 72B)
Class com.android.build.api.dsl.BundleCountrySet                                      : loaded 2 times (x 72B)
Class com.android.build.api.dsl.BundleDeviceTier                                      : loaded 2 times (x 72B)
Class com.android.builder.core.AbstractProductFlavor                                  : loaded 2 times (x 196B)
Class org.jetbrains.kotlin.gradle.targets.native.internal.PlatformLibrariesGenerator  : loaded 2 times (x 74B)
Class org.jetbrains.kotlin.tooling.core.Extras$Type$Companion                         : loaded 2 times (x 73B)
Class org.jetbrains.kotlin.gradle.plugin.KotlinCompilation                            : loaded 2 times (x 72B)
Class com.android.build.gradle.internal.services.SymbolTableBuildService              : loaded 2 times (x 81B)
Class com.android.build.gradle.internal.ide.v2.GlobalSyncService$Parameters           : loaded 2 times (x 72B)
Class com.android.build.gradle.internal.dsl.SdkComponentsImpl_Decorated               : loaded 2 times (x 131B)
Class com.android.builder.profile.Recorder$VoidBlock                                  : loaded 2 times (x 72B)
Class com.android.build.api.dsl.TargetSdkSpec                                         : loaded 2 times (x 72B)
Class com.android.build.api.extension.impl.ApplicationAndroidComponentsExtensionImpl  : loaded 2 times (x 116B)
Class org.gradle.util.internal.GUtil                                                  : loaded 2 times (x 73B)
Class com.android.build.gradle.internal.services.FakeDependencyJarBuildService$FakeDependencyJarCreator$Params: loaded 2 times (x 72B)
Class com.android.build.api.artifact.impl.SingleInitialProviderRequestImpl$on$2       : loaded 2 times (x 77B)
Class com.android.build.api.annotations.ReplacedByIncubating                          : loaded 2 times (x 72B)
Class com.android.build.gradle.internal.attributes.VariantAttr                        : loaded 2 times (x 72B)
Class com.android.build.gradle.internal.scope.InternalArtifactType$METADATA_FEATURE_MANIFEST: loaded 2 times (x 76B)
Class com.android.build.gradle.internal.res.LinkApplicationAndroidResourcesTask       : loaded 2 times (x 385B)
Class com.android.build.gradle.internal.scope.InternalArtifactType$COMPILE_AND_RUNTIME_R_CLASS_JAR: loaded 2 times (x 76B)
Class org.jetbrains.kotlin.gradle.plugin.internal.ConfigurationCacheStartParameterAccessorKt: loaded 2 times (x 73B)
Class org.jetbrains.kotlin.gradle.plugin.mpp.compilationImpl.factory.DefaultKotlinCompilationSourceSetsContainerFactory: loaded 2 times (x 77B)
Class com.android.build.gradle.internal.tasks.UninstallTask                           : loaded 2 times (x 339B)
Class com.android.build.gradle.internal.tasks.BundleToStandaloneApkTask               : loaded 2 times (x 338B)
Class com.android.build.gradle.internal.dependency.SubtractingArtifactCollection$SubtractingArtifactResult$initFileCollection$1: loaded 2 times (x 77B)
Class com.android.build.gradle.internal.services.UsesAapt2ThreadPoolBuildService      : loaded 2 times (x 72B)
Class com.android.build.gradle.internal.publishing.OutputSpecImpl                     : loaded 2 times (x 80B)
Class com.android.build.api.variant.impl.ArtifactMetadataProcessor$Companion$handleFinalizedByForType$1$1$1: loaded 2 times (x 77B)
Class com.android.sdklib.repository.meta.DetailsTypes$PlatformDetailsType$LayoutlibType: loaded 2 times (x 75B)
Class com.android.sdklib.util.CacheByCanonicalPath                                    : loaded 2 times (x 74B)
Class com.android.repository.impl.generated.v1.ObjectFactory                          : loaded 2 times (x 109B)
Class com.android.build.api.variant.impl.FlatSourceDirectoriesImpl$getAsFileTrees$1   : loaded 2 times (x 77B)
Class com.android.build.gradle.internal.tasks.VariantTask$ConfigureAction             : loaded 2 times (x 73B)
Class com.android.build.gradle.internal.scope.BootClasspathBuilder$computeAdditionalAndRequestedOptionalLibraries$4: loaded 2 times (x 81B)
Class javax.xml.bind.UnmarshallerHandler                                              : loaded 2 times (x 72B)
Class com.android.sdklib.repository.generated.repository.v3.PlatformDetailsType       : loaded 2 times (x 128B)
Class com.sun.xml.bind.v2.model.core.Adapter                                          : loaded 2 times (x 74B)
Class com.sun.xml.bind.v2.model.impl.ClassInfoImpl$DuplicateException                 : loaded 2 times (x 84B)
Class [Ljavax.xml.bind.annotation.XmlAccessType;                                      : loaded 2 times (x 71B)
Class javax.xml.bind.annotation.XmlElementDecl                                        : loaded 2 times (x 72B)
Class com.android.repository.impl.generated.v2.CompleteType                           : loaded 2 times (x 86B)
Class com.android.repository.api.SchemaModule$SchemaModuleVersion                     : loaded 2 times (x 78B)
Class com.android.build.gradle.internal.PlatformToolsComponents$Companion             : loaded 2 times (x 73B)
Class com.android.build.gradle.internal.SdkComponentsBuildService$VersionedSdkLoader$sdkLoadStrategy$2$1$1: loaded 2 times (x 81B)
Class com.android.build.gradle.internal.scope.InternalArtifactType$LINT_VITAL_PARTIAL_RESULTS: loaded 2 times (x 76B)
Class com.android.build.gradle.internal.scope.InternalArtifactType$GLOBAL_SYNTHETICS_MERGED: loaded 2 times (x 76B)
Class com.android.build.gradle.internal.scope.InternalArtifactType$VARIANT_CODE_COVERAGE_DATA: loaded 2 times (x 76B)
Class com.android.build.gradle.internal.DependencyConfigurator$configureGeneralTransforms$8$1: loaded 2 times (x 76B)
Class com.android.build.gradle.internal.SdkComponentsBuildService$Environment         : loaded 2 times (x 75B)
Class com.android.build.gradle.internal.scope.InternalArtifactType$DEVICE_SPEC_PATH_MAP: loaded 2 times (x 76B)
Class com.android.build.gradle.internal.tasks.factory.features.DexingTaskCreationActionImpl: loaded 2 times (x 77B)
Class com.android.build.gradle.internal.scope.InternalArtifactType$GENERATED_PROGUARD_FILE: loaded 2 times (x 76B)
Class org.jetbrains.kotlin.gradle.plugin.mpp.KotlinCompilationFactory                 : loaded 2 times (x 72B)
Class com.android.build.api.variant.impl.JniLibsPackagingImpl$pickFirsts$1            : loaded 2 times (x 77B)
Class com.android.build.gradle.tasks.ProcessPackagedManifestTask$CreationAction$handleProvider$2: loaded 2 times (x 133B)
Class com.android.build.gradle.internal.testsuites.impl.TestSuiteBuilderImpl          : loaded 2 times (x 88B)
Class com.android.build.gradle.internal.dsl.ModulePropertyKey$BooleanWithDefault$Companion: loaded 2 times (x 73B)
Class com.android.build.gradle.internal.variant.DimensionCombinationImpl              : loaded 2 times (x 78B)
Class com.android.build.gradle.api.TestVariant                                        : loaded 2 times (x 72B)
Class [Lcom.android.tools.lint.model.LintModelSeverity;                               : loaded 2 times (x 71B)
Class com.android.build.gradle.internal.CompileOptions$AgpDecorated_Decorated         : loaded 2 times (x 147B)
Class com.android.resources.ResourceEnum                                              : loaded 2 times (x 72B)
Class com.google.common.base.Converter$IdentityConverter                              : loaded 2 times (x 92B)
Class com.google.common.util.concurrent.AbstractFuture$SetFuture                      : loaded 2 times (x 77B)
Class com.android.build.api.dsl.DependenciesInfo                                      : loaded 2 times (x 72B)
Class com.android.build.gradle.internal.utils.KgpUtils                                : loaded 2 times (x 73B)
Class com.android.build.gradle.internal.services.BuiltInKotlinServices$Companion      : loaded 2 times (x 73B)
Class org.jetbrains.kotlin.gradle.utils.Future                                        : loaded 2 times (x 72B)
Class org.jetbrains.kotlin.gradle.plugin.mpp.AbstractKotlinCompilation                : loaded 2 times (x 193B)
Class com.android.prefs.PathLocator$WhenMappings                                      : loaded 2 times (x 73B)
Class com.google.wireless.android.sdk.stats.JavaProcessStats                          : loaded 2 times (x 208B)
Class com.sun.xml.bind.v2.model.impl.ArrayInfoImpl                                    : loaded 2 times (x 100B)
Class com.google.protobuf.Message                                                     : loaded 2 times (x 72B)
Class com.android.build.gradle.internal.profile.NoOpAnalyticsConfiguratorService$RegistrationAction: loaded 2 times (x 76B)
Class com.android.tools.analytics.Environment$Companion$SYSTEM$1                      : loaded 2 times (x 75B)
Class com.android.tools.analytics.Environment$Companion                               : loaded 2 times (x 73B)
Class com.android.tools.analytics.Environment$SystemProperty                          : loaded 2 times (x 81B)
Class com.android.ide.common.blame.SourceFilePositionJsonSerializer                   : loaded 2 times (x 79B)
Class com.android.build.gradle.TestPlugin                                             : loaded 2 times (x 78B)
Class com.sun.xml.bind.v2.model.impl.ModelBuilder$1                                   : loaded 2 times (x 78B)
Class com.sun.xml.bind.v2.runtime.property.Utils                                      : loaded 2 times (x 73B)
Class com.android.build.gradle.internal.ide.v2.AndroidArtifactImpl$Companion          : loaded 2 times (x 73B)
Class com.android.build.api.variant.MultiOutputHandler                                : loaded 2 times (x 72B)
Class com.android.build.gradle.internal.scope.InternalArtifactType$AAPT_FRIENDLY_MERGED_MANIFESTS: loaded 2 times (x 76B)
Class com.android.build.gradle.internal.ide.v2.GlobalSyncService$Inject_              : loaded 2 times (x 102B)
Class [Lcom.google.common.base.AbstractIterator$State;                                : loaded 2 times (x 71B)
Class [Lcom.google.common.collect.MapMakerInternalMap$Segment;                        : loaded 2 times (x 71B)
Class com.google.common.cache.LocalCache$ValueIterator                                : loaded 2 times (x 88B)
Class org.gradle.internal.classloader.FilteringClassLoader                            : loaded 2 times (x 106B)
Class com.android.build.api.variant.HasUnitTestBuilder                                : loaded 2 times (x 72B)
Class com.android.build.gradle.options.ApiStage$Deprecated                            : loaded 2 times (x 74B)
Class com.android.ide.common.blame.SourceFileJsonTypeAdapter                          : loaded 2 times (x 77B)
Class com.google.wireless.android.sdk.stats.JavaProcessStatsOrBuilder                 : loaded 2 times (x 72B)
Class com.android.prefs.AndroidPathLocator                                            : loaded 2 times (x 75B)
Class com.android.build.gradle.internal.services.ClassesHierarchyBuildService         : loaded 2 times (x 82B)
Class org.jetbrains.kotlin.gradle.plugin.internal.CustomPropertiesFileValueSource$Inject_: loaded 2 times (x 115B)
Class org.jetbrains.kotlin.gradle.plugin.PropertiesProvider$booleanPropertyWithDeprecatedValues$1: loaded 2 times (x 80B)
Class ijJvmDebugger1_aluyl6mn6qsa601y9i1ndg7af$_run_closure1                          : loaded 2 times (x 140B)
Class com.google.common.io.LineBuffer                                                 : loaded 2 times (x 77B)
Class com.google.common.collect.MapMakerInternalMap$1                                 : loaded 2 times (x 85B)
Class org.objectweb.asm.Context                                                       : loaded 2 times (x 74B)
Class com.google.common.reflect.Types$TypeVariableImpl                                : loaded 2 times (x 74B)
Class com.android.build.gradle.internal.ide.dependencies.Graph$AdjacencyList          : loaded 2 times (x 74B)
Class com.android.build.gradle.internal.ide.v2.VectorDrawableOptionsImpl$Companion    : loaded 2 times (x 73B)
Class com.android.build.gradle.internal.scope.BootClasspathBuilder$computeAdditionalAndRequestedOptionalLibraries$5: loaded 2 times (x 82B)
Class javax.xml.bind.annotation.DomHandler                                            : loaded 2 times (x 72B)
Class com.sun.xml.bind.v2.runtime.property.PropertyFactory                            : loaded 2 times (x 73B)
Class com.sun.xml.bind.v2.model.impl.ElementInfoImpl$PropertyImpl                     : loaded 2 times (x 135B)
Class javax.activation.DataSource                                                     : loaded 2 times (x 72B)
Class com.sun.xml.bind.v2.model.runtime.RuntimeBuiltinLeafInfo                        : loaded 2 times (x 72B)
Class com.android.sdklib.repository.generated.sysimg.v4.package-info                  : loaded 2 times (x 72B)
Class com.android.sdklib.repository.meta.DetailsTypes$ExtraDetailsType                : loaded 2 times (x 72B)
Class com.android.build.gradle.internal.SdkComponentsBuildService$VersionedSdkLoader$aidlFrameworkProvider$1: loaded 2 times (x 77B)
Class com.android.build.gradle.internal.SdkComponentsBuildService$VersionedSdkLoader$androidJarProvider$1: loaded 2 times (x 77B)
Class com.android.build.gradle.internal.api.UnitTestVariantImpl                       : loaded 2 times (x 221B)
Class com.android.build.gradle.internal.dependency.AgpVersionCompatibilityRule        : loaded 2 times (x 78B)
Class com.android.build.gradle.internal.cxx.logging.PassThroughRecordingLoggingEnvironment: loaded 2 times (x 85B)
Class com.android.build.gradle.internal.tasks.ApkZipPackagingTask                     : loaded 2 times (x 338B)
Class com.android.build.gradle.internal.scope.InternalArtifactType$DESUGAR_GRAPH      : loaded 2 times (x 76B)
Class org.jetbrains.kotlin.gradle.targets.js.dsl.KotlinJsSubTargetContainerDsl        : loaded 2 times (x 72B)
Class com.android.build.api.artifact.ScopedArtifact$POST_COMPILATION_CLASSES          : loaded 2 times (x 76B)
Class com.android.builder.merge.DuplicateRelativeFileException                        : loaded 2 times (x 84B)
Class com.android.build.gradle.internal.TaskManager$WhenMappings                      : loaded 2 times (x 73B)
Class [Lcom.android.build.gradle.internal.publishing.AndroidArtifacts$ConsumedConfigType;: loaded 2 times (x 71B)
Class com.android.build.gradle.internal.publishing.AndroidArtifacts$ArtifactScope     : loaded 2 times (x 81B)
Class com.android.build.api.variant.impl.VariantOutputImpl                            : loaded 2 times (x 85B)
Class com.android.build.api.variant.Instrumentation                                   : loaded 2 times (x 72B)
Class com.android.build.api.variant.GeneratesTestApk                                  : loaded 2 times (x 72B)
Class com.android.build.gradle.internal.scope.InternalArtifactType$DEFAULT_PROGUARD_FILES: loaded 2 times (x 76B)
Class com.android.build.gradle.internal.tasks.AndroidGlobalTask                       : loaded 2 times (x 328B)
Class com.android.build.gradle.internal.tasks.factory.TaskInformation                 : loaded 2 times (x 72B)
Class com.android.build.gradle.internal.dsl.SigningConfigImpl$AgpDecorated_Decorated  : loaded 2 times (x 152B)
Class com.android.build.gradle.internal.dsl.SigningConfigImpl$AgpDecorated            : loaded 2 times (x 103B)
Class com.android.build.gradle.internal.dsl.DefaultConfig$AgpDecorated                : loaded 2 times (x 444B)
Class com.android.build.gradle.internal.dsl.ScreenshotTestSuiteImpl                   : loaded 2 times (x 84B)
Class org.jetbrains.kotlin.tooling.core.MutableExtrasImpl$Companion                   : loaded 2 times (x 73B)
Class org.jetbrains.kotlin.gradle.internal.ClassLoadersCachingBuildService$Parameters : loaded 2 times (x 72B)
Class org.jetbrains.kotlin.gradle.plugin.internal.ProjectIsolationStartParameterAccessor: loaded 2 times (x 72B)
Class org.jetbrains.kotlin.gradle.plugin.KotlinGradleBuildServices$Companion$registerIfAbsent$1: loaded 2 times (x 77B)
Class org.jetbrains.kotlin.gradle.utils.StoredProperty                                : loaded 2 times (x 72B)
Class com.google.protobuf.ExtensionRegistryFactory                                    : loaded 2 times (x 73B)
Class com.google.protobuf.AbstractMessage$Builder                                     : loaded 2 times (x 259B)
Class com.android.ide.common.blame.Message                                            : loaded 2 times (x 74B)
Class com.google.protobuf.ProtocolMessageEnum                                         : loaded 2 times (x 72B)
Class com.android.build.gradle.internal.plugins.BasePlugin$ExtensionData              : loaded 2 times (x 74B)
Class com.android.build.gradle.internal.VariantTaskManager                            : loaded 2 times (x 88B)
Class org.gradle.internal.installation.GradleInstallation                             : loaded 2 times (x 77B)
Class org.jetbrains.kotlin.gradle.internal.ClassLoadersCachingBuildService$Companion$registerIfAbsent$2$1$1: loaded 2 times (x 77B)
Class org.jetbrains.kotlin.gradle.targets.native.KonanPropertiesBuildService$Companion$registerIfAbsent$1: loaded 2 times (x 77B)
Class com.android.build.gradle.internal.packaging.GradleKeystoreHelper                : loaded 2 times (x 73B)
Class com.android.build.gradle.internal.dsl.JavaCompileOptions                        : loaded 2 times (x 84B)
Class com.android.build.gradle.internal.dsl.OptimizationImpl                          : loaded 2 times (x 88B)
Class com.android.build.gradle.internal.dsl.decorator.annotation.NonNullableSetter    : loaded 2 times (x 72B)
Class com.android.build.api.dsl.DeviceGroup                                           : loaded 2 times (x 72B)
Class com.android.build.gradle.internal.dsl.BundleOptionsLanguage$AgpDecorated_Decorated: loaded 2 times (x 127B)
Class com.android.build.gradle.internal.dsl.BundleOptionsCountrySet$AgpDecorated_Decorated: loaded 2 times (x 132B)
Class com.android.build.gradle.internal.dsl.VcsInfoImpl$AgpDecorated                  : loaded 2 times (x 83B)
Class com.android.build.api.artifact.impl.SingleInitialProviderRequestImpl$on$1       : loaded 2 times (x 77B)
Class com.android.build.gradle.internal.dsl.CompileSdkSpecImpl$AgpDecorated_Decorated : loaded 2 times (x 142B)
Class com.android.build.gradle.internal.core.VariantSources                           : loaded 2 times (x 75B)
Class com.android.build.api.variant.ApkPackaging                                      : loaded 2 times (x 72B)
Class com.android.build.gradle.internal.component.features.RenderscriptCreationConfig : loaded 2 times (x 72B)
Class com.google.common.base.Splitter$Strategy                                        : loaded 2 times (x 72B)
Class org.jetbrains.kotlin.gradle.tasks.KotlinCompile$createCompilerArguments$1       : loaded 2 times (x 81B)
Class [Lorg.jetbrains.kotlin.gradle.plugin.KotlinCompilerArgumentsProducer$ArgumentType;: loaded 2 times (x 71B)
Class com.android.build.gradle.internal.ide.dependencies.LocalJarCacheImpl$cache$1    : loaded 2 times (x 76B)
Class com.android.build.gradle.internal.ide.dependencies.LibraryCacheImpl             : loaded 2 times (x 77B)
Class org.jetbrains.kotlin.gradle.dsl.KotlinJvmCompile$DefaultImpls                   : loaded 2 times (x 73B)
Class com.android.build.api.dsl.AndroidLibrarySourceSet                               : loaded 2 times (x 72B)
Class com.android.build.gradle.internal.scope.BootClasspathBuilder$computeAdditionalAndRequestedOptionalLibraries$6: loaded 2 times (x 79B)
Class com.android.sdklib.repository.targets.PlatformTarget$1                          : loaded 2 times (x 77B)
Class com.sun.xml.bind.v2.ClassFactory$1                                              : loaded 2 times (x 84B)
Class com.sun.xml.bind.v2.runtime.property.ArrayElementNodeProperty                   : loaded 2 times (x 107B)
Class com.sun.xml.bind.v2.model.annotation.XmlElementRefQuick                         : loaded 2 times (x 96B)
Class com.sun.xml.bind.v2.runtime.JaxBeanInfo                                         : loaded 2 times (x 91B)
Class com.android.repository.impl.meta.GenericFactory                                 : loaded 2 times (x 74B)
Class com.android.build.gradle.internal.SdkComponentsBuildService$VersionedSdkLoader$sdkSetupCorrectly$1: loaded 2 times (x 77B)
Class com.android.build.gradle.internal.scope.InternalArtifactType$JAVA_DOC_JAR       : loaded 2 times (x 76B)
Class com.android.build.gradle.internal.api.InstallableVariantImpl                    : loaded 2 times (x 243B)
Class com.android.build.gradle.internal.SdkHandler                                    : loaded 2 times (x 83B)
Class com.android.build.api.variant.impl.FlatSourceDirectoriesForJavaImpl$WhenMappings: loaded 2 times (x 73B)
Class com.android.build.api.variant.TestVariant                                       : loaded 2 times (x 72B)
Class com.android.build.gradle.internal.tasks.ExtractApksTask$CreationAction          : loaded 2 times (x 92B)
Class com.android.build.gradle.internal.scope.InternalArtifactType$BUNDLE_IDE_MODEL   : loaded 2 times (x 76B)
Class com.android.build.gradle.internal.scope.InternalArtifactType$COMBINED_ART_PROFILE: loaded 2 times (x 76B)
Class com.android.build.gradle.internal.tasks.ListingFileRedirectTask$CreationAction  : loaded 2 times (x 94B)
Class org.jetbrains.kotlin.gradle.plugin.mpp.compilationImpl.factory.KotlinCompilationImplFactory$create$1: loaded 2 times (x 77B)
Class com.android.build.gradle.tasks.CompatibleScreensManifest$CreationAction         : loaded 2 times (x 92B)
Class com.android.build.api.variant.ResValue                                          : loaded 2 times (x 74B)
Class com.android.build.api.variant.impl.SigningConfigImpl                            : loaded 2 times (x 83B)
Class com.android.build.api.variant.impl.ApplicationVariantImpl                       : loaded 2 times (x 642B)
Class com.android.build.api.attributes.AgpVersionAttr$Impl                            : loaded 2 times (x 90B)
Class android.databinding.tool.processing.ScopedException                             : loaded 2 times (x 88B)
Class com.android.build.gradle.internal.TaskManager$Companion$createCoreLibraryDesugaringConfig$1: loaded 2 times (x 76B)
Class com.android.build.gradle.internal.TaskManager$Companion                         : loaded 2 times (x 73B)
Class com.android.build.api.dsl.NdkBuild                                              : loaded 2 times (x 72B)
Class com.android.build.api.dsl.BundleAiModelVersion                                  : loaded 2 times (x 72B)
Class com.android.build.gradle.internal.dsl.decorator.SupportedPropertyType$Var$File  : loaded 2 times (x 76B)
Class com.android.build.api.dsl.TestBaseFlavor                                        : loaded 2 times (x 72B)
Class com.android.build.api.dsl.LibraryBuildType                                      : loaded 2 times (x 72B)
Class com.android.build.api.dsl.VariantDimension                                      : loaded 2 times (x 72B)
Class org.jetbrains.kotlin.gradle.tasks.KotlinJavaToolchain                           : loaded 2 times (x 72B)
Class org.jetbrains.kotlin.gradle.plugin.internal.CompatibilityConventionRegistrar    : loaded 2 times (x 72B)
Class org.jetbrains.kotlin.gradle.plugin.AndroidGradlePluginVersion                   : loaded 2 times (x 77B)
Class com.android.prefs.AndroidLocationsException                                     : loaded 2 times (x 84B)
Class com.google.protobuf.CodedInputStream                                            : loaded 2 times (x 121B)
Class com.google.wireless.android.sdk.stats.GradleBuildProfileSpan                    : loaded 2 times (x 217B)
Class com.google.protobuf.MessageLite                                                 : loaded 2 times (x 72B)
Class jdk.internal.jimage.decompressor.ResourceDecompressor$StringsProvider           : loaded 2 times (x 72B)
Class com.android.build.gradle.internal.UnitTestTaskManager                           : loaded 2 times (x 84B)
Class com.android.build.gradle.internal.TaskManager$createAnchorTasks$1               : loaded 2 times (x 77B)
Class com.android.build.gradle.internal.scope.InternalArtifactType$NAVIGATION_JSON    : loaded 2 times (x 76B)
Class com.android.build.gradle.tasks.ProcessManifestForBundleTask$CreationAction      : loaded 2 times (x 92B)
Class org.jetbrains.kotlin.compilerRunner.CompilerSystemPropertiesService$Companion   : loaded 2 times (x 73B)
Class org.jetbrains.kotlin.gradle.plugin.mpp.compilationImpl.factory.KotlinJvmCompilerOptionsFactory$create$compilerOptions$1: loaded 2 times (x 79B)
Class com.android.build.gradle.internal.scope.InternalArtifactType$FEATURE_SET_METADATA: loaded 2 times (x 76B)
Class com.android.build.gradle.internal.tasks.PerModuleReportDependenciesTask$CreationAction$Companion: loaded 2 times (x 73B)
Class com.android.build.gradle.internal.test.AbstractTestDataImpl                     : loaded 2 times (x 111B)
Class com.android.build.api.variant.impl.DirectoryEntries                             : loaded 2 times (x 74B)
Class com.android.build.gradle.internal.tasks.DeviceProviderInstrumentTestTask$CreationAction$Type: loaded 2 times (x 81B)
Class com.android.build.gradle.internal.dependency.AarToClassTransform                : loaded 2 times (x 80B)
Class com.android.build.gradle.internal.dependency.AsmClassesTransform                : loaded 2 times (x 81B)
Class com.android.build.gradle.internal.publishing.PublishingSpecs$OutputSpec         : loaded 2 times (x 72B)
Class com.android.build.gradle.internal.SdkComponentsBuildService$VersionedSdkLoader$annotationsJarProvider$1: loaded 2 times (x 77B)
Class com.android.sdklib.repository.generated.addon.v3.LibrariesType                  : loaded 2 times (x 77B)
Class com.sun.xml.bind.api.RawAccessor                                                : loaded 2 times (x 75B)
Class com.sun.xml.bind.v2.model.impl.ClassInfoImpl                                    : loaded 2 times (x 138B)
Class com.sun.xml.bind.v2.model.impl.RuntimeBuiltinLeafInfoImpl$StringImpl            : loaded 2 times (x 136B)
Class com.sun.xml.bind.v2.model.impl.PropertySeed                                     : loaded 2 times (x 72B)
Class com.android.build.gradle.internal.scope.InternalArtifactType$RENDERSCRIPT_SOURCE_OUTPUT_DIR: loaded 2 times (x 76B)
Class com.android.build.api.component.impl.features.ManifestPlaceholdersCreationConfigImpl: loaded 2 times (x 77B)
Class org.jetbrains.kotlin.gradle.plugin.KotlinCompilerArgumentsProducer$ContributeCompilerArgumentsContext: loaded 2 times (x 72B)
Class com.google.common.io.LineReader                                                 : loaded 2 times (x 74B)
Class com.sun.xml.bind.v2.runtime.reflect.Lister$IDREFS                               : loaded 2 times (x 79B)
Class com.google.wireless.android.sdk.stats.GradleTransformExecutionOrBuilder         : loaded 2 times (x 72B)
Class com.android.build.gradle.tasks.JavaCompileKt$recordAnnotationProcessors$1       : loaded 2 times (x 77B)
Class com.sun.xml.bind.v2.runtime.unmarshaller.LeafPropertyLoader                     : loaded 2 times (x 80B)
Class com.sun.xml.bind.v2.model.impl.RuntimeTypeRefImpl                               : loaded 2 times (x 98B)
Class com.sun.xml.bind.v2.model.core.ReferencePropertyInfo                            : loaded 2 times (x 72B)
Class com.sun.xml.bind.v2.model.annotation.XmlTypeQuick                               : loaded 2 times (x 97B)
Class com.android.build.gradle.internal.SdkComponentsBuildService$VersionedSdkLoader$aidlExecutableProvider$1: loaded 2 times (x 77B)
Class com.android.build.gradle.internal.dependency.CollectResourceSymbolsTransform$Inject_1: loaded 2 times (x 111B)
Class com.android.build.gradle.internal.scope.InternalArtifactType$MERGED_NATIVE_DEBUG_METADATA: loaded 2 times (x 76B)
Class com.android.build.gradle.internal.tasks.MergeGeneratedProguardFilesCreationAction$handleProvider$1: loaded 2 times (x 133B)
Class org.jetbrains.kotlin.gradle.plugin.KotlinCompilation$Companion                  : loaded 2 times (x 73B)
Class com.android.build.api.component.impl.features.DexingImpl                        : loaded 2 times (x 89B)
Class com.android.build.api.variant.impl.HasTestSuitesCreationConfig                  : loaded 2 times (x 72B)
Class com.android.build.gradle.internal.utils.PublishingUtils                         : loaded 2 times (x 73B)
Class com.android.build.gradle.internal.manifest.LazyManifestParser                   : loaded 2 times (x 78B)
Class com.android.build.gradle.internal.tasks.factory.TaskFactoryImpl                 : loaded 2 times (x 85B)
Class com.android.build.api.artifact.impl.ArtifactsImpl$3$1                           : loaded 2 times (x 82B)
Class com.android.build.gradle.internal.dsl.DependenciesInfoImpl$AgpDecorated_Decorated: loaded 2 times (x 132B)
Class com.android.build.gradle.internal.dsl.DependenciesInfoImpl$AgpDecorated         : loaded 2 times (x 86B)
Class com.android.build.gradle.internal.coverage.JacocoOptions_Decorated              : loaded 2 times (x 132B)
Class com.android.build.gradle.internal.api.artifact.SourceArtifactType$SHADERS       : loaded 2 times (x 76B)
Class com.android.builder.core.AbstractProductFlavor$Companion                        : loaded 2 times (x 73B)
Class com.android.build.api.dsl.VcsInfo                                               : loaded 2 times (x 72B)
Class com.android.build.gradle.internal.model.CoreCmakeOptions                        : loaded 2 times (x 72B)
Class com.android.build.gradle.internal.dsl.decorator.SupportedPropertyType$Collection: loaded 2 times (x 76B)
Class com.android.builder.core.ComponentType                                          : loaded 2 times (x 72B)
Class org.jetbrains.kotlin.gradle.dsl.ToolchainSupport$Companion                      : loaded 2 times (x 73B)
Class org.jetbrains.kotlin.gradle.plugin.KotlinSourceSet                              : loaded 2 times (x 72B)
Class com.google.protobuf.MapFieldReflectionAccessor                                  : loaded 2 times (x 76B)
Class com.google.wireless.android.sdk.stats.GradleBuildProject$Builder                : loaded 2 times (x 361B)
Class com.google.protobuf.AbstractMessageLite$Builder                                 : loaded 2 times (x 128B)
Class com.android.tools.analytics.AnalyticsStateManager                               : loaded 2 times (x 73B)
Class com.android.build.gradle.internal.errors.AndroidProblemsReporter                : loaded 2 times (x 72B)
Class com.android.build.gradle.internal.services.AndroidLocationsBuildService$RegistrationAction: loaded 2 times (x 76B)
Class com.android.build.api.variant.CanMinifyAndroidResources                         : loaded 2 times (x 72B)
Class com.android.build.gradle.TestedExtension                                        : loaded 2 times (x 217B)

---------------  S Y S T E M  ---------------

OS:
 Windows 11 , 64 bit Build 26100 (10.0.26100.8875)
OS uptime: 6 days 9:17 hours
Hyper-V role detected

CPU: total 32 (initial active 32) (16 cores per cpu, 2 threads per core) family 6 model 183 stepping 1 microcode 0x12b, cx8, cmov, fxsr, ht, mmx, 3dnowpref, sse, sse2, sse3, ssse3, sse4.1, sse4.2, popcnt, lzcnt, tsc, tscinvbit, avx, avx2, aes, erms, clmul, bmi1, bmi2, adx, sha, fma, vzeroupper, clflush, clflushopt, clwb, hv, serialize, rdtscp, rdpid, fsrm, gfni, f16c, cet_ibt, cet_ss
Processor Information for processor 0
  Max Mhz: 2200, Current Mhz: 1466, Mhz Limit: 2200
Processor Information for processor 1
  Max Mhz: 2200, Current Mhz: 2200, Mhz Limit: 2200
Processor Information for processor 2
  Max Mhz: 2200, Current Mhz: 1466, Mhz Limit: 2200
Processor Information for processor 3
  Max Mhz: 2200, Current Mhz: 2200, Mhz Limit: 2200
Processor Information for processor 4
  Max Mhz: 2200, Current Mhz: 2200, Mhz Limit: 2200
Processor Information for processor 5
  Max Mhz: 2200, Current Mhz: 1466, Mhz Limit: 2200
Processor Information for processor 6
  Max Mhz: 2200, Current Mhz: 2200, Mhz Limit: 2200
Processor Information for processor 7
  Max Mhz: 2200, Current Mhz: 2200, Mhz Limit: 2200
Processor Information for processor 8
  Max Mhz: 2200, Current Mhz: 1466, Mhz Limit: 2200
Processor Information for processor 9
  Max Mhz: 2200, Current Mhz: 2200, Mhz Limit: 2200
Processor Information for processor 10
  Max Mhz: 2200, Current Mhz: 1466, Mhz Limit: 2200
Processor Information for processor 11
  Max Mhz: 2200, Current Mhz: 2200, Mhz Limit: 2200
Processor Information for processor 12
  Max Mhz: 2200, Current Mhz: 2200, Mhz Limit: 2200
Processor Information for processor 13
  Max Mhz: 2200, Current Mhz: 2200, Mhz Limit: 2200
Processor Information for processor 14
  Max Mhz: 2200, Current Mhz: 1466, Mhz Limit: 2200
Processor Information for processor 15
  Max Mhz: 2200, Current Mhz: 2200, Mhz Limit: 2200
Processor Information for processor 16
  Max Mhz: 2200, Current Mhz: 1600, Mhz Limit: 1584
Processor Information for processor 17
  Max Mhz: 2200, Current Mhz: 1500, Mhz Limit: 1584
Processor Information for processor 18
  Max Mhz: 2200, Current Mhz: 1500, Mhz Limit: 1584
Processor Information for processor 19
  Max Mhz: 2200, Current Mhz: 1500, Mhz Limit: 1584
Processor Information for processor 20
  Max Mhz: 2200, Current Mhz: 1600, Mhz Limit: 1584
Processor Information for processor 21
  Max Mhz: 2200, Current Mhz: 1500, Mhz Limit: 1584
Processor Information for processor 22
  Max Mhz: 2200, Current Mhz: 1500, Mhz Limit: 1584
Processor Information for processor 23
  Max Mhz: 2200, Current Mhz: 1600, Mhz Limit: 1584
Processor Information for processor 24
  Max Mhz: 2200, Current Mhz: 1600, Mhz Limit: 1584
Processor Information for processor 25
  Max Mhz: 2200, Current Mhz: 1600, Mhz Limit: 1584
Processor Information for processor 26
  Max Mhz: 2200, Current Mhz: 1500, Mhz Limit: 1584
Processor Information for processor 27
  Max Mhz: 2200, Current Mhz: 1600, Mhz Limit: 1584
Processor Information for processor 28
  Max Mhz: 2200, Current Mhz: 1500, Mhz Limit: 1584
Processor Information for processor 29
  Max Mhz: 2200, Current Mhz: 1600, Mhz Limit: 1584
Processor Information for processor 30
  Max Mhz: 2200, Current Mhz: 1500, Mhz Limit: 1584
Processor Information for processor 31
  Max Mhz: 2200, Current Mhz: 1500, Mhz Limit: 1584

Memory: 4k page, system-wide physical 32383M (16796M free)
TotalPageFile size 65151M (AvailPageFile size 42741M)
current process WorkingSet (physical memory assigned to process): 1540M, peak: 1857M
current process commit charge ("private bytes"): 1990M, peak: 2015M

vm_info: OpenJDK 64-Bit Server VM (25.0.3+-15898627-b508.16) for windows-amd64 JRE (25.0.3+-15898627-b508.16), built on 2026-07-20T17:54:23Z with MS VC++ 16.10 / 16.11 (VS2019)

END.
